To localhost at 4/19/2024 8:36:51 AM:
REQUEST_TYPE=PfsGetItemInfo
DATABASE=PFSMYP4
USER_ID=
PASSWORD=****
SERIAL_NUM=22170068
RETURN_VALUES=COMP_ITEM_NUMBER

response at 4/19/2024 8:36:55 AM:
PfsGetItemInfo Error: Request data incomplete
Missing USER_ID




To localhost at 5/3/2024 1:15:05 PM:
REQUEST_TYPE=PfsLogin
WORK_CENTER=P00670
DATABASE=PFSMYP4
WORK_CENTER=P00670
USER_ID=situsa
PASSWORD=****
OPERATION_CODE=FCT
PRODUCTION_ORDER=MBUSTEST01

response at 5/3/2024 1:15:08 PM:
PfsLogin Failure: Invalid username/password




To localhost at 5/3/2024 1:15:36 PM:
REQUEST_TYPE=PfsLogin
WORK_CENTER=P00670
DATABASE=PFSMYP4
WORK_CENTER=P00670
USER_ID=situsa
PASSWORD=****
OPERATION_CODE=FCT
PRODUCTION_ORDER=MBUSTEST01

response at 5/3/2024 1:15:39 PM:
OK




To localhost at 5/3/2024 1:16:59 PM:
REQUEST_TYPE=PfsLogin
WORK_CENTER=P00670
DATABASE=PFSMYP4
WORK_CENTER=P00670
USER_ID=situsa
PASSWORD=****
OPERATION_CODE=FCT
PRODUCTION_ORDER=MBUSTEST01

response at 5/3/2024 1:17:01 PM:
OK




To localhost at 5/3/2024 1:17:06 PM:
REQUEST_TYPE=PfsGetItemInfo
DATABASE=PFSMYP4
USER_ID=situsa
PASSWORD=****
SERIAL_NUM=24180001
RETURN_VALUES=COMP_ITEM_NUMBER

response at 5/3/2024 1:17:08 PM:
OK
ROSSCMEMBUSPCBA-LFVAB




To localhost at 5/3/2024 1:18:22 PM:
REQUEST_TYPE=PfsQuery
WORK_CENTER=P00670
DATABASE=PFSMYP4
WORK_CENTER=P00670
USER_ID=situsa
PASSWORD=****
OPERATION_CODE=FCT
PRODUCTION_ORDER=MBUSTEST01
SERIAL_NUM=24180001

response at 5/3/2024 1:18:24 PM:
PfsQuery Failure: Operation FCT is not valid for ROSSCMEMBUSPCBA-LFVAB::24180001. The next valid operations are: SMT-TOP




To localhost at 5/3/2024 1:19:50 PM:
REQUEST_TYPE=PfsLogin
WORK_CENTER=P00670
DATABASE=PFSMYP4
WORK_CENTER=P00670
USER_ID=situsa
PASSWORD=****
OPERATION_CODE=FCT
PRODUCTION_ORDER=EIPTEST01

response at 5/3/2024 1:19:52 PM:
OK




To localhost at 5/3/2024 1:19:58 PM:
REQUEST_TYPE=PfsGetItemInfo
DATABASE=PFSMYP4
USER_ID=situsa
PASSWORD=****
SERIAL_NUM=24180006
RETURN_VALUES=COMP_ITEM_NUMBER

response at 5/3/2024 1:20:00 PM:
OK
ROSSCMEEIPPCBA-LFVAP




To localhost at 5/3/2024 1:31:32 PM:
REQUEST_TYPE=PfsLogin
WORK_CENTER=P00670
DATABASE=PFSMYP4
WORK_CENTER=P00670
USER_ID=situsa
PASSWORD=****
OPERATION_CODE=FCT
PRODUCTION_ORDER=EIPTEST01

response at 5/3/2024 1:31:34 PM:
OK




To localhost at 5/3/2024 1:31:37 PM:
REQUEST_TYPE=PfsGetItemInfo
DATABASE=PFSMYP4
USER_ID=situsa
PASSWORD=****
SERIAL_NUM=24180006
RETURN_VALUES=COMP_ITEM_NUMBER

response at 5/3/2024 1:31:39 PM:
OK
ROSSCMEEIPPCBA-LFVAP




To localhost at 5/3/2024 1:35:13 PM:
REQUEST_TYPE=PfsLogin
WORK_CENTER=P00670
DATABASE=PFSMYP4
WORK_CENTER=P00670
USER_ID=situsa
PASSWORD=****
OPERATION_CODE=FCT
PRODUCTION_ORDER=EIPTEST01

response at 5/3/2024 1:35:15 PM:
OK




To localhost at 5/3/2024 1:35:17 PM:
REQUEST_TYPE=PfsGetItemInfo
DATABASE=PFSMYP4
USER_ID=situsa
PASSWORD=****
SERIAL_NUM=24180006
RETURN_VALUES=COMP_ITEM_NUMBER

response at 5/3/2024 1:35:19 PM:
OK
ROSSCMEEIPPCBA-LFVAP




To localhost at 5/3/2024 1:36:50 PM:
REQUEST_TYPE=PfsLogin
WORK_CENTER=P00670
DATABASE=PFSMYP4
WORK_CENTER=P00670
USER_ID=situsa
PASSWORD=****
OPERATION_CODE=FCT
PRODUCTION_ORDER=EIPTEST01

response at 5/3/2024 1:36:52 PM:
OK




To localhost at 5/3/2024 1:36:54 PM:
REQUEST_TYPE=PfsGetItemInfo
DATABASE=PFSMYP4
USER_ID=situsa
PASSWORD=****
SERIAL_NUM=24180006
RETURN_VALUES=COMP_ITEM_NUMBER

response at 5/3/2024 1:36:57 PM:
OK
ROSSCMEEIPPCBA-LFVAP




To localhost at 5/6/2024 12:46:10 PM:
REQUEST_TYPE=PfsLogin
WORK_CENTER=P00670
DATABASE=PFSMYP4
WORK_CENTER=P00670
USER_ID=situsa
PASSWORD=****
OPERATION_CODE=FCT
PRODUCTION_ORDER=MBUSTEST01

response at 5/6/2024 12:46:13 PM:
OK




To localhost at 5/6/2024 12:46:13 PM:
REQUEST_TYPE=PfsGetItemInfo
DATABASE=PFSMYP4
USER_ID=situsa
PASSWORD=****
SERIAL_NUM=24180001
RETURN_VALUES=COMP_ITEM_NUMBER

response at 5/6/2024 12:46:15 PM:
OK
ROSSCMEMBUSPCBA-LFVAB




To localhost at 5/6/2024 12:46:16 PM:
REQUEST_TYPE=PfsQuery
WORK_CENTER=P00670
DATABASE=PFSMYP4
WORK_CENTER=P00670
USER_ID=situsa
PASSWORD=****
OPERATION_CODE=FCT
PRODUCTION_ORDER=MBUSTEST01
SERIAL_NUM=24180001

response at 5/6/2024 12:46:18 PM:
OK




To localhost at 5/6/2024 12:59:07 PM:
REQUEST_TYPE=PfsLogin
WORK_CENTER=P00670
DATABASE=PFSMYP4
WORK_CENTER=P00670
USER_ID=situsa
PASSWORD=****
OPERATION_CODE=FCT
PRODUCTION_ORDER=MBUSTEST01

response at 5/6/2024 12:59:10 PM:
OK




To localhost at 5/7/2024 10:56:01 AM:
REQUEST_TYPE=PfsLogin
WORK_CENTER=P00670
DATABASE=PFSMYP4
WORK_CENTER=P00670
USER_ID=islamm
PASSWORD=****
OPERATION_CODE=FCT
PRODUCTION_ORDER=MBUSTEST01

response at 5/7/2024 10:56:04 AM:
OK




To localhost at 5/7/2024 10:56:55 AM:
REQUEST_TYPE=PfsLogin
WORK_CENTER=P00670
DATABASE=PFSMYP4
WORK_CENTER=P00670
USER_ID=islamm
PASSWORD=****
OPERATION_CODE=FCT
PRODUCTION_ORDER=EIPTEST01

response at 5/7/2024 10:56:58 AM:
PfsLogin Failure: Invalid username/password




To localhost at 5/7/2024 10:57:03 AM:
REQUEST_TYPE=PfsLogin
WORK_CENTER=P00670
DATABASE=PFSMYP4
WORK_CENTER=P00670
USER_ID=islamm
PASSWORD=****
OPERATION_CODE=FCT
PRODUCTION_ORDER=EIPTEST01

response at 5/7/2024 10:57:05 AM:
OK




To localhost at 5/7/2024 10:57:06 AM:
REQUEST_TYPE=PfsGetItemInfo
DATABASE=PFSMYP4
USER_ID=islamm
PASSWORD=****
SERIAL_NUM=24180006
RETURN_VALUES=COMP_ITEM_NUMBER

response at 5/7/2024 10:57:08 AM:
OK
ROSSCMEEIPPCBA-LFVAP




To localhost at 5/15/2024 11:54:13 AM:
REQUEST_TYPE=PfsLogin
WORK_CENTER=P00670
DATABASE=PFSMYP4
WORK_CENTER=P00670
USER_ID=bangun
PASSWORD=****
OPERATION_CODE=FCT
PRODUCTION_ORDER=PML900125

response at 5/15/2024 11:54:16 AM:
PfsLogin Failure: Invalid username/password




To localhost at 5/15/2024 11:54:47 AM:
REQUEST_TYPE=PfsLogin
WORK_CENTER=P00670
DATABASE=PFSMYP4
WORK_CENTER=P00670
USER_ID=bangun
PASSWORD=****
OPERATION_CODE=FCT
PRODUCTION_ORDER=PML900125

response at 5/15/2024 11:54:49 AM:
OK




To localhost at 5/15/2024 11:54:50 AM:
REQUEST_TYPE=PfsGetItemInfo
DATABASE=PFSMYP4
USER_ID=bangun
PASSWORD=****
SERIAL_NUM=24200004
RETURN_VALUES=COMP_ITEM_NUMBER

response at 5/15/2024 11:54:51 AM:
OK
ROSSCMEMBUSPCBA-LFVAC




To localhost at 5/15/2024 11:55:31 AM:
REQUEST_TYPE=PfsLogin
WORK_CENTER=P00670
DATABASE=PFSMYP4
WORK_CENTER=P00670
USER_ID=bangun
PASSWORD=****
OPERATION_CODE=FCT
PRODUCTION_ORDER=PML900125

response at 5/15/2024 11:55:33 AM:
OK




To localhost at 5/15/2024 11:55:33 AM:
REQUEST_TYPE=PfsGetItemInfo
DATABASE=PFSMYP4
USER_ID=bangun
PASSWORD=****
SERIAL_NUM=24200004
RETURN_VALUES=COMP_ITEM_NUMBER

response at 5/15/2024 11:55:35 AM:
OK
ROSSCMEMBUSPCBA-LFVAC




To localhost at 5/15/2024 4:11:34 PM:
REQUEST_TYPE=PfsLogin
WORK_CENTER=P00670
DATABASE=PFSMYP4
WORK_CENTER=P00670
USER_ID=bangun
PASSWORD=****
OPERATION_CODE=FCT
PRODUCTION_ORDER=PML900125

response at 5/15/2024 4:11:36 PM:
PfsLogin Failure: Invalid username/password




To localhost at 5/15/2024 4:11:47 PM:
REQUEST_TYPE=PfsLogin
WORK_CENTER=P00670
DATABASE=PFSMYP4
WORK_CENTER=P00670
USER_ID=bangun
PASSWORD=****
OPERATION_CODE=FCT
PRODUCTION_ORDER=PML900125

response at 5/15/2024 4:11:49 PM:
PfsLogin Failure: Invalid username/password




To localhost at 5/15/2024 4:12:20 PM:
REQUEST_TYPE=PfsLogin
WORK_CENTER=P00670
DATABASE=PFSMYP4
WORK_CENTER=P00670
USER_ID=bangun
PASSWORD=****
OPERATION_CODE=FCT
PRODUCTION_ORDER=PML900125

response at 5/15/2024 4:12:22 PM:
OK




To localhost at 5/15/2024 4:12:22 PM:
REQUEST_TYPE=PfsGetItemInfo
DATABASE=PFSMYP4
USER_ID=bangun
PASSWORD=****
SERIAL_NUM=24200007
RETURN_VALUES=COMP_ITEM_NUMBER

response at 5/15/2024 4:12:24 PM:
OK
ROSSCMEMBUSPCBA-LFVAC




To localhost at 5/15/2024 4:14:46 PM:
REQUEST_TYPE=PfsLogin
WORK_CENTER=P00670
DATABASE=PFSMYP4
WORK_CENTER=P00670
USER_ID=islamm
PASSWORD=****
OPERATION_CODE=FCT
PRODUCTION_ORDER=PML900125

response at 5/15/2024 4:14:48 PM:
OK




To localhost at 5/15/2024 4:15:02 PM:
REQUEST_TYPE=PfsGetItemInfo
DATABASE=PFSMYP4
USER_ID=islamm
PASSWORD=****
SERIAL_NUM=24200007
RETURN_VALUES=COMP_ITEM_NUMBER

response at 5/15/2024 4:15:04 PM:
OK
ROSSCMEMBUSPCBA-LFVAC




To localhost at 5/15/2024 4:15:31 PM:
REQUEST_TYPE=PfsLogin
WORK_CENTER=P00670
DATABASE=PFSMYP4
WORK_CENTER=P00670
USER_ID=islamm
PASSWORD=****
OPERATION_CODE=FCT
PRODUCTION_ORDER=PML900125

response at 5/15/2024 4:15:33 PM:
OK




To localhost at 5/15/2024 4:15:34 PM:
REQUEST_TYPE=PfsGetItemInfo
DATABASE=PFSMYP4
USER_ID=islamm
PASSWORD=****
SERIAL_NUM=24200007
RETURN_VALUES=COMP_ITEM_NUMBER

response at 5/15/2024 4:15:36 PM:
OK
ROSSCMEMBUSPCBA-LFVAC




To localhost at 5/15/2024 4:17:00 PM:
REQUEST_TYPE=PfsLogin
WORK_CENTER=P00670
DATABASE=PFSMYP4
WORK_CENTER=P00670
USER_ID=islamm
PASSWORD=****
OPERATION_CODE=FCT
PRODUCTION_ORDER=PML900125

response at 5/15/2024 4:17:02 PM:
OK




To localhost at 5/15/2024 4:17:02 PM:
REQUEST_TYPE=PfsGetItemInfo
DATABASE=PFSMYP4
USER_ID=islamm
PASSWORD=****
SERIAL_NUM=24200007
RETURN_VALUES=COMP_ITEM_NUMBER

response at 5/15/2024 4:17:04 PM:
OK
ROSSCMEMBUSPCBA-LFVAC




To localhost at 5/15/2024 4:25:39 PM:
REQUEST_TYPE=PfsLogin
WORK_CENTER=P00670
DATABASE=PFSMYP4
WORK_CENTER=P00670
USER_ID=islamm
PASSWORD=****
OPERATION_CODE=FCT
PRODUCTION_ORDER=PML900125

response at 5/15/2024 4:25:42 PM:
OK




To localhost at 5/15/2024 4:25:42 PM:
REQUEST_TYPE=PfsGetItemInfo
DATABASE=PFSMYP4
USER_ID=islamm
PASSWORD=****
SERIAL_NUM=24200007
RETURN_VALUES=COMP_ITEM_NUMBER

response at 5/15/2024 4:25:44 PM:
OK
ROSSCMEMBUSPCBA-LFVAC




To localhost at 5/15/2024 4:30:37 PM:
REQUEST_TYPE=PfsLogin
WORK_CENTER=P00670
DATABASE=PFSMYP4
WORK_CENTER=P00670
USER_ID=islamm
PASSWORD=****
OPERATION_CODE=FCT
PRODUCTION_ORDER=PML900125

response at 5/15/2024 4:30:39 PM:
OK




To localhost at 5/15/2024 4:30:39 PM:
REQUEST_TYPE=PfsGetItemInfo
DATABASE=PFSMYP4
USER_ID=islamm
PASSWORD=****
SERIAL_NUM=24200007
RETURN_VALUES=COMP_ITEM_NUMBER

response at 5/15/2024 4:30:41 PM:
OK
ROSSCMEMBUSPCBA-LFVAC




To localhost at 5/15/2024 4:30:41 PM:
REQUEST_TYPE=PfsQuery
WORK_CENTER=P00670
DATABASE=PFSMYP4
WORK_CENTER=P00670
USER_ID=islamm
PASSWORD=****
OPERATION_CODE=FCT
PRODUCTION_ORDER=PML900125
SERIAL_NUM=24200007

response at 5/15/2024 4:30:43 PM:
OK




To localhost at 5/15/2024 4:37:53 PM:
REQUEST_TYPE=PfsLogin
WORK_CENTER=P00670
DATABASE=PFSMYP4
WORK_CENTER=P00670
USER_ID=bangun
PASSWORD=****
OPERATION_CODE=FCT
PRODUCTION_ORDER=PML900125

response at 5/15/2024 4:37:55 PM:
OK




To localhost at 5/15/2024 4:37:56 PM:
REQUEST_TYPE=PfsGetItemInfo
DATABASE=PFSMYP4
USER_ID=bangun
PASSWORD=****
SERIAL_NUM=24200007
RETURN_VALUES=COMP_ITEM_NUMBER

response at 5/15/2024 4:37:58 PM:
OK
ROSSCMEMBUSPCBA-LFVAC




To localhost at 5/15/2024 4:37:58 PM:
REQUEST_TYPE=PfsQuery
WORK_CENTER=P00670
DATABASE=PFSMYP4
WORK_CENTER=P00670
USER_ID=bangun
PASSWORD=****
OPERATION_CODE=FCT
PRODUCTION_ORDER=PML900125
SERIAL_NUM=24200007

response at 5/15/2024 4:38:00 PM:
OK




To localhost at 5/15/2024 4:51:29 PM:
REQUEST_TYPE=PfsLogin
WORK_CENTER=P00670
DATABASE=PFSMYP4
WORK_CENTER=P00670
USER_ID=bangun
PASSWORD=****
OPERATION_CODE=FCT
PRODUCTION_ORDER=PML900125

response at 5/15/2024 4:51:32 PM:
OK




To localhost at 5/15/2024 4:51:33 PM:
REQUEST_TYPE=PfsSendResults
WORK_CENTER=P00670
DATABASE=PFSMYP4
WORK_CENTER=P00670
USER_ID=bangun
PASSWORD=****
OPERATION_CODE=FCT
PRODUCTION_ORDER=PML900125
SERIAL_NUM=24200007
PASS_FAIL=P

response at 5/15/2024 4:51:35 PM:
OK




To localhost at 5/15/2024 4:52:06 PM:
REQUEST_TYPE=PfsGetItemInfo
DATABASE=PFSMYP4
USER_ID=bangun
PASSWORD=****
SERIAL_NUM=24200006
RETURN_VALUES=COMP_ITEM_NUMBER

response at 5/15/2024 4:52:09 PM:
OK
ROSSCMEMBUSPCBA-LFVAC




To localhost at 5/15/2024 4:52:09 PM:
REQUEST_TYPE=PfsQuery
WORK_CENTER=P00670
DATABASE=PFSMYP4
WORK_CENTER=P00670
USER_ID=bangun
PASSWORD=****
OPERATION_CODE=FCT
PRODUCTION_ORDER=PML900125
SERIAL_NUM=24200006

response at 5/15/2024 4:52:11 PM:
OK




To localhost at 5/15/2024 5:06:00 PM:
REQUEST_TYPE=PfsLogin
WORK_CENTER=P00670
DATABASE=PFSMYP4
WORK_CENTER=P00670
USER_ID=bangun
PASSWORD=****
OPERATION_CODE=FCT
PRODUCTION_ORDER=PML900125

response at 5/15/2024 5:06:03 PM:
OK




To localhost at 5/15/2024 5:06:03 PM:
REQUEST_TYPE=PfsSendResults
WORK_CENTER=P00670
DATABASE=PFSMYP4
WORK_CENTER=P00670
USER_ID=bangun
PASSWORD=****
OPERATION_CODE=FCT
PRODUCTION_ORDER=PML900125
SERIAL_NUM=24200006
PASS_FAIL=P

response at 5/15/2024 5:06:05 PM:
OK




To localhost at 5/15/2024 5:07:22 PM:
REQUEST_TYPE=PfsGetItemInfo
DATABASE=PFSMYP4
USER_ID=bangun
PASSWORD=****
SERIAL_NUM=24200008
RETURN_VALUES=COMP_ITEM_NUMBER

response at 5/15/2024 5:07:24 PM:
OK
ROSSCMEMBUSPCBA-LFVAC




To localhost at 5/15/2024 5:07:24 PM:
REQUEST_TYPE=PfsQuery
WORK_CENTER=P00670
DATABASE=PFSMYP4
WORK_CENTER=P00670
USER_ID=bangun
PASSWORD=****
OPERATION_CODE=FCT
PRODUCTION_ORDER=PML900125
SERIAL_NUM=24200008

response at 5/15/2024 5:07:26 PM:
OK




To localhost at 5/15/2024 5:24:13 PM:
REQUEST_TYPE=PfsLogin
WORK_CENTER=P00670
DATABASE=PFSMYP4
WORK_CENTER=P00670
USER_ID=bangun
PASSWORD=****
OPERATION_CODE=FCT
PRODUCTION_ORDER=PML900125

response at 5/15/2024 5:24:16 PM:
OK




To localhost at 5/15/2024 5:24:16 PM:
REQUEST_TYPE=PfsSendResults
WORK_CENTER=P00670
DATABASE=PFSMYP4
WORK_CENTER=P00670
USER_ID=bangun
PASSWORD=****
OPERATION_CODE=FCT
PRODUCTION_ORDER=PML900125
SERIAL_NUM=24200008
PASS_FAIL=P

response at 5/15/2024 5:24:19 PM:
OK




To localhost at 5/15/2024 5:24:48 PM:
REQUEST_TYPE=PfsGetItemInfo
DATABASE=PFSMYP4
USER_ID=bangun
PASSWORD=****
SERIAL_NUM=24200009
RETURN_VALUES=COMP_ITEM_NUMBER

response at 5/15/2024 5:24:50 PM:
OK
ROSSCMEMBUSPCBA-LFVAC




To localhost at 5/15/2024 5:24:50 PM:
REQUEST_TYPE=PfsQuery
WORK_CENTER=P00670
DATABASE=PFSMYP4
WORK_CENTER=P00670
USER_ID=bangun
PASSWORD=****
OPERATION_CODE=FCT
PRODUCTION_ORDER=PML900125
SERIAL_NUM=24200009

response at 5/15/2024 5:24:52 PM:
OK




To localhost at 5/15/2024 5:38:45 PM:
REQUEST_TYPE=PfsLogin
WORK_CENTER=P00670
DATABASE=PFSMYP4
WORK_CENTER=P00670
USER_ID=bangun
PASSWORD=****
OPERATION_CODE=FCT
PRODUCTION_ORDER=PML900125

response at 5/15/2024 5:38:48 PM:
OK




To localhost at 5/15/2024 5:38:48 PM:
REQUEST_TYPE=PfsSendResults
WORK_CENTER=P00670
DATABASE=PFSMYP4
WORK_CENTER=P00670
USER_ID=bangun
PASSWORD=****
OPERATION_CODE=FCT
PRODUCTION_ORDER=PML900125
SERIAL_NUM=24200009
PASS_FAIL=P

response at 5/15/2024 5:38:50 PM:
OK




To localhost at 5/15/2024 5:39:11 PM:
REQUEST_TYPE=PfsGetItemInfo
DATABASE=PFSMYP4
USER_ID=bangun
PASSWORD=****
SERIAL_NUM=24200010
RETURN_VALUES=COMP_ITEM_NUMBER

response at 5/15/2024 5:39:13 PM:
OK
ROSSCMEMBUSPCBA-LFVAC




To localhost at 5/15/2024 5:39:14 PM:
REQUEST_TYPE=PfsQuery
WORK_CENTER=P00670
DATABASE=PFSMYP4
WORK_CENTER=P00670
USER_ID=bangun
PASSWORD=****
OPERATION_CODE=FCT
PRODUCTION_ORDER=PML900125
SERIAL_NUM=24200010

response at 5/15/2024 5:39:16 PM:
OK




To localhost at 5/15/2024 5:52:51 PM:
REQUEST_TYPE=PfsLogin
WORK_CENTER=P00670
DATABASE=PFSMYP4
WORK_CENTER=P00670
USER_ID=bangun
PASSWORD=****
OPERATION_CODE=FCT
PRODUCTION_ORDER=PML900125

response at 5/15/2024 5:52:53 PM:
OK




To localhost at 5/15/2024 5:52:54 PM:
REQUEST_TYPE=PfsSendResults
WORK_CENTER=P00670
DATABASE=PFSMYP4
WORK_CENTER=P00670
USER_ID=bangun
PASSWORD=****
OPERATION_CODE=FCT
PRODUCTION_ORDER=PML900125
SERIAL_NUM=24200010
PASS_FAIL=P

response at 5/15/2024 5:52:56 PM:
OK




To localhost at 5/17/2024 8:27:46 AM:
REQUEST_TYPE=PfsLogin
WORK_CENTER=P00670
DATABASE=PFSMYP4
WORK_CENTER=P00670
USER_ID=bangun
PASSWORD=****
OPERATION_CODE=FCT
PRODUCTION_ORDER=pml910125

response at 5/17/2024 8:27:48 AM:
PfsLogin Failure: Production order 'PML910125' was not found.




To localhost at 5/17/2024 8:28:03 AM:
REQUEST_TYPE=PfsLogin
WORK_CENTER=P00670
DATABASE=PFSMYP4
WORK_CENTER=P00670
USER_ID=bangun
PASSWORD=****
OPERATION_CODE=FCT
PRODUCTION_ORDER=pml910125

response at 5/17/2024 8:28:05 AM:
PfsLogin Failure: Production order 'PML910125' was not found.




To localhost at 5/17/2024 8:28:38 AM:
REQUEST_TYPE=PfsLogin
WORK_CENTER=P00670
DATABASE=PFSMYP4
WORK_CENTER=P00670
USER_ID=bangun
PASSWORD=****
OPERATION_CODE=FCT
PRODUCTION_ORDER=pmlg10125

response at 5/17/2024 8:28:41 AM:
PfsLogin Failure: Production order 'PMLG10125' was not found.




To localhost at 5/17/2024 8:29:42 AM:
REQUEST_TYPE=PfsLogin
WORK_CENTER=P00670
DATABASE=PFSMYP4
WORK_CENTER=P00670
USER_ID=bangun
PASSWORD=****
OPERATION_CODE=FCT
PRODUCTION_ORDER=PML900125

response at 5/17/2024 8:29:44 AM:
OK




To localhost at 5/17/2024 8:29:45 AM:
REQUEST_TYPE=PfsGetItemInfo
DATABASE=PFSMYP4
USER_ID=bangun
PASSWORD=****
SERIAL_NUM=24200004
RETURN_VALUES=COMP_ITEM_NUMBER

response at 5/17/2024 8:29:47 AM:
OK
ROSSCMEMBUSPCBA-LFVAC




To localhost at 5/17/2024 8:29:47 AM:
REQUEST_TYPE=PfsQuery
WORK_CENTER=P00670
DATABASE=PFSMYP4
WORK_CENTER=P00670
USER_ID=bangun
PASSWORD=****
OPERATION_CODE=FCT
PRODUCTION_ORDER=PML900125
SERIAL_NUM=24200004

response at 5/17/2024 8:29:49 AM:
OK




To localhost at 5/17/2024 9:00:45 AM:
REQUEST_TYPE=PfsLogin
WORK_CENTER=P00670
DATABASE=PFSMYP4
WORK_CENTER=P00670
USER_ID=bangun
PASSWORD=****
OPERATION_CODE=FCT
PRODUCTION_ORDER=PML900125

response at 5/17/2024 9:00:47 AM:
OK




To localhost at 5/17/2024 9:00:50 AM:
REQUEST_TYPE=PfsSendResults
WORK_CENTER=P00670
DATABASE=PFSMYP4
WORK_CENTER=P00670
USER_ID=bangun
PASSWORD=****
OPERATION_CODE=FCT
PRODUCTION_ORDER=PML900125
SERIAL_NUM=24200004
PASS_FAIL=P

response at 5/17/2024 9:00:52 AM:
OK




To localhost at 5/17/2024 9:02:10 AM:
REQUEST_TYPE=PfsGetItemInfo
DATABASE=PFSMYP4
USER_ID=bangun
PASSWORD=****
SERIAL_NUM=24200003
RETURN_VALUES=COMP_ITEM_NUMBER

response at 5/17/2024 9:02:12 AM:
OK
ROSSCMEMBUSPCBA-LFVAC




To localhost at 5/17/2024 9:02:13 AM:
REQUEST_TYPE=PfsQuery
WORK_CENTER=P00670
DATABASE=PFSMYP4
WORK_CENTER=P00670
USER_ID=bangun
PASSWORD=****
OPERATION_CODE=FCT
PRODUCTION_ORDER=PML900125
SERIAL_NUM=24200003

response at 5/17/2024 9:02:15 AM:
OK




To localhost at 5/17/2024 9:27:19 AM:
REQUEST_TYPE=PfsLogin
WORK_CENTER=P00670
DATABASE=PFSMYP4
WORK_CENTER=P00670
USER_ID=bangun
PASSWORD=****
OPERATION_CODE=FCT
PRODUCTION_ORDER=PML900125

response at 5/17/2024 9:27:22 AM:
OK




To localhost at 5/17/2024 9:27:23 AM:
REQUEST_TYPE=PfsSendResults
WORK_CENTER=P00670
DATABASE=PFSMYP4
WORK_CENTER=P00670
USER_ID=bangun
PASSWORD=****
OPERATION_CODE=FCT
PRODUCTION_ORDER=PML900125
SERIAL_NUM=24200003
PASS_FAIL=P

response at 5/17/2024 9:27:25 AM:
OK




To localhost at 5/17/2024 9:29:14 AM:
REQUEST_TYPE=PfsGetItemInfo
DATABASE=PFSMYP4
USER_ID=bangun
PASSWORD=****
SERIAL_NUM=24200002
RETURN_VALUES=COMP_ITEM_NUMBER

response at 5/17/2024 9:29:16 AM:
OK
ROSSCMEMBUSPCBA-LFVAC




To localhost at 5/17/2024 9:29:17 AM:
REQUEST_TYPE=PfsQuery
WORK_CENTER=P00670
DATABASE=PFSMYP4
WORK_CENTER=P00670
USER_ID=bangun
PASSWORD=****
OPERATION_CODE=FCT
PRODUCTION_ORDER=PML900125
SERIAL_NUM=24200002

response at 5/17/2024 9:29:19 AM:
OK




To localhost at 5/17/2024 9:53:21 AM:
REQUEST_TYPE=PfsLogin
WORK_CENTER=P00670
DATABASE=PFSMYP4
WORK_CENTER=P00670
USER_ID=bangun
PASSWORD=****
OPERATION_CODE=FCT
PRODUCTION_ORDER=PML900125

response at 5/17/2024 9:53:23 AM:
OK




To localhost at 5/17/2024 9:53:24 AM:
REQUEST_TYPE=PfsSendResults
WORK_CENTER=P00670
DATABASE=PFSMYP4
WORK_CENTER=P00670
USER_ID=bangun
PASSWORD=****
OPERATION_CODE=FCT
PRODUCTION_ORDER=PML900125
SERIAL_NUM=24200002
PASS_FAIL=P

response at 5/17/2024 9:53:26 AM:
OK




To localhost at 5/17/2024 9:53:44 AM:
REQUEST_TYPE=PfsGetItemInfo
DATABASE=PFSMYP4
USER_ID=bangun
PASSWORD=****
SERIAL_NUM=24200005
RETURN_VALUES=COMP_ITEM_NUMBER

response at 5/17/2024 9:53:46 AM:
OK
ROSSCMEMBUSPCBA-LFVAC




To localhost at 5/17/2024 9:53:47 AM:
REQUEST_TYPE=PfsQuery
WORK_CENTER=P00670
DATABASE=PFSMYP4
WORK_CENTER=P00670
USER_ID=bangun
PASSWORD=****
OPERATION_CODE=FCT
PRODUCTION_ORDER=PML900125
SERIAL_NUM=24200005

response at 5/17/2024 9:53:49 AM:
OK




To localhost at 5/17/2024 10:15:56 AM:
REQUEST_TYPE=PfsLogin
WORK_CENTER=P00670
DATABASE=PFSMYP4
WORK_CENTER=P00670
USER_ID=bangun
PASSWORD=****
OPERATION_CODE=FCT
PRODUCTION_ORDER=PML900125

response at 5/17/2024 10:15:58 AM:
OK




To localhost at 5/17/2024 10:15:59 AM:
REQUEST_TYPE=PfsSendResults
WORK_CENTER=P00670
DATABASE=PFSMYP4
WORK_CENTER=P00670
USER_ID=bangun
PASSWORD=****
OPERATION_CODE=FCT
PRODUCTION_ORDER=PML900125
SERIAL_NUM=24200005
PASS_FAIL=P

response at 5/17/2024 10:16:01 AM:
OK




To localhost at 5/17/2024 10:16:22 AM:
REQUEST_TYPE=PfsGetItemInfo
DATABASE=PFSMYP4
USER_ID=bangun
PASSWORD=****
SERIAL_NUM=24200001
RETURN_VALUES=COMP_ITEM_NUMBER

response at 5/17/2024 10:16:24 AM:
OK
ROSSCMEMBUSPCBA-LFVAC




To localhost at 5/17/2024 10:16:24 AM:
REQUEST_TYPE=PfsQuery
WORK_CENTER=P00670
DATABASE=PFSMYP4
WORK_CENTER=P00670
USER_ID=bangun
PASSWORD=****
OPERATION_CODE=FCT
PRODUCTION_ORDER=PML900125
SERIAL_NUM=24200001

response at 5/17/2024 10:16:26 AM:
OK




To localhost at 5/17/2024 10:41:42 AM:
REQUEST_TYPE=PfsLogin
WORK_CENTER=P00670
DATABASE=PFSMYP4
WORK_CENTER=P00670
USER_ID=bangun
PASSWORD=****
OPERATION_CODE=FCT
PRODUCTION_ORDER=PML900125

response at 5/17/2024 10:41:43 AM:
TestLink Error: Unable to open socket to TestLink server




To localhost at 5/17/2024 10:41:57 AM:
REQUEST_TYPE=PfsLogin
WORK_CENTER=P00670
DATABASE=PFSMYP4
WORK_CENTER=P00670
USER_ID=bangun
PASSWORD=****
OPERATION_CODE=FCT
PRODUCTION_ORDER=PML900125

response at 5/17/2024 10:41:58 AM:
TestLink Error: Unable to open socket to TestLink server




To localhost at 5/17/2024 10:42:19 AM:
REQUEST_TYPE=PfsLogin
WORK_CENTER=P00670
DATABASE=PFSMYP4
WORK_CENTER=P00670
USER_ID=bangun
PASSWORD=****
OPERATION_CODE=FCT
PRODUCTION_ORDER=PML900125

response at 5/17/2024 10:42:20 AM:
TestLink Error: Unable to open socket to TestLink server




To localhost at 5/17/2024 11:54:17 AM:
REQUEST_TYPE=PfsLogin
WORK_CENTER=P00670
DATABASE=PFSMYP4
WORK_CENTER=P00670
USER_ID=bangun
PASSWORD=****
OPERATION_CODE=FCT
PRODUCTION_ORDER=pml900125

response at 5/17/2024 11:54:19 AM:
TestLink Error: Unable to open socket to TestLink server




To localhost at 5/17/2024 11:54:56 AM:
REQUEST_TYPE=PfsLogin
WORK_CENTER=P00670
DATABASE=PFSMYP4
WORK_CENTER=P00670
USER_ID=bangun
PASSWORD=****
OPERATION_CODE=FCT
PRODUCTION_ORDER=pml900125

response at 5/17/2024 11:54:57 AM:
TestLink Error: Unable to open socket to TestLink server




To localhost at 5/17/2024 11:55:07 AM:
REQUEST_TYPE=PfsLogin
WORK_CENTER=P00670
DATABASE=PFSMYP4
WORK_CENTER=P00670
USER_ID=bangun
PASSWORD=****
OPERATION_CODE=FCT
PRODUCTION_ORDER=pml900125

response at 5/17/2024 11:55:09 AM:
TestLink Error: Unable to open socket to TestLink server




To localhost at 5/17/2024 11:55:28 AM:
REQUEST_TYPE=PfsLogin
WORK_CENTER=P00670
DATABASE=PFSMYP4
WORK_CENTER=P00670
USER_ID=bangun
PASSWORD=****
OPERATION_CODE=FCT
PRODUCTION_ORDER=pml900125

response at 5/17/2024 11:55:29 AM:
TestLink Error: Unable to open socket to TestLink server




To localhost at 5/17/2024 11:56:25 AM:
REQUEST_TYPE=PfsLogin
WORK_CENTER=P00670
DATABASE=PFSMYP4
WORK_CENTER=P00670
USER_ID=bangun
PASSWORD=****
OPERATION_CODE=FCT
PRODUCTION_ORDER=PML900125

response at 5/17/2024 11:56:26 AM:
TestLink Error: Unable to open socket to TestLink server




To localhost at 5/17/2024 11:57:29 AM:
REQUEST_TYPE=PfsLogin
WORK_CENTER=P00670
DATABASE=PFSMYP4
WORK_CENTER=P00670
USER_ID=bangun
PASSWORD=****
OPERATION_CODE=FCT
PRODUCTION_ORDER=PML900125

response at 5/17/2024 11:57:32 AM:
OK




To localhost at 5/17/2024 11:57:32 AM:
REQUEST_TYPE=PfsGetItemInfo
DATABASE=PFSMYP4
USER_ID=bangun
PASSWORD=****
SERIAL_NUM=24200001
RETURN_VALUES=COMP_ITEM_NUMBER

response at 5/17/2024 11:57:34 AM:
OK
ROSSCMEMBUSPCBA-LFVAC




To localhost at 5/17/2024 11:57:34 AM:
REQUEST_TYPE=PfsQuery
WORK_CENTER=P00670
DATABASE=PFSMYP4
WORK_CENTER=P00670
USER_ID=bangun
PASSWORD=****
OPERATION_CODE=FCT
PRODUCTION_ORDER=PML900125
SERIAL_NUM=24200001

response at 5/17/2024 11:57:36 AM:
OK




To localhost at 5/17/2024 12:14:28 PM:
REQUEST_TYPE=PfsLogin
WORK_CENTER=P00670
DATABASE=PFSMYP4
WORK_CENTER=P00670
USER_ID=bangun
PASSWORD=****
OPERATION_CODE=FCT
PRODUCTION_ORDER=PML900125

response at 5/17/2024 12:14:32 PM:
PfsLogin Failure: Invalid username/password




To localhost at 5/17/2024 12:14:41 PM:
REQUEST_TYPE=PfsLogin
WORK_CENTER=P00670
DATABASE=PFSMYP4
WORK_CENTER=P00670
USER_ID=bangun
PASSWORD=****
OPERATION_CODE=FCT
PRODUCTION_ORDER=PML900125

response at 5/17/2024 12:14:43 PM:
PfsLogin Failure: Invalid username/password




To localhost at 5/17/2024 12:15:10 PM:
REQUEST_TYPE=PfsLogin
WORK_CENTER=P00670
DATABASE=PFSMYP4
WORK_CENTER=P00670
USER_ID=bangun
PASSWORD=****
OPERATION_CODE=
PRODUCTION_ORDER=PML900125

response at 5/17/2024 12:15:13 PM:
PfsLogin Failure: Invalid username/password




To localhost at 5/17/2024 12:15:34 PM:
REQUEST_TYPE=PfsLogin
WORK_CENTER=P00670
DATABASE=PFSMYP4
WORK_CENTER=P00670
USER_ID=bangun
PASSWORD=****
OPERATION_CODE=
PRODUCTION_ORDER=PML900125

response at 5/17/2024 12:15:36 PM:
PfsLogin Failure: Invalid username/password




To localhost at 5/17/2024 12:15:46 PM:
REQUEST_TYPE=PfsLogin
WORK_CENTER=P00670
DATABASE=PFSMYP4
WORK_CENTER=P00670
USER_ID=bangun
PASSWORD=****
OPERATION_CODE=FCT
PRODUCTION_ORDER=PML900125

response at 5/17/2024 12:15:48 PM:
PfsLogin Failure: Invalid username/password




To localhost at 5/17/2024 12:16:40 PM:
REQUEST_TYPE=PfsLogin
WORK_CENTER=P00670
DATABASE=PFSMYP4
WORK_CENTER=P00670
USER_ID=bangun
PASSWORD=****
OPERATION_CODE=
PRODUCTION_ORDER=PML900125

response at 5/17/2024 12:16:42 PM:
OK




To localhost at 5/17/2024 12:16:42 PM:
REQUEST_TYPE=PfsGetItemInfo
DATABASE=PFSMYP4
USER_ID=bangun
PASSWORD=****
SERIAL_NUM=24200001
RETURN_VALUES=COMP_ITEM_NUMBER

response at 5/17/2024 12:16:44 PM:
OK
ROSSCMEMBUSPCBA-LFVAC




To localhost at 5/17/2024 12:16:44 PM:
REQUEST_TYPE=PfsQuery
WORK_CENTER=P00670
DATABASE=PFSMYP4
WORK_CENTER=P00670
USER_ID=bangun
PASSWORD=****
OPERATION_CODE=
PRODUCTION_ORDER=PML900125
SERIAL_NUM=24200001

response at 5/17/2024 12:16:46 PM:
PfsQuery Error: Request data incomplete
Missing OPERATION_CODE




To localhost at 5/17/2024 12:18:07 PM:
REQUEST_TYPE=PfsLogin
WORK_CENTER=P00670
DATABASE=PFSMYP4
WORK_CENTER=P00670
USER_ID=bangun
PASSWORD=****
OPERATION_CODE=FCT
PRODUCTION_ORDER=PML900125

response at 5/17/2024 12:18:10 PM:
OK




To localhost at 5/17/2024 12:18:10 PM:
REQUEST_TYPE=PfsGetItemInfo
DATABASE=PFSMYP4
USER_ID=bangun
PASSWORD=****
SERIAL_NUM=24200001
RETURN_VALUES=COMP_ITEM_NUMBER

response at 5/17/2024 12:18:12 PM:
OK
ROSSCMEMBUSPCBA-LFVAC




To localhost at 5/17/2024 12:18:12 PM:
REQUEST_TYPE=PfsQuery
WORK_CENTER=P00670
DATABASE=PFSMYP4
WORK_CENTER=P00670
USER_ID=bangun
PASSWORD=****
OPERATION_CODE=FCT
PRODUCTION_ORDER=PML900125
SERIAL_NUM=24200001

response at 5/17/2024 12:18:14 PM:
OK




To localhost at 5/17/2024 1:44:04 PM:
REQUEST_TYPE=PfsLogin
WORK_CENTER=P00670
DATABASE=PFSMYP4
WORK_CENTER=P00670
USER_ID=bangun
PASSWORD=****
OPERATION_CODE=FCT
PRODUCTION_ORDER=PML900125

response at 5/17/2024 1:44:07 PM:
OK




To localhost at 5/17/2024 1:44:07 PM:
REQUEST_TYPE=PfsGetItemInfo
DATABASE=PFSMYP4
USER_ID=bangun
PASSWORD=****
SERIAL_NUM=24200001
RETURN_VALUES=COMP_ITEM_NUMBER

response at 5/17/2024 1:44:09 PM:
OK
ROSSCMEMBUSPCBA-LFVAC




To localhost at 5/17/2024 1:44:09 PM:
REQUEST_TYPE=PfsQuery
WORK_CENTER=P00670
DATABASE=PFSMYP4
WORK_CENTER=P00670
USER_ID=bangun
PASSWORD=****
OPERATION_CODE=FCT
PRODUCTION_ORDER=PML900125
SERIAL_NUM=24200001

response at 5/17/2024 1:44:11 PM:
OK




To localhost at 5/17/2024 1:45:09 PM:
REQUEST_TYPE=PfsLogin
WORK_CENTER=P00670
DATABASE=PFSMYP4
WORK_CENTER=P00670
USER_ID=bangun
PASSWORD=****
OPERATION_CODE=FCT
PRODUCTION_ORDER=PML900125

response at 5/17/2024 1:45:11 PM:
OK




To localhost at 5/17/2024 1:45:12 PM:
REQUEST_TYPE=PfsSendResults
WORK_CENTER=P00670
DATABASE=PFSMYP4
WORK_CENTER=P00670
USER_ID=bangun
PASSWORD=****
OPERATION_CODE=FCT
PRODUCTION_ORDER=PML900125
SERIAL_NUM=24200001
PASS_FAIL=F
FAILURE_CODE=-1
FAILURE_COMMENT=TRS00.1.1 - Static IP Set-up in TRS00 - Convert Unit

response at 5/17/2024 1:45:15 PM:
OK




To localhost at 6/20/2024 4:12:15 PM:
REQUEST_TYPE=PfsLogin
WORK_CENTER=P00670
DATABASE=PFSMYP4
WORK_CENTER=P00670
USER_ID=pirala
PASSWORD=****
OPERATION_CODE=FCT
PRODUCTION_ORDER=PMQ008531

response at 6/20/2024 4:12:19 PM:
OK




To localhost at 6/20/2024 4:12:20 PM:
REQUEST_TYPE=PfsGetItemInfo
DATABASE=PFSMYP4
USER_ID=pirala
PASSWORD=****
SERIAL_NUM=24240034
RETURN_VALUES=COMP_ITEM_NUMBER

response at 6/20/2024 4:12:22 PM:
OK
ROSSCMEMBUSPCBA-LFVAE




To localhost at 6/20/2024 4:12:22 PM:
REQUEST_TYPE=PfsQuery
WORK_CENTER=P00670
DATABASE=PFSMYP4
WORK_CENTER=P00670
USER_ID=pirala
PASSWORD=****
OPERATION_CODE=FCT
PRODUCTION_ORDER=PMQ008531
SERIAL_NUM=24240034

response at 6/20/2024 4:12:24 PM:
OK




To localhost at 6/24/2024 10:47:42 AM:
REQUEST_TYPE=PfsLogin
WORK_CENTER=P00670
DATABASE=PFSMYP4
WORK_CENTER=P00670
USER_ID=bangun
PASSWORD=****
OPERATION_CODE=FCT
PRODUCTION_ORDER=PMQ008531

response at 6/24/2024 10:47:46 AM:
PfsLogin Failure: Invalid username/password




To localhost at 6/24/2024 10:47:55 AM:
REQUEST_TYPE=PfsLogin
WORK_CENTER=P00670
DATABASE=PFSMYP4
WORK_CENTER=P00670
USER_ID=bangun
PASSWORD=****
OPERATION_CODE=FCT
PRODUCTION_ORDER=PMQ008531

response at 6/24/2024 10:47:57 AM:
PfsLogin Failure: Invalid username/password




To localhost at 6/24/2024 10:48:07 AM:
REQUEST_TYPE=PfsLogin
WORK_CENTER=P00670
DATABASE=PFSMYP4
WORK_CENTER=P00670
USER_ID=bangun
PASSWORD=****
OPERATION_CODE=FCT
PRODUCTION_ORDER=PMQ008531

response at 6/24/2024 10:48:09 AM:
PfsLogin Failure: Invalid username/password




To localhost at 6/24/2024 10:48:39 AM:
REQUEST_TYPE=PfsLogin
WORK_CENTER=P00670
DATABASE=PFSMYP4
WORK_CENTER=P00670
USER_ID=bangun
PASSWORD=****
OPERATION_CODE=
PRODUCTION_ORDER=PMQ008531

response at 6/24/2024 10:48:41 AM:
PfsLogin Failure: Invalid username/password




To localhost at 6/24/2024 11:10:16 AM:
REQUEST_TYPE=PfsLogin
WORK_CENTER=P00670
DATABASE=PFSMYP4
WORK_CENTER=P00670
USER_ID=bangun
PASSWORD=****
OPERATION_CODE=
PRODUCTION_ORDER=PMQ008531

response at 6/24/2024 11:10:18 AM:
PfsLogin Failure: Invalid username/password




To localhost at 6/24/2024 11:10:28 AM:
REQUEST_TYPE=PfsLogin
WORK_CENTER=P00670
DATABASE=PFSMYP4
WORK_CENTER=P00670
USER_ID=bangun
PASSWORD=****
OPERATION_CODE=FCT
PRODUCTION_ORDER=PMQ008531

response at 6/24/2024 11:10:30 AM:
PfsLogin Failure: Invalid username/password




To localhost at 6/24/2024 11:11:32 AM:
REQUEST_TYPE=PfsLogin
WORK_CENTER=P00670
DATABASE=PFSMYP4
WORK_CENTER=P00670
USER_ID=bangun
PASSWORD=****
OPERATION_CODE=FCT
PRODUCTION_ORDER=PMQ008531

response at 6/24/2024 11:11:34 AM:
OK




To localhost at 6/24/2024 11:11:34 AM:
REQUEST_TYPE=PfsGetItemInfo
DATABASE=PFSMYP4
USER_ID=bangun
PASSWORD=****
SERIAL_NUM=24240016
RETURN_VALUES=COMP_ITEM_NUMBER

response at 6/24/2024 11:11:37 AM:
OK
ROSSCMEMBUSPCBA-LFVAE




To localhost at 6/24/2024 11:11:37 AM:
REQUEST_TYPE=PfsQuery
WORK_CENTER=P00670
DATABASE=PFSMYP4
WORK_CENTER=P00670
USER_ID=bangun
PASSWORD=****
OPERATION_CODE=FCT
PRODUCTION_ORDER=PMQ008531
SERIAL_NUM=24240016

response at 6/24/2024 11:11:39 AM:
OK




To localhost at 6/24/2024 11:23:09 AM:
REQUEST_TYPE=PfsLogin
WORK_CENTER=P00670
DATABASE=PFSMYP4
WORK_CENTER=P00670
USER_ID=bangun
PASSWORD=****
OPERATION_CODE=FCT
PRODUCTION_ORDER=PMQ008531

response at 6/24/2024 11:23:12 AM:
OK




To localhost at 6/24/2024 11:23:13 AM:
REQUEST_TYPE=PfsSendResults
WORK_CENTER=P00670
DATABASE=PFSMYP4
WORK_CENTER=P00670
USER_ID=bangun
PASSWORD=****
OPERATION_CODE=FCT
PRODUCTION_ORDER=PMQ008531
SERIAL_NUM=24240016
PASS_FAIL=F
FAILURE_CODE=-1
FAILURE_COMMENT=terminated

response at 6/24/2024 11:23:15 AM:
OK




To localhost at 6/24/2024 11:29:22 AM:
REQUEST_TYPE=PfsLogin
WORK_CENTER=P00670
DATABASE=PFSMYP4
WORK_CENTER=P00670
USER_ID=bangun
PASSWORD=****
OPERATION_CODE=FCT
PRODUCTION_ORDER=PMQ008531

response at 6/24/2024 11:29:24 AM:
OK




To localhost at 6/24/2024 11:29:24 AM:
REQUEST_TYPE=PfsGetItemInfo
DATABASE=PFSMYP4
USER_ID=bangun
PASSWORD=****
SERIAL_NUM=24240041
RETURN_VALUES=COMP_ITEM_NUMBER

response at 6/24/2024 11:29:26 AM:
OK
ROSSCMEMBUSPCBA-LFVAE




To localhost at 6/24/2024 11:29:26 AM:
REQUEST_TYPE=PfsQuery
WORK_CENTER=P00670
DATABASE=PFSMYP4
WORK_CENTER=P00670
USER_ID=bangun
PASSWORD=****
OPERATION_CODE=FCT
PRODUCTION_ORDER=PMQ008531
SERIAL_NUM=24240041

response at 6/24/2024 11:29:28 AM:
OK




To localhost at 6/24/2024 11:54:20 AM:
REQUEST_TYPE=PfsLogin
WORK_CENTER=P00670
DATABASE=PFSMYP4
WORK_CENTER=P00670
USER_ID=bangun
PASSWORD=****
OPERATION_CODE=FCT
PRODUCTION_ORDER=PMQ008531

response at 6/24/2024 11:54:22 AM:
OK




To localhost at 6/24/2024 11:54:23 AM:
REQUEST_TYPE=PfsSendResults
WORK_CENTER=P00670
DATABASE=PFSMYP4
WORK_CENTER=P00670
USER_ID=bangun
PASSWORD=****
OPERATION_CODE=FCT
PRODUCTION_ORDER=PMQ008531
SERIAL_NUM=24240041
PASS_FAIL=P

response at 6/24/2024 11:54:25 AM:
OK




To localhost at 6/24/2024 11:56:08 AM:
REQUEST_TYPE=PfsGetItemInfo
DATABASE=PFSMYP4
USER_ID=bangun
PASSWORD=****
SERIAL_NUM=24240006
RETURN_VALUES=COMP_ITEM_NUMBER

response at 6/24/2024 11:56:10 AM:
OK
ROSSCMEMBUSPCBA-LFVAE




To localhost at 6/24/2024 11:56:10 AM:
REQUEST_TYPE=PfsQuery
WORK_CENTER=P00670
DATABASE=PFSMYP4
WORK_CENTER=P00670
USER_ID=bangun
PASSWORD=****
OPERATION_CODE=FCT
PRODUCTION_ORDER=PMQ008531
SERIAL_NUM=24240006

response at 6/24/2024 11:56:13 AM:
OK




To localhost at 6/24/2024 12:09:21 PM:
REQUEST_TYPE=PfsSendResults
WORK_CENTER=P00670
DATABASE=PFSMYP4
WORK_CENTER=P00670
USER_ID=bangun
PASSWORD=****
OPERATION_CODE=FCT
PRODUCTION_ORDER=PMQ008531
SERIAL_NUM=24240006
PASS_FAIL=F
FAILURE_CODE=-1
FAILURE_COMMENT=TRS09.4.13 - SCM Temperature High in TRS09 - Ethernet Port 2 GUI Test

response at 6/24/2024 12:09:23 PM:
OK




To localhost at 6/24/2024 4:52:43 PM:
REQUEST_TYPE=PfsLogin
WORK_CENTER=P00670
DATABASE=PFSMYP4
WORK_CENTER=P00670
USER_ID=islamm
PASSWORD=****
OPERATION_CODE=FCT
PRODUCTION_ORDER=PMQ008531

response at 6/24/2024 4:52:45 PM:
PfsLogin Failure: Invalid username/password




To localhost at 6/24/2024 4:52:51 PM:
REQUEST_TYPE=PfsLogin
WORK_CENTER=P00670
DATABASE=PFSMYP4
WORK_CENTER=P00670
USER_ID=islamm
PASSWORD=****
OPERATION_CODE=FCT
PRODUCTION_ORDER=PMQ008531

response at 6/24/2024 4:52:53 PM:
PfsLogin Failure: Invalid username/password




To localhost at 6/24/2024 4:54:01 PM:
REQUEST_TYPE=PfsLogin
WORK_CENTER=P00670
DATABASE=PFSMYP4
WORK_CENTER=P00670
USER_ID=islamm
PASSWORD=****
OPERATION_CODE=FCT
PRODUCTION_ORDER=PMQ008531

response at 6/24/2024 4:54:03 PM:
PfsLogin Failure: Invalid username/password




To localhost at 6/24/2024 4:54:33 PM:
REQUEST_TYPE=PfsLogin
WORK_CENTER=P00670
DATABASE=PFSMYP4
WORK_CENTER=P00670
USER_ID=islamm
PASSWORD=****
OPERATION_CODE=FCT
PRODUCTION_ORDER=PMQ008531

response at 6/24/2024 4:54:35 PM:
PfsLogin Failure: Invalid username/password




To localhost at 6/24/2024 4:56:50 PM:
REQUEST_TYPE=PfsLogin
WORK_CENTER=P00670
DATABASE=PFSMYP4
WORK_CENTER=P00670
USER_ID=situsa
PASSWORD=****
OPERATION_CODE=FCT
PRODUCTION_ORDER=PMQ008531

response at 6/24/2024 4:56:52 PM:
PfsLogin Failure: Invalid username/password




To localhost at 6/24/2024 4:58:35 PM:
REQUEST_TYPE=PfsLogin
WORK_CENTER=P00670
DATABASE=PFSMYP4
WORK_CENTER=P00670
USER_ID=situsa
PASSWORD=****
OPERATION_CODE=FCT
PRODUCTION_ORDER=PMQ008531

response at 6/24/2024 4:58:37 PM:
PfsLogin Failure: Invalid username/password




To localhost at 6/25/2024 7:52:22 AM:
REQUEST_TYPE=PfsLogin
WORK_CENTER=P00670
DATABASE=PFSMYP4
WORK_CENTER=P00670
USER_ID=bangun
PASSWORD=****
OPERATION_CODE=FCT
PRODUCTION_ORDER=PMQ008531

response at 6/25/2024 7:52:25 AM:
PfsLogin Failure: Invalid username/password




To localhost at 6/25/2024 7:52:42 AM:
REQUEST_TYPE=PfsLogin
WORK_CENTER=P00670
DATABASE=PFSMYP4
WORK_CENTER=P00670
USER_ID=bangun
PASSWORD=****
OPERATION_CODE=FCT
PRODUCTION_ORDER=PMQ008531

response at 6/25/2024 7:52:44 AM:
PfsLogin Failure: Invalid username/password




To localhost at 6/25/2024 7:53:13 AM:
REQUEST_TYPE=PfsLogin
WORK_CENTER=P00670
DATABASE=PFSMYP4
WORK_CENTER=P00670
USER_ID=bangun
PASSWORD=****
OPERATION_CODE=FCT
PRODUCTION_ORDER=PMQ008531

response at 6/25/2024 7:53:16 AM:
OK




To localhost at 6/25/2024 7:53:16 AM:
REQUEST_TYPE=PfsGetItemInfo
DATABASE=PFSMYP4
USER_ID=bangun
PASSWORD=****
SERIAL_NUM=24240006
RETURN_VALUES=COMP_ITEM_NUMBER

response at 6/25/2024 7:53:18 AM:
OK
ROSSCMEMBUSPCBA-LFVAE




To localhost at 6/25/2024 7:53:18 AM:
REQUEST_TYPE=PfsQuery
WORK_CENTER=P00670
DATABASE=PFSMYP4
WORK_CENTER=P00670
USER_ID=bangun
PASSWORD=****
OPERATION_CODE=FCT
PRODUCTION_ORDER=PMQ008531
SERIAL_NUM=24240006

response at 6/25/2024 7:53:20 AM:
PfsQuery Failure: Operation FCT is not valid for ROSSCMEMBUSPCBA-LFVAE::24240006. The next valid operations are: ICT




To localhost at 6/25/2024 7:53:45 AM:
REQUEST_TYPE=PfsGetItemInfo
DATABASE=PFSMYP4
USER_ID=bangun
PASSWORD=****
SERIAL_NUM=24240010
RETURN_VALUES=COMP_ITEM_NUMBER

response at 6/25/2024 7:53:47 AM:
OK
ROSSCMEMBUSPCBA-LFVAE




To localhost at 6/25/2024 7:53:47 AM:
REQUEST_TYPE=PfsQuery
WORK_CENTER=P00670
DATABASE=PFSMYP4
WORK_CENTER=P00670
USER_ID=bangun
PASSWORD=****
OPERATION_CODE=FCT
PRODUCTION_ORDER=PMQ008531
SERIAL_NUM=24240010

response at 6/25/2024 7:53:49 AM:
OK




To localhost at 6/25/2024 8:26:48 AM:
REQUEST_TYPE=PfsSendResults
WORK_CENTER=P00670
DATABASE=PFSMYP4
WORK_CENTER=P00670
USER_ID=bangun
PASSWORD=****
OPERATION_CODE=FCT
PRODUCTION_ORDER=PMQ008531
SERIAL_NUM=24240010
PASS_FAIL=F
FAILURE_CODE=-1
FAILURE_COMMENT=Err'Webscraper.lvlib:Parse pyWebscraper data.vi\nRow specified is not found within array\n\n\nComplete call chain:&nl;\n     Webscraper.lvlib:Parse pyWebscraper data.vi&nl;\n     Webscraper.lvlib:Parse pyWebscraper data.vi.ProxyCaller' at step 'TRS09.1.1 - SCM Serial Number' in seq 'ProcessModelPostStepRuntimeError'

response at 6/25/2024 8:26:50 AM:
OK




To localhost at 6/25/2024 8:28:39 AM:
REQUEST_TYPE=PfsGetItemInfo
DATABASE=PFSMYP4
USER_ID=bangun
PASSWORD=****
SERIAL_NUM=24240042
RETURN_VALUES=COMP_ITEM_NUMBER

response at 6/25/2024 8:28:41 AM:
OK
ROSSCMEMBUSPCBA-LFVAE




To localhost at 6/25/2024 8:28:41 AM:
REQUEST_TYPE=PfsQuery
WORK_CENTER=P00670
DATABASE=PFSMYP4
WORK_CENTER=P00670
USER_ID=bangun
PASSWORD=****
OPERATION_CODE=FCT
PRODUCTION_ORDER=PMQ008531
SERIAL_NUM=24240042

response at 6/25/2024 8:28:43 AM:
OK




To localhost at 6/25/2024 8:50:13 AM:
REQUEST_TYPE=PfsLogin
WORK_CENTER=P00670
DATABASE=PFSMYP4
WORK_CENTER=P00670
USER_ID=bangun
PASSWORD=****
OPERATION_CODE=FCT
PRODUCTION_ORDER=PMQ008531

response at 6/25/2024 8:50:15 AM:
PfsLogin Failure: Invalid username/password




To localhost at 6/25/2024 8:50:26 AM:
REQUEST_TYPE=PfsLogin
WORK_CENTER=P00670
DATABASE=PFSMYP4
WORK_CENTER=P00670
USER_ID=bangun
PASSWORD=****
OPERATION_CODE=FCT
PRODUCTION_ORDER=PMQ008531

response at 6/25/2024 8:50:28 AM:
OK




To localhost at 6/25/2024 8:50:29 AM:
REQUEST_TYPE=PfsSendResults
WORK_CENTER=P00670
DATABASE=PFSMYP4
WORK_CENTER=P00670
USER_ID=bangun
PASSWORD=****
OPERATION_CODE=FCT
PRODUCTION_ORDER=PMQ008531
SERIAL_NUM=24240042
PASS_FAIL=P

response at 6/25/2024 8:50:31 AM:
OK




To localhost at 6/25/2024 10:22:53 AM:
REQUEST_TYPE=PfsLogin
WORK_CENTER=P00670
DATABASE=PFSMYP4
WORK_CENTER=P00670
USER_ID=bangun
PASSWORD=****
OPERATION_CODE=FCT
PRODUCTION_ORDER=PMQ008531

response at 6/25/2024 10:22:56 AM:
OK




To localhost at 6/25/2024 10:22:56 AM:
REQUEST_TYPE=PfsGetItemInfo
DATABASE=PFSMYP4
USER_ID=bangun
PASSWORD=****
SERIAL_NUM=24240025
RETURN_VALUES=COMP_ITEM_NUMBER

response at 6/25/2024 10:22:58 AM:
OK
ROSSCMEMBUSPCBA-LFVAE




To localhost at 6/25/2024 10:22:58 AM:
REQUEST_TYPE=PfsQuery
WORK_CENTER=P00670
DATABASE=PFSMYP4
WORK_CENTER=P00670
USER_ID=bangun
PASSWORD=****
OPERATION_CODE=FCT
PRODUCTION_ORDER=PMQ008531
SERIAL_NUM=24240025

response at 6/25/2024 10:23:01 AM:
OK




To localhost at 6/25/2024 10:42:06 AM:
REQUEST_TYPE=PfsLogin
WORK_CENTER=P00670
DATABASE=PFSMYP4
WORK_CENTER=P00670
USER_ID=bangun
PASSWORD=****
OPERATION_CODE=FCT
PRODUCTION_ORDER=PMQ008531

response at 6/25/2024 10:42:08 AM:
OK




To localhost at 6/25/2024 10:42:11 AM:
REQUEST_TYPE=PfsSendResults
WORK_CENTER=P00670
DATABASE=PFSMYP4
WORK_CENTER=P00670
USER_ID=bangun
PASSWORD=****
OPERATION_CODE=FCT
PRODUCTION_ORDER=PMQ008531
SERIAL_NUM=24240025
PASS_FAIL=P

response at 6/25/2024 10:42:13 AM:
OK




To localhost at 6/25/2024 10:43:30 AM:
REQUEST_TYPE=PfsGetItemInfo
DATABASE=PFSMYP4
USER_ID=bangun
PASSWORD=****
SERIAL_NUM=24240013
RETURN_VALUES=COMP_ITEM_NUMBER

response at 6/25/2024 10:43:32 AM:
OK
ROSSCMEMBUSPCBA-LFVAE




To localhost at 6/25/2024 10:43:32 AM:
REQUEST_TYPE=PfsQuery
WORK_CENTER=P00670
DATABASE=PFSMYP4
WORK_CENTER=P00670
USER_ID=bangun
PASSWORD=****
OPERATION_CODE=FCT
PRODUCTION_ORDER=PMQ008531
SERIAL_NUM=24240013

response at 6/25/2024 10:43:34 AM:
OK




To localhost at 6/25/2024 10:47:44 AM:
REQUEST_TYPE=PfsSendResults
WORK_CENTER=P00670
DATABASE=PFSMYP4
WORK_CENTER=P00670
USER_ID=bangun
PASSWORD=****
OPERATION_CODE=FCT
PRODUCTION_ORDER=PMQ008531
SERIAL_NUM=24240013
PASS_FAIL=F
FAILURE_CODE=-1
FAILURE_COMMENT=TRS07.3 - SCM Detected (Pre Update) in TRS07 - Network and GUI Configuration Set-up

response at 6/25/2024 10:47:46 AM:
OK




To localhost at 6/25/2024 10:48:22 AM:
REQUEST_TYPE=PfsGetItemInfo
DATABASE=PFSMYP4
USER_ID=bangun
PASSWORD=****
SERIAL_NUM=24240019
RETURN_VALUES=COMP_ITEM_NUMBER

response at 6/25/2024 10:48:24 AM:
OK
ROSSCMEMBUSPCBA-LFVAE




To localhost at 6/25/2024 10:48:24 AM:
REQUEST_TYPE=PfsQuery
WORK_CENTER=P00670
DATABASE=PFSMYP4
WORK_CENTER=P00670
USER_ID=bangun
PASSWORD=****
OPERATION_CODE=FCT
PRODUCTION_ORDER=PMQ008531
SERIAL_NUM=24240019

response at 6/25/2024 10:48:27 AM:
OK




To localhost at 6/25/2024 11:10:35 AM:
REQUEST_TYPE=PfsLogin
WORK_CENTER=P00670
DATABASE=PFSMYP4
WORK_CENTER=P00670
USER_ID=bangun
PASSWORD=****
OPERATION_CODE=FCT
PRODUCTION_ORDER=PMQ008531

response at 6/25/2024 11:10:37 AM:
OK




To localhost at 6/25/2024 11:10:38 AM:
REQUEST_TYPE=PfsSendResults
WORK_CENTER=P00670
DATABASE=PFSMYP4
WORK_CENTER=P00670
USER_ID=bangun
PASSWORD=****
OPERATION_CODE=FCT
PRODUCTION_ORDER=PMQ008531
SERIAL_NUM=24240019
PASS_FAIL=P

response at 6/25/2024 11:10:40 AM:
OK




To localhost at 6/25/2024 11:11:02 AM:
REQUEST_TYPE=PfsGetItemInfo
DATABASE=PFSMYP4
USER_ID=bangun
PASSWORD=****
SERIAL_NUM=24240021
RETURN_VALUES=COMP_ITEM_NUMBER

response at 6/25/2024 11:11:04 AM:
OK
ROSSCMEMBUSPCBA-LFVAE




To localhost at 6/25/2024 11:11:05 AM:
REQUEST_TYPE=PfsQuery
WORK_CENTER=P00670
DATABASE=PFSMYP4
WORK_CENTER=P00670
USER_ID=bangun
PASSWORD=****
OPERATION_CODE=FCT
PRODUCTION_ORDER=PMQ008531
SERIAL_NUM=24240021

response at 6/25/2024 11:11:07 AM:
OK




To localhost at 6/25/2024 11:32:00 AM:
REQUEST_TYPE=PfsLogin
WORK_CENTER=P00670
DATABASE=PFSMYP4
WORK_CENTER=P00670
USER_ID=bangun
PASSWORD=****
OPERATION_CODE=FCT
PRODUCTION_ORDER=PMQ008531

response at 6/25/2024 11:32:02 AM:
OK




To localhost at 6/25/2024 11:32:03 AM:
REQUEST_TYPE=PfsSendResults
WORK_CENTER=P00670
DATABASE=PFSMYP4
WORK_CENTER=P00670
USER_ID=bangun
PASSWORD=****
OPERATION_CODE=FCT
PRODUCTION_ORDER=PMQ008531
SERIAL_NUM=24240021
PASS_FAIL=P

response at 6/25/2024 11:32:05 AM:
OK




To localhost at 6/25/2024 11:32:45 AM:
REQUEST_TYPE=PfsGetItemInfo
DATABASE=PFSMYP4
USER_ID=bangun
PASSWORD=****
SERIAL_NUM=24240022
RETURN_VALUES=COMP_ITEM_NUMBER

response at 6/25/2024 11:32:47 AM:
OK
ROSSCMEMBUSPCBA-LFVAE




To localhost at 6/25/2024 11:32:47 AM:
REQUEST_TYPE=PfsQuery
WORK_CENTER=P00670
DATABASE=PFSMYP4
WORK_CENTER=P00670
USER_ID=bangun
PASSWORD=****
OPERATION_CODE=FCT
PRODUCTION_ORDER=PMQ008531
SERIAL_NUM=24240022

response at 6/25/2024 11:32:49 AM:
OK




To localhost at 6/25/2024 11:36:01 AM:
REQUEST_TYPE=PfsLogin
WORK_CENTER=P00670
DATABASE=PFSMYP4
WORK_CENTER=P00670
USER_ID=bangun
PASSWORD=****
OPERATION_CODE=FCT
PRODUCTION_ORDER=PMQ008531

response at 6/25/2024 11:36:03 AM:
OK




To localhost at 6/25/2024 11:36:04 AM:
REQUEST_TYPE=PfsSendResults
WORK_CENTER=P00670
DATABASE=PFSMYP4
WORK_CENTER=P00670
USER_ID=bangun
PASSWORD=****
OPERATION_CODE=FCT
PRODUCTION_ORDER=PMQ008531
SERIAL_NUM=24240022
PASS_FAIL=F
FAILURE_CODE=-1
FAILURE_COMMENT=Err'NI-845x I2C Write.vi:4470001\nNI-845x:  The slave did not acknowledge an address+direction byte transmitted by the I2C master.  If you are using ACK polling, consider increasing the timeout. Other reasons include the incorrect address set in the I2C configuration or the incorrect use of the 7-bit address. When entering an address to access a 7-bit device, do not include the direction bit. The NI-845x Basic I2C API internally sets the direction bit to the correct value, depending on the function (write or read). If your datasheet specifies the 7-bit device address as a byte, discard the direction bit (bit 0) and right-shift the byte value by one to create the 7-bit address.' at step 'Write Serial Number' in seq 'ProcessModelPostStepRuntimeError'

response at 6/25/2024 11:36:06 AM:
OK




To localhost at 6/25/2024 11:37:42 AM:
REQUEST_TYPE=PfsGetItemInfo
DATABASE=PFSMYP4
USER_ID=bangun
PASSWORD=****
SERIAL_NUM=24240022
RETURN_VALUES=COMP_ITEM_NUMBER

response at 6/25/2024 11:37:44 AM:
OK
ROSSCMEMBUSPCBA-LFVAE




To localhost at 6/25/2024 11:37:45 AM:
REQUEST_TYPE=PfsQuery
WORK_CENTER=P00670
DATABASE=PFSMYP4
WORK_CENTER=P00670
USER_ID=bangun
PASSWORD=****
OPERATION_CODE=FCT
PRODUCTION_ORDER=PMQ008531
SERIAL_NUM=24240022

response at 6/25/2024 11:37:47 AM:
PfsQuery Failure: ROSSCMEMBUSPCBA-LFVAE::24240022 has open defects.




To localhost at 6/25/2024 11:38:05 AM:
REQUEST_TYPE=PfsGetItemInfo
DATABASE=PFSMYP4
USER_ID=bangun
PASSWORD=****
SERIAL_NUM=24240028
RETURN_VALUES=COMP_ITEM_NUMBER

response at 6/25/2024 11:38:07 AM:
OK
ROSSCMEMBUSPCBA-LFVAE




To localhost at 6/25/2024 11:38:08 AM:
REQUEST_TYPE=PfsQuery
WORK_CENTER=P00670
DATABASE=PFSMYP4
WORK_CENTER=P00670
USER_ID=bangun
PASSWORD=****
OPERATION_CODE=FCT
PRODUCTION_ORDER=PMQ008531
SERIAL_NUM=24240028

response at 6/25/2024 11:38:10 AM:
OK




To localhost at 6/25/2024 11:39:29 AM:
REQUEST_TYPE=PfsLogin
WORK_CENTER=P00670
DATABASE=PFSMYP4
WORK_CENTER=P00670
USER_ID=bangun
PASSWORD=****
OPERATION_CODE=FCT
PRODUCTION_ORDER=PMQ008531

response at 6/25/2024 11:39:31 AM:
OK




To localhost at 6/25/2024 11:39:32 AM:
REQUEST_TYPE=PfsSendResults
WORK_CENTER=P00670
DATABASE=PFSMYP4
WORK_CENTER=P00670
USER_ID=bangun
PASSWORD=****
OPERATION_CODE=FCT
PRODUCTION_ORDER=PMQ008531
SERIAL_NUM=24240028
PASS_FAIL=F
FAILURE_CODE=-1
FAILURE_COMMENT=Err'NI-845x I2C Write.vi:4470001\nNI-845x:  The slave did not acknowledge an address+direction byte transmitted by the I2C master.  If you are using ACK polling, consider increasing the timeout. Other reasons include the incorrect address set in the I2C configuration or the incorrect use of the 7-bit address. When entering an address to access a 7-bit device, do not include the direction bit. The NI-845x Basic I2C API internally sets the direction bit to the correct value, depending on the function (write or read). If your datasheet specifies the 7-bit device address as a byte, discard the direction bit (bit 0) and right-shift the byte value by one to create the 7-bit address.' at step 'Write Serial Number' in seq 'ProcessModelPostStepRuntimeError'

response at 6/25/2024 11:39:34 AM:
OK




To localhost at 6/25/2024 11:46:39 AM:
REQUEST_TYPE=PfsLogin
WORK_CENTER=P00670
DATABASE=PFSMYP4
WORK_CENTER=P00670
USER_ID=bangun
PASSWORD=****
OPERATION_CODE=FCT
PRODUCTION_ORDER=PMQ008531

response at 6/25/2024 11:46:42 AM:
OK




To localhost at 6/25/2024 11:46:42 AM:
REQUEST_TYPE=PfsGetItemInfo
DATABASE=PFSMYP4
USER_ID=bangun
PASSWORD=****
SERIAL_NUM=24240045
RETURN_VALUES=COMP_ITEM_NUMBER

response at 6/25/2024 11:46:44 AM:
OK
ROSSCMEMBUSPCBA-LFVAE




To localhost at 6/25/2024 11:46:44 AM:
REQUEST_TYPE=PfsQuery
WORK_CENTER=P00670
DATABASE=PFSMYP4
WORK_CENTER=P00670
USER_ID=bangun
PASSWORD=****
OPERATION_CODE=FCT
PRODUCTION_ORDER=PMQ008531
SERIAL_NUM=24240045

response at 6/25/2024 11:46:46 AM:
OK




To localhost at 6/25/2024 12:06:56 PM:
REQUEST_TYPE=PfsLogin
WORK_CENTER=P00670
DATABASE=PFSMYP4
WORK_CENTER=P00670
USER_ID=bangun
PASSWORD=****
OPERATION_CODE=FCT
PRODUCTION_ORDER=PMQ008531

response at 6/25/2024 12:06:58 PM:
OK




To localhost at 6/25/2024 12:06:59 PM:
REQUEST_TYPE=PfsSendResults
WORK_CENTER=P00670
DATABASE=PFSMYP4
WORK_CENTER=P00670
USER_ID=bangun
PASSWORD=****
OPERATION_CODE=FCT
PRODUCTION_ORDER=PMQ008531
SERIAL_NUM=24240045
PASS_FAIL=P

response at 6/25/2024 12:07:01 PM:
OK




To localhost at 6/25/2024 12:07:34 PM:
REQUEST_TYPE=PfsGetItemInfo
DATABASE=PFSMYP4
USER_ID=bangun
PASSWORD=****
SERIAL_NUM=24240007
RETURN_VALUES=COMP_ITEM_NUMBER

response at 6/25/2024 12:07:36 PM:
OK
ROSSCMEMBUSPCBA-LFVAE




To localhost at 6/25/2024 12:07:37 PM:
REQUEST_TYPE=PfsQuery
WORK_CENTER=P00670
DATABASE=PFSMYP4
WORK_CENTER=P00670
USER_ID=bangun
PASSWORD=****
OPERATION_CODE=FCT
PRODUCTION_ORDER=PMQ008531
SERIAL_NUM=24240007

response at 6/25/2024 12:07:38 PM:
OK




To localhost at 6/25/2024 12:13:47 PM:
REQUEST_TYPE=PfsLogin
WORK_CENTER=P00670
DATABASE=PFSMYP4
WORK_CENTER=P00670
USER_ID=bangun
PASSWORD=****
OPERATION_CODE=FCT
PRODUCTION_ORDER=PMQ008531

response at 6/25/2024 12:13:49 PM:
OK




To localhost at 6/25/2024 12:13:50 PM:
REQUEST_TYPE=PfsSendResults
WORK_CENTER=P00670
DATABASE=PFSMYP4
WORK_CENTER=P00670
USER_ID=bangun
PASSWORD=****
OPERATION_CODE=FCT
PRODUCTION_ORDER=PMQ008531
SERIAL_NUM=24240007
PASS_FAIL=F
FAILURE_CODE=-1
FAILURE_COMMENT=Err'NI-845x I2C Write.vi:4470001\nNI-845x:  The slave did not acknowledge an address+direction byte transmitted by the I2C master.  If you are using ACK polling, consider increasing the timeout. Other reasons include the incorrect address set in the I2C configuration or the incorrect use of the 7-bit address. When entering an address to access a 7-bit device, do not include the direction bit. The NI-845x Basic I2C API internally sets the direction bit to the correct value, depending on the function (write or read). If your datasheet specifies the 7-bit device address as a byte, discard the direction bit (bit 0) and right-shift the byte value by one to create the 7-bit address.' at step 'Write Serial Number' in seq 'ProcessModelPostStepRuntimeError'

response at 6/25/2024 12:13:52 PM:
OK




To localhost at 6/25/2024 12:14:07 PM:
REQUEST_TYPE=PfsGetItemInfo
DATABASE=PFSMYP4
USER_ID=bangun
PASSWORD=****
SERIAL_NUM=24240007
RETURN_VALUES=COMP_ITEM_NUMBER

response at 6/25/2024 12:14:09 PM:
OK
ROSSCMEMBUSPCBA-LFVAE




To localhost at 6/25/2024 12:14:10 PM:
REQUEST_TYPE=PfsQuery
WORK_CENTER=P00670
DATABASE=PFSMYP4
WORK_CENTER=P00670
USER_ID=bangun
PASSWORD=****
OPERATION_CODE=FCT
PRODUCTION_ORDER=PMQ008531
SERIAL_NUM=24240007

response at 6/25/2024 12:14:12 PM:
PfsQuery Failure: ROSSCMEMBUSPCBA-LFVAE::24240007 has open defects.




To localhost at 6/25/2024 12:14:45 PM:
REQUEST_TYPE=PfsGetItemInfo
DATABASE=PFSMYP4
USER_ID=bangun
PASSWORD=****
SERIAL_NUM=24240002
RETURN_VALUES=COMP_ITEM_NUMBER

response at 6/25/2024 12:14:47 PM:
OK
ROSSCMEMBUSPCBA-LFVAE




To localhost at 6/25/2024 12:14:48 PM:
REQUEST_TYPE=PfsQuery
WORK_CENTER=P00670
DATABASE=PFSMYP4
WORK_CENTER=P00670
USER_ID=bangun
PASSWORD=****
OPERATION_CODE=FCT
PRODUCTION_ORDER=PMQ008531
SERIAL_NUM=24240002

response at 6/25/2024 12:14:50 PM:
OK




To localhost at 6/25/2024 12:18:47 PM:
REQUEST_TYPE=PfsLogin
WORK_CENTER=P00670
DATABASE=PFSMYP4
WORK_CENTER=P00670
USER_ID=bangun
PASSWORD=****
OPERATION_CODE=FCT
PRODUCTION_ORDER=PMQ008531

response at 6/25/2024 12:18:49 PM:
OK




To localhost at 6/25/2024 12:18:50 PM:
REQUEST_TYPE=PfsSendResults
WORK_CENTER=P00670
DATABASE=PFSMYP4
WORK_CENTER=P00670
USER_ID=bangun
PASSWORD=****
OPERATION_CODE=FCT
PRODUCTION_ORDER=PMQ008531
SERIAL_NUM=24240002
PASS_FAIL=F
FAILURE_CODE=-1
FAILURE_COMMENT=Err'NI-845x I2C Write.vi:4470001\nNI-845x:  The slave did not acknowledge an address+direction byte transmitted by the I2C master.  If you are using ACK polling, consider increasing the timeout. Other reasons include the incorrect address set in the I2C configuration or the incorrect use of the 7-bit address. When entering an address to access a 7-bit device, do not include the direction bit. The NI-845x Basic I2C API internally sets the direction bit to the correct value, depending on the function (write or read). If your datasheet specifies the 7-bit device address as a byte, discard the direction bit (bit 0) and right-shift the byte value by one to create the 7-bit address.' at step 'Write Serial Number' in seq 'ProcessModelPostStepRuntimeError'

response at 6/25/2024 12:18:52 PM:
OK




To localhost at 6/25/2024 12:33:16 PM:
REQUEST_TYPE=PfsLogin
WORK_CENTER=P00670
DATABASE=PFSMYP4
WORK_CENTER=P00670
USER_ID=bangun
PASSWORD=****
OPERATION_CODE=FCT
PRODUCTION_ORDER=PMQ008531

response at 6/25/2024 12:33:19 PM:
OK




To localhost at 6/25/2024 12:33:19 PM:
REQUEST_TYPE=PfsGetItemInfo
DATABASE=PFSMYP4
USER_ID=bangun
PASSWORD=****
SERIAL_NUM=24240035
RETURN_VALUES=COMP_ITEM_NUMBER

response at 6/25/2024 12:33:21 PM:
OK
ROSSCMEMBUSPCBA-LFVAE




To localhost at 6/25/2024 12:33:21 PM:
REQUEST_TYPE=PfsQuery
WORK_CENTER=P00670
DATABASE=PFSMYP4
WORK_CENTER=P00670
USER_ID=bangun
PASSWORD=****
OPERATION_CODE=FCT
PRODUCTION_ORDER=PMQ008531
SERIAL_NUM=24240035

response at 6/25/2024 12:33:23 PM:
OK




To localhost at 6/25/2024 12:52:34 PM:
REQUEST_TYPE=PfsLogin
WORK_CENTER=P00670
DATABASE=PFSMYP4
WORK_CENTER=P00670
USER_ID=bangun
PASSWORD=****
OPERATION_CODE=FCT
PRODUCTION_ORDER=PMQ008531

response at 6/25/2024 12:52:37 PM:
OK




To localhost at 6/25/2024 12:52:37 PM:
REQUEST_TYPE=PfsSendResults
WORK_CENTER=P00670
DATABASE=PFSMYP4
WORK_CENTER=P00670
USER_ID=bangun
PASSWORD=****
OPERATION_CODE=FCT
PRODUCTION_ORDER=PMQ008531
SERIAL_NUM=24240035
PASS_FAIL=P

response at 6/25/2024 12:52:40 PM:
OK




To localhost at 6/25/2024 12:53:34 PM:
REQUEST_TYPE=PfsGetItemInfo
DATABASE=PFSMYP4
USER_ID=bangun
PASSWORD=****
SERIAL_NUM=24240043
RETURN_VALUES=COMP_ITEM_NUMBER

response at 6/25/2024 12:53:36 PM:
OK
ROSSCMEMBUSPCBA-LFVAE




To localhost at 6/25/2024 12:53:36 PM:
REQUEST_TYPE=PfsQuery
WORK_CENTER=P00670
DATABASE=PFSMYP4
WORK_CENTER=P00670
USER_ID=bangun
PASSWORD=****
OPERATION_CODE=FCT
PRODUCTION_ORDER=PMQ008531
SERIAL_NUM=24240043

response at 6/25/2024 12:53:38 PM:
OK




To localhost at 6/25/2024 1:15:17 PM:
REQUEST_TYPE=PfsLogin
WORK_CENTER=P00670
DATABASE=PFSMYP4
WORK_CENTER=P00670
USER_ID=bangun
PASSWORD=****
OPERATION_CODE=FCT
PRODUCTION_ORDER=PMQ008531

response at 6/25/2024 1:15:19 PM:
OK




To localhost at 6/25/2024 1:15:20 PM:
REQUEST_TYPE=PfsSendResults
WORK_CENTER=P00670
DATABASE=PFSMYP4
WORK_CENTER=P00670
USER_ID=bangun
PASSWORD=****
OPERATION_CODE=FCT
PRODUCTION_ORDER=PMQ008531
SERIAL_NUM=24240043
PASS_FAIL=P

response at 6/25/2024 1:15:22 PM:
OK




To localhost at 6/25/2024 1:15:40 PM:
REQUEST_TYPE=PfsGetItemInfo
DATABASE=PFSMYP4
USER_ID=bangun
PASSWORD=****
SERIAL_NUM=24240017
RETURN_VALUES=COMP_ITEM_NUMBER

response at 6/25/2024 1:15:42 PM:
OK
ROSSCMEMBUSPCBA-LFVAE




To localhost at 6/25/2024 1:15:42 PM:
REQUEST_TYPE=PfsQuery
WORK_CENTER=P00670
DATABASE=PFSMYP4
WORK_CENTER=P00670
USER_ID=bangun
PASSWORD=****
OPERATION_CODE=FCT
PRODUCTION_ORDER=PMQ008531
SERIAL_NUM=24240017

response at 6/25/2024 1:15:44 PM:
OK




To localhost at 6/25/2024 1:28:45 PM:
REQUEST_TYPE=PfsLogin
WORK_CENTER=P00670
DATABASE=PFSMYP4
WORK_CENTER=P00670
USER_ID=bangun
PASSWORD=****
OPERATION_CODE=FCT
PRODUCTION_ORDER=PMQ008531

response at 6/25/2024 1:28:47 PM:
OK




To localhost at 6/25/2024 1:28:48 PM:
REQUEST_TYPE=PfsSendResults
WORK_CENTER=P00670
DATABASE=PFSMYP4
WORK_CENTER=P00670
USER_ID=bangun
PASSWORD=****
OPERATION_CODE=FCT
PRODUCTION_ORDER=PMQ008531
SERIAL_NUM=24240017
PASS_FAIL=P

response at 6/25/2024 1:28:50 PM:
OK




To localhost at 6/25/2024 1:29:09 PM:
REQUEST_TYPE=PfsGetItemInfo
DATABASE=PFSMYP4
USER_ID=bangun
PASSWORD=****
SERIAL_NUM=24240046
RETURN_VALUES=COMP_ITEM_NUMBER

response at 6/25/2024 1:29:11 PM:
OK
ROSSCMEMBUSPCBA-LFVAE




To localhost at 6/25/2024 1:29:11 PM:
REQUEST_TYPE=PfsQuery
WORK_CENTER=P00670
DATABASE=PFSMYP4
WORK_CENTER=P00670
USER_ID=bangun
PASSWORD=****
OPERATION_CODE=FCT
PRODUCTION_ORDER=PMQ008531
SERIAL_NUM=24240046

response at 6/25/2024 1:29:13 PM:
OK




To localhost at 6/25/2024 1:41:54 PM:
REQUEST_TYPE=PfsLogin
WORK_CENTER=P00670
DATABASE=PFSMYP4
WORK_CENTER=P00670
USER_ID=bangun
PASSWORD=****
OPERATION_CODE=FCT
PRODUCTION_ORDER=PMQ008531

response at 6/25/2024 1:41:56 PM:
OK




To localhost at 6/25/2024 1:41:57 PM:
REQUEST_TYPE=PfsSendResults
WORK_CENTER=P00670
DATABASE=PFSMYP4
WORK_CENTER=P00670
USER_ID=bangun
PASSWORD=****
OPERATION_CODE=FCT
PRODUCTION_ORDER=PMQ008531
SERIAL_NUM=24240046
PASS_FAIL=P

response at 6/25/2024 1:41:59 PM:
OK




To localhost at 6/25/2024 1:42:15 PM:
REQUEST_TYPE=PfsGetItemInfo
DATABASE=PFSMYP4
USER_ID=bangun
PASSWORD=****
SERIAL_NUM=24240026
RETURN_VALUES=COMP_ITEM_NUMBER

response at 6/25/2024 1:42:17 PM:
OK
ROSSCMEMBUSPCBA-LFVAE




To localhost at 6/25/2024 1:42:17 PM:
REQUEST_TYPE=PfsQuery
WORK_CENTER=P00670
DATABASE=PFSMYP4
WORK_CENTER=P00670
USER_ID=bangun
PASSWORD=****
OPERATION_CODE=FCT
PRODUCTION_ORDER=PMQ008531
SERIAL_NUM=24240026

response at 6/25/2024 1:42:19 PM:
OK




To localhost at 6/25/2024 1:54:42 PM:
REQUEST_TYPE=PfsLogin
WORK_CENTER=P00670
DATABASE=PFSMYP4
WORK_CENTER=P00670
USER_ID=bangun
PASSWORD=****
OPERATION_CODE=FCT
PRODUCTION_ORDER=PMQ008531

response at 6/25/2024 1:54:45 PM:
OK




To localhost at 6/25/2024 1:54:45 PM:
REQUEST_TYPE=PfsSendResults
WORK_CENTER=P00670
DATABASE=PFSMYP4
WORK_CENTER=P00670
USER_ID=bangun
PASSWORD=****
OPERATION_CODE=FCT
PRODUCTION_ORDER=PMQ008531
SERIAL_NUM=24240026
PASS_FAIL=P

response at 6/25/2024 1:54:47 PM:
OK




To localhost at 6/25/2024 1:55:18 PM:
REQUEST_TYPE=PfsGetItemInfo
DATABASE=PFSMYP4
USER_ID=bangun
PASSWORD=****
SERIAL_NUM=24240034
RETURN_VALUES=COMP_ITEM_NUMBER

response at 6/25/2024 1:55:20 PM:
OK
ROSSCMEMBUSPCBA-LFVAE




To localhost at 6/25/2024 1:55:21 PM:
REQUEST_TYPE=PfsQuery
WORK_CENTER=P00670
DATABASE=PFSMYP4
WORK_CENTER=P00670
USER_ID=bangun
PASSWORD=****
OPERATION_CODE=FCT
PRODUCTION_ORDER=PMQ008531
SERIAL_NUM=24240034

response at 6/25/2024 1:55:23 PM:
OK




To localhost at 6/25/2024 2:16:18 PM:
REQUEST_TYPE=PfsLogin
WORK_CENTER=P00670
DATABASE=PFSMYP4
WORK_CENTER=P00670
USER_ID=bangun
PASSWORD=****
OPERATION_CODE=FCT
PRODUCTION_ORDER=PMQ008531

response at 6/25/2024 2:16:20 PM:
OK




To localhost at 6/25/2024 2:16:21 PM:
REQUEST_TYPE=PfsSendResults
WORK_CENTER=P00670
DATABASE=PFSMYP4
WORK_CENTER=P00670
USER_ID=bangun
PASSWORD=****
OPERATION_CODE=FCT
PRODUCTION_ORDER=PMQ008531
SERIAL_NUM=24240034
PASS_FAIL=P

response at 6/25/2024 2:16:23 PM:
OK




To localhost at 6/25/2024 2:16:40 PM:
REQUEST_TYPE=PfsGetItemInfo
DATABASE=PFSMYP4
USER_ID=bangun
PASSWORD=****
SERIAL_NUM=24240015
RETURN_VALUES=COMP_ITEM_NUMBER

response at 6/25/2024 2:16:42 PM:
OK
ROSSCMEMBUSPCBA-LFVAE




To localhost at 6/25/2024 2:16:42 PM:
REQUEST_TYPE=PfsQuery
WORK_CENTER=P00670
DATABASE=PFSMYP4
WORK_CENTER=P00670
USER_ID=bangun
PASSWORD=****
OPERATION_CODE=FCT
PRODUCTION_ORDER=PMQ008531
SERIAL_NUM=24240015

response at 6/25/2024 2:16:44 PM:
OK




To localhost at 6/25/2024 2:38:29 PM:
REQUEST_TYPE=PfsLogin
WORK_CENTER=P00670
DATABASE=PFSMYP4
WORK_CENTER=P00670
USER_ID=bangun
PASSWORD=****
OPERATION_CODE=FCT
PRODUCTION_ORDER=PMQ008531

response at 6/25/2024 2:38:32 PM:
OK




To localhost at 6/25/2024 2:38:32 PM:
REQUEST_TYPE=PfsSendResults
WORK_CENTER=P00670
DATABASE=PFSMYP4
WORK_CENTER=P00670
USER_ID=bangun
PASSWORD=****
OPERATION_CODE=FCT
PRODUCTION_ORDER=PMQ008531
SERIAL_NUM=24240015
PASS_FAIL=P

response at 6/25/2024 2:38:35 PM:
OK




To localhost at 6/25/2024 2:39:03 PM:
REQUEST_TYPE=PfsGetItemInfo
DATABASE=PFSMYP4
USER_ID=bangun
PASSWORD=****
SERIAL_NUM=24240031
RETURN_VALUES=COMP_ITEM_NUMBER

response at 6/25/2024 2:39:05 PM:
OK
ROSSCMEMBUSPCBA-LFVAE




To localhost at 6/25/2024 2:39:05 PM:
REQUEST_TYPE=PfsQuery
WORK_CENTER=P00670
DATABASE=PFSMYP4
WORK_CENTER=P00670
USER_ID=bangun
PASSWORD=****
OPERATION_CODE=FCT
PRODUCTION_ORDER=PMQ008531
SERIAL_NUM=24240031

response at 6/25/2024 2:39:07 PM:
OK




To localhost at 6/25/2024 2:58:56 PM:
REQUEST_TYPE=PfsLogin
WORK_CENTER=P00670
DATABASE=PFSMYP4
WORK_CENTER=P00670
USER_ID=bangun
PASSWORD=****
OPERATION_CODE=FCT
PRODUCTION_ORDER=PMQ008531

response at 6/25/2024 2:58:58 PM:
OK




To localhost at 6/25/2024 2:58:59 PM:
REQUEST_TYPE=PfsSendResults
WORK_CENTER=P00670
DATABASE=PFSMYP4
WORK_CENTER=P00670
USER_ID=bangun
PASSWORD=****
OPERATION_CODE=FCT
PRODUCTION_ORDER=PMQ008531
SERIAL_NUM=24240031
PASS_FAIL=P

response at 6/25/2024 2:59:01 PM:
OK




To localhost at 6/25/2024 2:59:28 PM:
REQUEST_TYPE=PfsGetItemInfo
DATABASE=PFSMYP4
USER_ID=bangun
PASSWORD=****
SERIAL_NUM=24240029
RETURN_VALUES=COMP_ITEM_NUMBER

response at 6/25/2024 2:59:30 PM:
OK
ROSSCMEMBUSPCBA-LFVAE




To localhost at 6/25/2024 2:59:30 PM:
REQUEST_TYPE=PfsQuery
WORK_CENTER=P00670
DATABASE=PFSMYP4
WORK_CENTER=P00670
USER_ID=bangun
PASSWORD=****
OPERATION_CODE=FCT
PRODUCTION_ORDER=PMQ008531
SERIAL_NUM=24240029

response at 6/25/2024 2:59:32 PM:
OK




To localhost at 6/25/2024 3:10:08 PM:
REQUEST_TYPE=PfsLogin
WORK_CENTER=P00670
DATABASE=PFSMYP4
WORK_CENTER=P00670
USER_ID=bangun
PASSWORD=****
OPERATION_CODE=FCT
PRODUCTION_ORDER=PMQ008531

response at 6/25/2024 3:10:10 PM:
OK




To localhost at 6/25/2024 3:10:11 PM:
REQUEST_TYPE=PfsSendResults
WORK_CENTER=P00670
DATABASE=PFSMYP4
WORK_CENTER=P00670
USER_ID=bangun
PASSWORD=****
OPERATION_CODE=FCT
PRODUCTION_ORDER=PMQ008531
SERIAL_NUM=24240029
PASS_FAIL=F
FAILURE_CODE=-1
FAILURE_COMMENT=Err'NI-845x I2C Write.vi:4470001\nNI-845x:  The slave did not acknowledge an address+direction byte transmitted by the I2C master.  If you are using ACK polling, consider increasing the timeout. Other reasons include the incorrect address set in the I2C configuration or the incorrect use of the 7-bit address. When entering an address to access a 7-bit device, do not include the direction bit. The NI-845x Basic I2C API internally sets the direction bit to the correct value, depending on the function (write or read). If your datasheet specifies the 7-bit device address as a byte, discard the direction bit (bit 0) and right-shift the byte value by one to create the 7-bit address.' at step 'Write Serial Number' in seq 'ProcessModelPostStepRuntimeError'

response at 6/25/2024 3:10:13 PM:
OK




To localhost at 6/25/2024 3:11:36 PM:
REQUEST_TYPE=PfsLogin
WORK_CENTER=P00670
DATABASE=PFSMYP4
WORK_CENTER=P00670
USER_ID=bangun
PASSWORD=****
OPERATION_CODE=FCT
PRODUCTION_ORDER=PMQ008531

response at 6/25/2024 3:11:38 PM:
OK




To localhost at 6/25/2024 3:11:38 PM:
REQUEST_TYPE=PfsGetItemInfo
DATABASE=PFSMYP4
USER_ID=bangun
PASSWORD=****
SERIAL_NUM=24240033
RETURN_VALUES=COMP_ITEM_NUMBER

response at 6/25/2024 3:11:40 PM:
OK
ROSSCMEMBUSPCBA-LFVAE




To localhost at 6/25/2024 3:11:40 PM:
REQUEST_TYPE=PfsQuery
WORK_CENTER=P00670
DATABASE=PFSMYP4
WORK_CENTER=P00670
USER_ID=bangun
PASSWORD=****
OPERATION_CODE=FCT
PRODUCTION_ORDER=PMQ008531
SERIAL_NUM=24240033

response at 6/25/2024 3:11:43 PM:
OK




To localhost at 6/25/2024 3:32:08 PM:
REQUEST_TYPE=PfsLogin
WORK_CENTER=P00670
DATABASE=PFSMYP4
WORK_CENTER=P00670
USER_ID=bangun
PASSWORD=****
OPERATION_CODE=FCT
PRODUCTION_ORDER=PMQ008531

response at 6/25/2024 3:32:12 PM:
OK




To localhost at 6/25/2024 3:32:13 PM:
REQUEST_TYPE=PfsSendResults
WORK_CENTER=P00670
DATABASE=PFSMYP4
WORK_CENTER=P00670
USER_ID=bangun
PASSWORD=****
OPERATION_CODE=FCT
PRODUCTION_ORDER=PMQ008531
SERIAL_NUM=24240033
PASS_FAIL=P

response at 6/25/2024 3:32:15 PM:
OK




To localhost at 6/25/2024 3:32:34 PM:
REQUEST_TYPE=PfsGetItemInfo
DATABASE=PFSMYP4
USER_ID=bangun
PASSWORD=****
SERIAL_NUM=24240027
RETURN_VALUES=COMP_ITEM_NUMBER

response at 6/25/2024 3:32:36 PM:
OK
ROSSCMEMBUSPCBA-LFVAE




To localhost at 6/25/2024 3:32:36 PM:
REQUEST_TYPE=PfsQuery
WORK_CENTER=P00670
DATABASE=PFSMYP4
WORK_CENTER=P00670
USER_ID=bangun
PASSWORD=****
OPERATION_CODE=FCT
PRODUCTION_ORDER=PMQ008531
SERIAL_NUM=24240027

response at 6/25/2024 3:32:38 PM:
OK




To localhost at 6/25/2024 4:02:27 PM:
REQUEST_TYPE=PfsLogin
WORK_CENTER=P00670
DATABASE=PFSMYP4
WORK_CENTER=P00670
USER_ID=bangun
PASSWORD=****
OPERATION_CODE=FCT
PRODUCTION_ORDER=PMQ008531

response at 6/25/2024 4:02:29 PM:
OK




To localhost at 6/25/2024 4:02:30 PM:
REQUEST_TYPE=PfsSendResults
WORK_CENTER=P00670
DATABASE=PFSMYP4
WORK_CENTER=P00670
USER_ID=bangun
PASSWORD=****
OPERATION_CODE=FCT
PRODUCTION_ORDER=PMQ008531
SERIAL_NUM=24240027
PASS_FAIL=P

response at 6/25/2024 4:02:32 PM:
OK




To localhost at 6/25/2024 4:02:48 PM:
REQUEST_TYPE=PfsGetItemInfo
DATABASE=PFSMYP4
USER_ID=bangun
PASSWORD=****
SERIAL_NUM=24240047
RETURN_VALUES=COMP_ITEM_NUMBER

response at 6/25/2024 4:02:50 PM:
OK
ROSSCMEMBUSPCBA-LFVAE




To localhost at 6/25/2024 4:02:50 PM:
REQUEST_TYPE=PfsQuery
WORK_CENTER=P00670
DATABASE=PFSMYP4
WORK_CENTER=P00670
USER_ID=bangun
PASSWORD=****
OPERATION_CODE=FCT
PRODUCTION_ORDER=PMQ008531
SERIAL_NUM=24240047

response at 6/25/2024 4:02:52 PM:
OK




To localhost at 6/25/2024 4:23:50 PM:
REQUEST_TYPE=PfsLogin
WORK_CENTER=P00670
DATABASE=PFSMYP4
WORK_CENTER=P00670
USER_ID=bangun
PASSWORD=****
OPERATION_CODE=FCT
PRODUCTION_ORDER=PMQ008531

response at 6/25/2024 4:23:52 PM:
OK




To localhost at 6/25/2024 4:23:53 PM:
REQUEST_TYPE=PfsSendResults
WORK_CENTER=P00670
DATABASE=PFSMYP4
WORK_CENTER=P00670
USER_ID=bangun
PASSWORD=****
OPERATION_CODE=FCT
PRODUCTION_ORDER=PMQ008531
SERIAL_NUM=24240047
PASS_FAIL=P

response at 6/25/2024 4:23:55 PM:
OK




To localhost at 6/25/2024 4:25:16 PM:
REQUEST_TYPE=PfsGetItemInfo
DATABASE=PFSMYP4
USER_ID=bangun
PASSWORD=****
SERIAL_NUM=24240037
RETURN_VALUES=COMP_ITEM_NUMBER

response at 6/25/2024 4:25:18 PM:
OK
ROSSCMEMBUSPCBA-LFVAE




To localhost at 6/25/2024 4:25:18 PM:
REQUEST_TYPE=PfsQuery
WORK_CENTER=P00670
DATABASE=PFSMYP4
WORK_CENTER=P00670
USER_ID=bangun
PASSWORD=****
OPERATION_CODE=FCT
PRODUCTION_ORDER=PMQ008531
SERIAL_NUM=24240037

response at 6/25/2024 4:25:20 PM:
OK




To localhost at 6/25/2024 4:47:48 PM:
REQUEST_TYPE=PfsLogin
WORK_CENTER=P00670
DATABASE=PFSMYP4
WORK_CENTER=P00670
USER_ID=bangun
PASSWORD=****
OPERATION_CODE=FCT
PRODUCTION_ORDER=PMQ008531

response at 6/25/2024 4:47:51 PM:
OK




To localhost at 6/25/2024 4:47:51 PM:
REQUEST_TYPE=PfsSendResults
WORK_CENTER=P00670
DATABASE=PFSMYP4
WORK_CENTER=P00670
USER_ID=bangun
PASSWORD=****
OPERATION_CODE=FCT
PRODUCTION_ORDER=PMQ008531
SERIAL_NUM=24240037
PASS_FAIL=P

response at 6/25/2024 4:47:53 PM:
OK




To localhost at 6/25/2024 4:48:23 PM:
REQUEST_TYPE=PfsGetItemInfo
DATABASE=PFSMYP4
USER_ID=bangun
PASSWORD=****
SERIAL_NUM=24240044
RETURN_VALUES=COMP_ITEM_NUMBER

response at 6/25/2024 4:48:25 PM:
OK
ROSSCMEMBUSPCBA-LFVAE




To localhost at 6/25/2024 4:48:26 PM:
REQUEST_TYPE=PfsQuery
WORK_CENTER=P00670
DATABASE=PFSMYP4
WORK_CENTER=P00670
USER_ID=bangun
PASSWORD=****
OPERATION_CODE=FCT
PRODUCTION_ORDER=PMQ008531
SERIAL_NUM=24240044

response at 6/25/2024 4:48:28 PM:
OK




To localhost at 6/25/2024 5:14:08 PM:
REQUEST_TYPE=PfsLogin
WORK_CENTER=P00670
DATABASE=PFSMYP4
WORK_CENTER=P00670
USER_ID=bangun
PASSWORD=****
OPERATION_CODE=FCT
PRODUCTION_ORDER=PMQ008531

response at 6/25/2024 5:14:10 PM:
OK




To localhost at 6/25/2024 5:14:11 PM:
REQUEST_TYPE=PfsSendResults
WORK_CENTER=P00670
DATABASE=PFSMYP4
WORK_CENTER=P00670
USER_ID=bangun
PASSWORD=****
OPERATION_CODE=FCT
PRODUCTION_ORDER=PMQ008531
SERIAL_NUM=24240044
PASS_FAIL=P

response at 6/25/2024 5:14:13 PM:
OK




To localhost at 6/25/2024 5:14:31 PM:
REQUEST_TYPE=PfsGetItemInfo
DATABASE=PFSMYP4
USER_ID=bangun
PASSWORD=****
SERIAL_NUM=24240030
RETURN_VALUES=COMP_ITEM_NUMBER

response at 6/25/2024 5:14:34 PM:
OK
ROSSCMEMBUSPCBA-LFVAE




To localhost at 6/25/2024 5:14:34 PM:
REQUEST_TYPE=PfsQuery
WORK_CENTER=P00670
DATABASE=PFSMYP4
WORK_CENTER=P00670
USER_ID=bangun
PASSWORD=****
OPERATION_CODE=FCT
PRODUCTION_ORDER=PMQ008531
SERIAL_NUM=24240030

response at 6/25/2024 5:14:36 PM:
OK




To localhost at 6/25/2024 5:42:00 PM:
REQUEST_TYPE=PfsLogin
WORK_CENTER=P00670
DATABASE=PFSMYP4
WORK_CENTER=P00670
USER_ID=bangun
PASSWORD=****
OPERATION_CODE=FCT
PRODUCTION_ORDER=PMQ008531

response at 6/25/2024 5:42:05 PM:
OK




To localhost at 6/25/2024 5:42:05 PM:
REQUEST_TYPE=PfsSendResults
WORK_CENTER=P00670
DATABASE=PFSMYP4
WORK_CENTER=P00670
USER_ID=bangun
PASSWORD=****
OPERATION_CODE=FCT
PRODUCTION_ORDER=PMQ008531
SERIAL_NUM=24240030
PASS_FAIL=P

response at 6/25/2024 5:42:08 PM:
OK




To localhost at 6/25/2024 5:42:25 PM:
REQUEST_TYPE=PfsGetItemInfo
DATABASE=PFSMYP4
USER_ID=bangun
PASSWORD=****
SERIAL_NUM=24240038
RETURN_VALUES=COMP_ITEM_NUMBER

response at 6/25/2024 5:42:27 PM:
OK
ROSSCMEMBUSPCBA-LFVAE




To localhost at 6/25/2024 5:42:27 PM:
REQUEST_TYPE=PfsQuery
WORK_CENTER=P00670
DATABASE=PFSMYP4
WORK_CENTER=P00670
USER_ID=bangun
PASSWORD=****
OPERATION_CODE=FCT
PRODUCTION_ORDER=PMQ008531
SERIAL_NUM=24240038

response at 6/25/2024 5:42:29 PM:
OK




To localhost at 6/25/2024 6:06:22 PM:
REQUEST_TYPE=PfsLogin
WORK_CENTER=P00670
DATABASE=PFSMYP4
WORK_CENTER=P00670
USER_ID=bangun
PASSWORD=****
OPERATION_CODE=FCT
PRODUCTION_ORDER=PMQ008531

response at 6/25/2024 6:06:25 PM:
OK




To localhost at 6/25/2024 6:06:25 PM:
REQUEST_TYPE=PfsSendResults
WORK_CENTER=P00670
DATABASE=PFSMYP4
WORK_CENTER=P00670
USER_ID=bangun
PASSWORD=****
OPERATION_CODE=FCT
PRODUCTION_ORDER=PMQ008531
SERIAL_NUM=24240038
PASS_FAIL=P

response at 6/25/2024 6:06:27 PM:
OK




To localhost at 6/25/2024 6:06:42 PM:
REQUEST_TYPE=PfsGetItemInfo
DATABASE=PFSMYP4
USER_ID=bangun
PASSWORD=****
SERIAL_NUM=24240050
RETURN_VALUES=COMP_ITEM_NUMBER

response at 6/25/2024 6:06:44 PM:
OK
ROSSCMEMBUSPCBA-LFVAE




To localhost at 6/25/2024 6:06:44 PM:
REQUEST_TYPE=PfsQuery
WORK_CENTER=P00670
DATABASE=PFSMYP4
WORK_CENTER=P00670
USER_ID=bangun
PASSWORD=****
OPERATION_CODE=FCT
PRODUCTION_ORDER=PMQ008531
SERIAL_NUM=24240050

response at 6/25/2024 6:06:46 PM:
OK




To localhost at 6/25/2024 6:27:27 PM:
REQUEST_TYPE=PfsLogin
WORK_CENTER=P00670
DATABASE=PFSMYP4
WORK_CENTER=P00670
USER_ID=bangun
PASSWORD=****
OPERATION_CODE=FCT
PRODUCTION_ORDER=PMQ008531

response at 6/25/2024 6:27:30 PM:
OK




To localhost at 6/25/2024 6:27:31 PM:
REQUEST_TYPE=PfsSendResults
WORK_CENTER=P00670
DATABASE=PFSMYP4
WORK_CENTER=P00670
USER_ID=bangun
PASSWORD=****
OPERATION_CODE=FCT
PRODUCTION_ORDER=PMQ008531
SERIAL_NUM=24240050
PASS_FAIL=P

response at 6/25/2024 6:27:33 PM:
OK




To localhost at 6/25/2024 6:28:17 PM:
REQUEST_TYPE=PfsGetItemInfo
DATABASE=PFSMYP4
USER_ID=bangun
PASSWORD=****
SERIAL_NUM=24240036
RETURN_VALUES=COMP_ITEM_NUMBER

response at 6/25/2024 6:28:19 PM:
OK
ROSSCMEMBUSPCBA-LFVAE




To localhost at 6/25/2024 6:28:20 PM:
REQUEST_TYPE=PfsQuery
WORK_CENTER=P00670
DATABASE=PFSMYP4
WORK_CENTER=P00670
USER_ID=bangun
PASSWORD=****
OPERATION_CODE=FCT
PRODUCTION_ORDER=PMQ008531
SERIAL_NUM=24240036

response at 6/25/2024 6:28:22 PM:
OK




To localhost at 6/25/2024 6:50:23 PM:
REQUEST_TYPE=PfsLogin
WORK_CENTER=P00670
DATABASE=PFSMYP4
WORK_CENTER=P00670
USER_ID=bangun
PASSWORD=****
OPERATION_CODE=FCT
PRODUCTION_ORDER=PMQ008531

response at 6/25/2024 6:50:26 PM:
OK




To localhost at 6/25/2024 6:50:26 PM:
REQUEST_TYPE=PfsSendResults
WORK_CENTER=P00670
DATABASE=PFSMYP4
WORK_CENTER=P00670
USER_ID=bangun
PASSWORD=****
OPERATION_CODE=FCT
PRODUCTION_ORDER=PMQ008531
SERIAL_NUM=24240036
PASS_FAIL=P

response at 6/25/2024 6:50:28 PM:
OK




To localhost at 6/26/2024 7:26:34 AM:
REQUEST_TYPE=PfsGetItemInfo
DATABASE=PFSMYP4
USER_ID=bangun
PASSWORD=****
SERIAL_NUM=24240006
RETURN_VALUES=COMP_ITEM_NUMBER

response at 6/26/2024 7:26:36 AM:
OK
ROSSCMEMBUSPCBA-LFVAE




To localhost at 6/26/2024 7:26:37 AM:
REQUEST_TYPE=PfsQuery
WORK_CENTER=P00670
DATABASE=PFSMYP4
WORK_CENTER=P00670
USER_ID=bangun
PASSWORD=****
OPERATION_CODE=FCT
PRODUCTION_ORDER=PMQ008531
SERIAL_NUM=24240006

response at 6/26/2024 7:26:39 AM:
OK




To localhost at 6/26/2024 7:41:17 AM:
REQUEST_TYPE=PfsLogin
WORK_CENTER=P00670
DATABASE=PFSMYP4
WORK_CENTER=P00670
USER_ID=bangun
PASSWORD=****
OPERATION_CODE=FCT
PRODUCTION_ORDER=PMQ008531

response at 6/26/2024 7:41:20 AM:
OK




To localhost at 6/26/2024 7:41:20 AM:
REQUEST_TYPE=PfsSendResults
WORK_CENTER=P00670
DATABASE=PFSMYP4
WORK_CENTER=P00670
USER_ID=bangun
PASSWORD=****
OPERATION_CODE=FCT
PRODUCTION_ORDER=PMQ008531
SERIAL_NUM=24240006
PASS_FAIL=P

response at 6/26/2024 7:41:22 AM:
OK




To localhost at 6/26/2024 7:41:38 AM:
REQUEST_TYPE=PfsGetItemInfo
DATABASE=PFSMYP4
USER_ID=bangun
PASSWORD=****
SERIAL_NUM=24240016
RETURN_VALUES=COMP_ITEM_NUMBER

response at 6/26/2024 7:41:40 AM:
OK
ROSSCMEMBUSPCBA-LFVAE




To localhost at 6/26/2024 7:41:40 AM:
REQUEST_TYPE=PfsQuery
WORK_CENTER=P00670
DATABASE=PFSMYP4
WORK_CENTER=P00670
USER_ID=bangun
PASSWORD=****
OPERATION_CODE=FCT
PRODUCTION_ORDER=PMQ008531
SERIAL_NUM=24240016

response at 6/26/2024 7:41:42 AM:
OK




To localhost at 6/26/2024 7:55:10 AM:
REQUEST_TYPE=PfsLogin
WORK_CENTER=P00670
DATABASE=PFSMYP4
WORK_CENTER=P00670
USER_ID=bangun
PASSWORD=****
OPERATION_CODE=FCT
PRODUCTION_ORDER=PMQ008531

response at 6/26/2024 7:55:12 AM:
OK




To localhost at 6/26/2024 7:55:13 AM:
REQUEST_TYPE=PfsSendResults
WORK_CENTER=P00670
DATABASE=PFSMYP4
WORK_CENTER=P00670
USER_ID=bangun
PASSWORD=****
OPERATION_CODE=FCT
PRODUCTION_ORDER=PMQ008531
SERIAL_NUM=24240016
PASS_FAIL=P

response at 6/26/2024 7:55:15 AM:
OK




To localhost at 6/26/2024 7:55:38 AM:
REQUEST_TYPE=PfsGetItemInfo
DATABASE=PFSMYP4
USER_ID=bangun
PASSWORD=****
SERIAL_NUM=24240008
RETURN_VALUES=COMP_ITEM_NUMBER

response at 6/26/2024 7:55:40 AM:
OK
ROSSCMEMBUSPCBA-LFVAE




To localhost at 6/26/2024 7:55:41 AM:
REQUEST_TYPE=PfsQuery
WORK_CENTER=P00670
DATABASE=PFSMYP4
WORK_CENTER=P00670
USER_ID=bangun
PASSWORD=****
OPERATION_CODE=FCT
PRODUCTION_ORDER=PMQ008531
SERIAL_NUM=24240008

response at 6/26/2024 7:55:43 AM:
OK




To localhost at 6/26/2024 8:15:52 AM:
REQUEST_TYPE=PfsLogin
WORK_CENTER=P00670
DATABASE=PFSMYP4
WORK_CENTER=P00670
USER_ID=bangun
PASSWORD=****
OPERATION_CODE=FCT
PRODUCTION_ORDER=PMQ008531

response at 6/26/2024 8:15:55 AM:
OK




To localhost at 6/26/2024 8:15:55 AM:
REQUEST_TYPE=PfsSendResults
WORK_CENTER=P00670
DATABASE=PFSMYP4
WORK_CENTER=P00670
USER_ID=bangun
PASSWORD=****
OPERATION_CODE=FCT
PRODUCTION_ORDER=PMQ008531
SERIAL_NUM=24240008
PASS_FAIL=P

response at 6/26/2024 8:15:58 AM:
OK




To localhost at 6/26/2024 8:16:22 AM:
REQUEST_TYPE=PfsGetItemInfo
DATABASE=PFSMYP4
USER_ID=bangun
PASSWORD=****
SERIAL_NUM=24240023
RETURN_VALUES=COMP_ITEM_NUMBER

response at 6/26/2024 8:16:24 AM:
OK
ROSSCMEMBUSPCBA-LFVAE




To localhost at 6/26/2024 8:16:24 AM:
REQUEST_TYPE=PfsQuery
WORK_CENTER=P00670
DATABASE=PFSMYP4
WORK_CENTER=P00670
USER_ID=bangun
PASSWORD=****
OPERATION_CODE=FCT
PRODUCTION_ORDER=PMQ008531
SERIAL_NUM=24240023

response at 6/26/2024 8:16:26 AM:
OK




To localhost at 6/26/2024 8:37:34 AM:
REQUEST_TYPE=PfsLogin
WORK_CENTER=P00670
DATABASE=PFSMYP4
WORK_CENTER=P00670
USER_ID=bangun
PASSWORD=****
OPERATION_CODE=FCT
PRODUCTION_ORDER=PMQ008531

response at 6/26/2024 8:37:36 AM:
OK




To localhost at 6/26/2024 8:37:37 AM:
REQUEST_TYPE=PfsSendResults
WORK_CENTER=P00670
DATABASE=PFSMYP4
WORK_CENTER=P00670
USER_ID=bangun
PASSWORD=****
OPERATION_CODE=FCT
PRODUCTION_ORDER=PMQ008531
SERIAL_NUM=24240023
PASS_FAIL=P

response at 6/26/2024 8:37:39 AM:
OK




To localhost at 6/26/2024 8:37:57 AM:
REQUEST_TYPE=PfsGetItemInfo
DATABASE=PFSMYP4
USER_ID=bangun
PASSWORD=****
SERIAL_NUM=24240048
RETURN_VALUES=COMP_ITEM_NUMBER

response at 6/26/2024 8:37:59 AM:
OK
ROSSCMEMBUSPCBA-LFVAE




To localhost at 6/26/2024 8:37:59 AM:
REQUEST_TYPE=PfsQuery
WORK_CENTER=P00670
DATABASE=PFSMYP4
WORK_CENTER=P00670
USER_ID=bangun
PASSWORD=****
OPERATION_CODE=FCT
PRODUCTION_ORDER=PMQ008531
SERIAL_NUM=24240048

response at 6/26/2024 8:38:01 AM:
OK




To localhost at 6/26/2024 8:57:51 AM:
REQUEST_TYPE=PfsLogin
WORK_CENTER=P00670
DATABASE=PFSMYP4
WORK_CENTER=P00670
USER_ID=bangun
PASSWORD=****
OPERATION_CODE=FCT
PRODUCTION_ORDER=PMQ008531

response at 6/26/2024 8:57:53 AM:
OK




To localhost at 6/26/2024 8:57:54 AM:
REQUEST_TYPE=PfsSendResults
WORK_CENTER=P00670
DATABASE=PFSMYP4
WORK_CENTER=P00670
USER_ID=bangun
PASSWORD=****
OPERATION_CODE=FCT
PRODUCTION_ORDER=PMQ008531
SERIAL_NUM=24240048
PASS_FAIL=P

response at 6/26/2024 8:57:56 AM:
OK




To localhost at 6/26/2024 8:58:18 AM:
REQUEST_TYPE=PfsGetItemInfo
DATABASE=PFSMYP4
USER_ID=bangun
PASSWORD=****
SERIAL_NUM=24240024
RETURN_VALUES=COMP_ITEM_NUMBER

response at 6/26/2024 8:58:21 AM:
OK
ROSSCMEMBUSPCBA-LFVAE




To localhost at 6/26/2024 8:58:21 AM:
REQUEST_TYPE=PfsQuery
WORK_CENTER=P00670
DATABASE=PFSMYP4
WORK_CENTER=P00670
USER_ID=bangun
PASSWORD=****
OPERATION_CODE=FCT
PRODUCTION_ORDER=PMQ008531
SERIAL_NUM=24240024

response at 6/26/2024 8:58:23 AM:
OK




To localhost at 6/26/2024 9:13:05 AM:
REQUEST_TYPE=PfsLogin
WORK_CENTER=P00670
DATABASE=PFSMYP4
WORK_CENTER=P00670
USER_ID=bangun
PASSWORD=****
OPERATION_CODE=FCT
PRODUCTION_ORDER=PMQ008531

response at 6/26/2024 9:13:07 AM:
OK




To localhost at 6/26/2024 9:13:08 AM:
REQUEST_TYPE=PfsSendResults
WORK_CENTER=P00670
DATABASE=PFSMYP4
WORK_CENTER=P00670
USER_ID=bangun
PASSWORD=****
OPERATION_CODE=FCT
PRODUCTION_ORDER=PMQ008531
SERIAL_NUM=24240024
PASS_FAIL=P

response at 6/26/2024 9:13:10 AM:
OK




To localhost at 6/26/2024 9:14:00 AM:
REQUEST_TYPE=PfsGetItemInfo
DATABASE=PFSMYP4
USER_ID=bangun
PASSWORD=****
SERIAL_NUM=24240014
RETURN_VALUES=COMP_ITEM_NUMBER

response at 6/26/2024 9:14:02 AM:
OK
ROSSCMEMBUSPCBA-LFVAE




To localhost at 6/26/2024 9:14:02 AM:
REQUEST_TYPE=PfsQuery
WORK_CENTER=P00670
DATABASE=PFSMYP4
WORK_CENTER=P00670
USER_ID=bangun
PASSWORD=****
OPERATION_CODE=FCT
PRODUCTION_ORDER=PMQ008531
SERIAL_NUM=24240014

response at 6/26/2024 9:14:04 AM:
OK




To localhost at 6/26/2024 9:34:16 AM:
REQUEST_TYPE=PfsLogin
WORK_CENTER=P00670
DATABASE=PFSMYP4
WORK_CENTER=P00670
USER_ID=bangun
PASSWORD=****
OPERATION_CODE=FCT
PRODUCTION_ORDER=PMQ008531

response at 6/26/2024 9:34:18 AM:
OK




To localhost at 6/26/2024 9:34:19 AM:
REQUEST_TYPE=PfsSendResults
WORK_CENTER=P00670
DATABASE=PFSMYP4
WORK_CENTER=P00670
USER_ID=bangun
PASSWORD=****
OPERATION_CODE=FCT
PRODUCTION_ORDER=PMQ008531
SERIAL_NUM=24240014
PASS_FAIL=F
FAILURE_CODE=-1
FAILURE_COMMENT=TRS03.4 - OUT3 Current in TRS03 - PPS Power Up Check From J9 & J10

response at 6/26/2024 9:34:21 AM:
OK




To localhost at 6/26/2024 9:36:37 AM:
REQUEST_TYPE=PfsLogin
WORK_CENTER=P00670
DATABASE=PFSMYP4
WORK_CENTER=P00670
USER_ID=bangun
PASSWORD=****
OPERATION_CODE=FCT
PRODUCTION_ORDER=PMQ008531

response at 6/26/2024 9:36:39 AM:
OK




To localhost at 6/26/2024 9:36:40 AM:
REQUEST_TYPE=PfsGetItemInfo
DATABASE=PFSMYP4
USER_ID=bangun
PASSWORD=****
SERIAL_NUM=24240001
RETURN_VALUES=COMP_ITEM_NUMBER

response at 6/26/2024 9:36:42 AM:
OK
ROSSCMEMBUSPCBA-LFVAE




To localhost at 6/26/2024 9:36:42 AM:
REQUEST_TYPE=PfsQuery
WORK_CENTER=P00670
DATABASE=PFSMYP4
WORK_CENTER=P00670
USER_ID=bangun
PASSWORD=****
OPERATION_CODE=FCT
PRODUCTION_ORDER=PMQ008531
SERIAL_NUM=24240001

response at 6/26/2024 9:36:44 AM:
OK




To localhost at 6/26/2024 9:37:19 AM:
REQUEST_TYPE=PfsSendResults
WORK_CENTER=P00670
DATABASE=PFSMYP4
WORK_CENTER=P00670
USER_ID=bangun
PASSWORD=****
OPERATION_CODE=FCT
PRODUCTION_ORDER=PMQ008531
SERIAL_NUM=24240001
PASS_FAIL=F
FAILURE_CODE=-1
FAILURE_COMMENT=terminated

response at 6/26/2024 9:37:21 AM:
OK




To localhost at 6/26/2024 9:47:55 AM:
REQUEST_TYPE=PfsLogin
WORK_CENTER=P00670
DATABASE=PFSMYP4
WORK_CENTER=P00670
USER_ID=bangun
PASSWORD=****
OPERATION_CODE=FCT
PRODUCTION_ORDER=PMQ008531

response at 6/26/2024 9:47:57 AM:
OK




To localhost at 6/26/2024 9:47:57 AM:
REQUEST_TYPE=PfsGetItemInfo
DATABASE=PFSMYP4
USER_ID=bangun
PASSWORD=****
SERIAL_NUM=24240001
RETURN_VALUES=COMP_ITEM_NUMBER

response at 6/26/2024 9:47:59 AM:
OK
ROSSCMEMBUSPCBA-LFVAE




To localhost at 6/26/2024 9:47:59 AM:
REQUEST_TYPE=PfsQuery
WORK_CENTER=P00670
DATABASE=PFSMYP4
WORK_CENTER=P00670
USER_ID=bangun
PASSWORD=****
OPERATION_CODE=FCT
PRODUCTION_ORDER=PMQ008531
SERIAL_NUM=24240001

response at 6/26/2024 9:48:01 AM:
PfsQuery Failure: ROSSCMEMBUSPCBA-LFVAE::24240001 has open defects.




To localhost at 6/26/2024 9:48:23 AM:
REQUEST_TYPE=PfsGetItemInfo
DATABASE=PFSMYP4
USER_ID=bangun
PASSWORD=****
SERIAL_NUM=24240018
RETURN_VALUES=COMP_ITEM_NUMBER

response at 6/26/2024 9:48:25 AM:
OK
ROSSCMEMBUSPCBA-LFVAE




To localhost at 6/26/2024 9:48:25 AM:
REQUEST_TYPE=PfsQuery
WORK_CENTER=P00670
DATABASE=PFSMYP4
WORK_CENTER=P00670
USER_ID=bangun
PASSWORD=****
OPERATION_CODE=FCT
PRODUCTION_ORDER=PMQ008531
SERIAL_NUM=24240018

response at 6/26/2024 9:48:27 AM:
OK




To localhost at 6/26/2024 9:51:53 AM:
REQUEST_TYPE=PfsLogin
WORK_CENTER=P00670
DATABASE=PFSMYP4
WORK_CENTER=P00670
USER_ID=bangun
PASSWORD=****
OPERATION_CODE=FCT
PRODUCTION_ORDER=PMQ008531

response at 6/26/2024 9:51:55 AM:
OK




To localhost at 6/26/2024 9:51:56 AM:
REQUEST_TYPE=PfsSendResults
WORK_CENTER=P00670
DATABASE=PFSMYP4
WORK_CENTER=P00670
USER_ID=bangun
PASSWORD=****
OPERATION_CODE=FCT
PRODUCTION_ORDER=PMQ008531
SERIAL_NUM=24240018
PASS_FAIL=F
FAILURE_CODE=-1
FAILURE_COMMENT=terminated

response at 6/26/2024 9:51:58 AM:
OK




To localhost at 6/26/2024 10:11:32 AM:
REQUEST_TYPE=PfsLogin
WORK_CENTER=P00670
DATABASE=PFSMYP4
WORK_CENTER=P00670
USER_ID=bangun
PASSWORD=****
OPERATION_CODE=FCT
PRODUCTION_ORDER=pmq008531

response at 6/26/2024 10:11:34 AM:
OK




To localhost at 6/26/2024 10:11:35 AM:
REQUEST_TYPE=PfsGetItemInfo
DATABASE=PFSMYP4
USER_ID=bangun
PASSWORD=****
SERIAL_NUM=24240011
RETURN_VALUES=COMP_ITEM_NUMBER

response at 6/26/2024 10:11:37 AM:
OK
ROSSCMEMBUSPCBA-LFVAE




To localhost at 6/26/2024 10:11:37 AM:
REQUEST_TYPE=PfsQuery
WORK_CENTER=P00670
DATABASE=PFSMYP4
WORK_CENTER=P00670
USER_ID=bangun
PASSWORD=****
OPERATION_CODE=FCT
PRODUCTION_ORDER=pmq008531
SERIAL_NUM=24240011

response at 6/26/2024 10:11:39 AM:
OK




To localhost at 6/26/2024 11:21:14 AM:
REQUEST_TYPE=PfsLogin
WORK_CENTER=P00670
DATABASE=PFSMYP4
WORK_CENTER=P00670
USER_ID=bangun
PASSWORD=****
OPERATION_CODE=FCT
PRODUCTION_ORDER=PMQ008531

response at 6/26/2024 11:21:17 AM:
OK




To localhost at 6/26/2024 11:21:17 AM:
REQUEST_TYPE=PfsGetItemInfo
DATABASE=PFSMYP4
USER_ID=bangun
PASSWORD=****
SERIAL_NUM=24240011
RETURN_VALUES=COMP_ITEM_NUMBER

response at 6/26/2024 11:21:19 AM:
OK
ROSSCMEMBUSPCBA-LFVAE




To localhost at 6/26/2024 11:21:19 AM:
REQUEST_TYPE=PfsQuery
WORK_CENTER=P00670
DATABASE=PFSMYP4
WORK_CENTER=P00670
USER_ID=bangun
PASSWORD=****
OPERATION_CODE=FCT
PRODUCTION_ORDER=PMQ008531
SERIAL_NUM=24240011

response at 6/26/2024 11:21:22 AM:
OK




To localhost at 6/26/2024 11:34:25 AM:
REQUEST_TYPE=PfsLogin
WORK_CENTER=P00670
DATABASE=PFSMYP4
WORK_CENTER=P00670
USER_ID=bangun
PASSWORD=****
OPERATION_CODE=FCT
PRODUCTION_ORDER=PMQ008531

response at 6/26/2024 11:34:27 AM:
OK




To localhost at 6/26/2024 11:34:28 AM:
REQUEST_TYPE=PfsSendResults
WORK_CENTER=P00670
DATABASE=PFSMYP4
WORK_CENTER=P00670
USER_ID=bangun
PASSWORD=****
OPERATION_CODE=FCT
PRODUCTION_ORDER=PMQ008531
SERIAL_NUM=24240011
PASS_FAIL=P

response at 6/26/2024 11:34:30 AM:
OK




To localhost at 6/26/2024 11:35:06 AM:
REQUEST_TYPE=PfsGetItemInfo
DATABASE=PFSMYP4
USER_ID=bangun
PASSWORD=****
SERIAL_NUM=24240029
RETURN_VALUES=COMP_ITEM_NUMBER

response at 6/26/2024 11:35:08 AM:
OK
ROSSCMEMBUSPCBA-LFVAE




To localhost at 6/26/2024 11:35:09 AM:
REQUEST_TYPE=PfsQuery
WORK_CENTER=P00670
DATABASE=PFSMYP4
WORK_CENTER=P00670
USER_ID=bangun
PASSWORD=****
OPERATION_CODE=FCT
PRODUCTION_ORDER=PMQ008531
SERIAL_NUM=24240029

response at 6/26/2024 11:35:11 AM:
OK




To localhost at 6/26/2024 11:36:59 AM:
REQUEST_TYPE=PfsLogin
WORK_CENTER=P00670
DATABASE=PFSMYP4
WORK_CENTER=P00670
USER_ID=bangun
PASSWORD=****
OPERATION_CODE=FCT
PRODUCTION_ORDER=PMQ008531

response at 6/26/2024 11:37:01 AM:
OK




To localhost at 6/26/2024 11:37:02 AM:
REQUEST_TYPE=PfsSendResults
WORK_CENTER=P00670
DATABASE=PFSMYP4
WORK_CENTER=P00670
USER_ID=bangun
PASSWORD=****
OPERATION_CODE=FCT
PRODUCTION_ORDER=PMQ008531
SERIAL_NUM=24240029
PASS_FAIL=F
FAILURE_CODE=-1
FAILURE_COMMENT=TRS05.7 - Serial Number in TRS05 - FRU Data Programming

response at 6/26/2024 11:37:04 AM:
OK




To localhost at 6/26/2024 11:37:46 AM:
REQUEST_TYPE=PfsGetItemInfo
DATABASE=PFSMYP4
USER_ID=bangun
PASSWORD=****
SERIAL_NUM=24240022
RETURN_VALUES=COMP_ITEM_NUMBER

response at 6/26/2024 11:37:48 AM:
OK
ROSSCMEMBUSPCBA-LFVAE




To localhost at 6/26/2024 11:37:48 AM:
REQUEST_TYPE=PfsQuery
WORK_CENTER=P00670
DATABASE=PFSMYP4
WORK_CENTER=P00670
USER_ID=bangun
PASSWORD=****
OPERATION_CODE=FCT
PRODUCTION_ORDER=PMQ008531
SERIAL_NUM=24240022

response at 6/26/2024 11:37:50 AM:
OK




To localhost at 6/26/2024 11:39:48 AM:
REQUEST_TYPE=PfsLogin
WORK_CENTER=P00670
DATABASE=PFSMYP4
WORK_CENTER=P00670
USER_ID=bangun
PASSWORD=****
OPERATION_CODE=FCT
PRODUCTION_ORDER=PMQ008531

response at 6/26/2024 11:39:50 AM:
OK




To localhost at 6/26/2024 11:39:51 AM:
REQUEST_TYPE=PfsSendResults
WORK_CENTER=P00670
DATABASE=PFSMYP4
WORK_CENTER=P00670
USER_ID=bangun
PASSWORD=****
OPERATION_CODE=FCT
PRODUCTION_ORDER=PMQ008531
SERIAL_NUM=24240022
PASS_FAIL=F
FAILURE_CODE=-1
FAILURE_COMMENT=TRS05.7 - Serial Number in TRS05 - FRU Data Programming

response at 6/26/2024 11:39:53 AM:
OK




To localhost at 6/26/2024 11:40:14 AM:
REQUEST_TYPE=PfsGetItemInfo
DATABASE=PFSMYP4
USER_ID=bangun
PASSWORD=****
SERIAL_NUM=24240009
RETURN_VALUES=COMP_ITEM_NUMBER

response at 6/26/2024 11:40:16 AM:
OK
ROSSCMEMBUSPCBA-LFVAE




To localhost at 6/26/2024 11:40:16 AM:
REQUEST_TYPE=PfsQuery
WORK_CENTER=P00670
DATABASE=PFSMYP4
WORK_CENTER=P00670
USER_ID=bangun
PASSWORD=****
OPERATION_CODE=FCT
PRODUCTION_ORDER=PMQ008531
SERIAL_NUM=24240009

response at 6/26/2024 11:40:18 AM:
OK




To localhost at 6/26/2024 11:59:18 AM:
REQUEST_TYPE=PfsLogin
WORK_CENTER=P00670
DATABASE=PFSMYP4
WORK_CENTER=P00670
USER_ID=bangun
PASSWORD=****
OPERATION_CODE=FCT
PRODUCTION_ORDER=PMQ008531

response at 6/26/2024 11:59:20 AM:
OK




To localhost at 6/26/2024 11:59:21 AM:
REQUEST_TYPE=PfsSendResults
WORK_CENTER=P00670
DATABASE=PFSMYP4
WORK_CENTER=P00670
USER_ID=bangun
PASSWORD=****
OPERATION_CODE=FCT
PRODUCTION_ORDER=PMQ008531
SERIAL_NUM=24240009
PASS_FAIL=P

response at 6/26/2024 11:59:23 AM:
OK




To localhost at 6/26/2024 11:59:45 AM:
REQUEST_TYPE=PfsGetItemInfo
DATABASE=PFSMYP4
USER_ID=bangun
PASSWORD=****
SERIAL_NUM=24240039
RETURN_VALUES=COMP_ITEM_NUMBER

response at 6/26/2024 11:59:47 AM:
OK
ROSSCMEMBUSPCBA-LFVAE




To localhost at 6/26/2024 11:59:47 AM:
REQUEST_TYPE=PfsQuery
WORK_CENTER=P00670
DATABASE=PFSMYP4
WORK_CENTER=P00670
USER_ID=bangun
PASSWORD=****
OPERATION_CODE=FCT
PRODUCTION_ORDER=PMQ008531
SERIAL_NUM=24240039

response at 6/26/2024 11:59:49 AM:
OK




To localhost at 6/26/2024 12:19:05 PM:
REQUEST_TYPE=PfsLogin
WORK_CENTER=P00670
DATABASE=PFSMYP4
WORK_CENTER=P00670
USER_ID=bangun
PASSWORD=****
OPERATION_CODE=FCT
PRODUCTION_ORDER=PMQ008531

response at 6/26/2024 12:19:08 PM:
OK




To localhost at 6/26/2024 12:19:08 PM:
REQUEST_TYPE=PfsSendResults
WORK_CENTER=P00670
DATABASE=PFSMYP4
WORK_CENTER=P00670
USER_ID=bangun
PASSWORD=****
OPERATION_CODE=FCT
PRODUCTION_ORDER=PMQ008531
SERIAL_NUM=24240039
PASS_FAIL=P

response at 6/26/2024 12:19:11 PM:
OK




To localhost at 6/26/2024 12:19:29 PM:
REQUEST_TYPE=PfsGetItemInfo
DATABASE=PFSMYP4
USER_ID=bangun
PASSWORD=****
SERIAL_NUM=24240040
RETURN_VALUES=COMP_ITEM_NUMBER

response at 6/26/2024 12:19:31 PM:
OK
ROSSCMEMBUSPCBA-LFVAE




To localhost at 6/26/2024 12:19:31 PM:
REQUEST_TYPE=PfsQuery
WORK_CENTER=P00670
DATABASE=PFSMYP4
WORK_CENTER=P00670
USER_ID=bangun
PASSWORD=****
OPERATION_CODE=FCT
PRODUCTION_ORDER=PMQ008531
SERIAL_NUM=24240040

response at 6/26/2024 12:19:33 PM:
OK




To localhost at 6/26/2024 12:38:35 PM:
REQUEST_TYPE=PfsLogin
WORK_CENTER=P00670
DATABASE=PFSMYP4
WORK_CENTER=P00670
USER_ID=bangun
PASSWORD=****
OPERATION_CODE=FCT
PRODUCTION_ORDER=PMQ008531

response at 6/26/2024 12:38:37 PM:
OK




To localhost at 6/26/2024 12:38:38 PM:
REQUEST_TYPE=PfsSendResults
WORK_CENTER=P00670
DATABASE=PFSMYP4
WORK_CENTER=P00670
USER_ID=bangun
PASSWORD=****
OPERATION_CODE=FCT
PRODUCTION_ORDER=PMQ008531
SERIAL_NUM=24240040
PASS_FAIL=P

response at 6/26/2024 12:38:40 PM:
OK




To localhost at 6/26/2024 12:38:55 PM:
REQUEST_TYPE=PfsGetItemInfo
DATABASE=PFSMYP4
USER_ID=bangun
PASSWORD=****
SERIAL_NUM=24240032
RETURN_VALUES=COMP_ITEM_NUMBER

response at 6/26/2024 12:38:58 PM:
OK
ROSSCMEMBUSPCBA-LFVAE




To localhost at 6/26/2024 12:38:58 PM:
REQUEST_TYPE=PfsQuery
WORK_CENTER=P00670
DATABASE=PFSMYP4
WORK_CENTER=P00670
USER_ID=bangun
PASSWORD=****
OPERATION_CODE=FCT
PRODUCTION_ORDER=PMQ008531
SERIAL_NUM=24240032

response at 6/26/2024 12:39:00 PM:
OK




To localhost at 6/26/2024 1:11:39 PM:
REQUEST_TYPE=PfsLogin
WORK_CENTER=P00670
DATABASE=PFSMYP4
WORK_CENTER=P00670
USER_ID=bangun
PASSWORD=****
OPERATION_CODE=FCT
PRODUCTION_ORDER=PMQ008531

response at 6/26/2024 1:11:41 PM:
OK




To localhost at 6/26/2024 1:11:42 PM:
REQUEST_TYPE=PfsSendResults
WORK_CENTER=P00670
DATABASE=PFSMYP4
WORK_CENTER=P00670
USER_ID=bangun
PASSWORD=****
OPERATION_CODE=FCT
PRODUCTION_ORDER=PMQ008531
SERIAL_NUM=24240032
PASS_FAIL=P

response at 6/26/2024 1:11:44 PM:
OK




To localhost at 6/26/2024 1:12:01 PM:
REQUEST_TYPE=PfsGetItemInfo
DATABASE=PFSMYP4
USER_ID=bangun
PASSWORD=****
SERIAL_NUM=24240012
RETURN_VALUES=COMP_ITEM_NUMBER

response at 6/26/2024 1:12:03 PM:
OK
ROSSCMEMBUSPCBA-LFVAE




To localhost at 6/26/2024 1:12:03 PM:
REQUEST_TYPE=PfsQuery
WORK_CENTER=P00670
DATABASE=PFSMYP4
WORK_CENTER=P00670
USER_ID=bangun
PASSWORD=****
OPERATION_CODE=FCT
PRODUCTION_ORDER=PMQ008531
SERIAL_NUM=24240012

response at 6/26/2024 1:12:05 PM:
OK




To localhost at 6/26/2024 1:34:44 PM:
REQUEST_TYPE=PfsLogin
WORK_CENTER=P00670
DATABASE=PFSMYP4
WORK_CENTER=P00670
USER_ID=bangun
PASSWORD=****
OPERATION_CODE=FCT
PRODUCTION_ORDER=PMQ008531

response at 6/26/2024 1:34:46 PM:
OK




To localhost at 6/26/2024 1:34:47 PM:
REQUEST_TYPE=PfsSendResults
WORK_CENTER=P00670
DATABASE=PFSMYP4
WORK_CENTER=P00670
USER_ID=bangun
PASSWORD=****
OPERATION_CODE=FCT
PRODUCTION_ORDER=PMQ008531
SERIAL_NUM=24240012
PASS_FAIL=P

response at 6/26/2024 1:34:49 PM:
OK




To localhost at 6/26/2024 1:35:37 PM:
REQUEST_TYPE=PfsGetItemInfo
DATABASE=PFSMYP4
USER_ID=bangun
PASSWORD=****
SERIAL_NUM=24240005
RETURN_VALUES=COMP_ITEM_NUMBER

response at 6/26/2024 1:35:39 PM:
OK
ROSSCMEMBUSPCBA-LFVAE




To localhost at 6/26/2024 1:35:39 PM:
REQUEST_TYPE=PfsQuery
WORK_CENTER=P00670
DATABASE=PFSMYP4
WORK_CENTER=P00670
USER_ID=bangun
PASSWORD=****
OPERATION_CODE=FCT
PRODUCTION_ORDER=PMQ008531
SERIAL_NUM=24240005

response at 6/26/2024 1:35:41 PM:
OK




To localhost at 6/26/2024 1:37:17 PM:
REQUEST_TYPE=PfsLogin
WORK_CENTER=P00670
DATABASE=PFSMYP4
WORK_CENTER=P00670
USER_ID=bangun
PASSWORD=****
OPERATION_CODE=FCT
PRODUCTION_ORDER=PMQ008531

response at 6/26/2024 1:37:19 PM:
OK




To localhost at 6/26/2024 1:37:20 PM:
REQUEST_TYPE=PfsSendResults
WORK_CENTER=P00670
DATABASE=PFSMYP4
WORK_CENTER=P00670
USER_ID=bangun
PASSWORD=****
OPERATION_CODE=FCT
PRODUCTION_ORDER=PMQ008531
SERIAL_NUM=24240005
PASS_FAIL=F
FAILURE_CODE=-1
FAILURE_COMMENT=Err'NI-845x I2C Write.vi:4470001\nNI-845x:  The slave did not acknowledge an address+direction byte transmitted by the I2C master.  If you are using ACK polling, consider increasing the timeout. Other reasons include the incorrect address set in the I2C configuration or the incorrect use of the 7-bit address. When entering an address to access a 7-bit device, do not include the direction bit. The NI-845x Basic I2C API internally sets the direction bit to the correct value, depending on the function (write or read). If your datasheet specifies the 7-bit device address as a byte, discard the direction bit (bit 0) and right-shift the byte value by one to create the 7-bit address.' at step 'Write Serial Number' in seq 'ProcessModelPostStepRuntimeError'

response at 6/26/2024 1:37:22 PM:
OK




To localhost at 6/26/2024 1:37:48 PM:
REQUEST_TYPE=PfsGetItemInfo
DATABASE=PFSMYP4
USER_ID=bangun
PASSWORD=****
SERIAL_NUM=24240013
RETURN_VALUES=COMP_ITEM_NUMBER

response at 6/26/2024 1:37:50 PM:
OK
ROSSCMEMBUSPCBA-LFVAE




To localhost at 6/26/2024 1:37:50 PM:
REQUEST_TYPE=PfsQuery
WORK_CENTER=P00670
DATABASE=PFSMYP4
WORK_CENTER=P00670
USER_ID=bangun
PASSWORD=****
OPERATION_CODE=FCT
PRODUCTION_ORDER=PMQ008531
SERIAL_NUM=24240013

response at 6/26/2024 1:37:52 PM:
OK




To localhost at 6/26/2024 1:58:36 PM:
REQUEST_TYPE=PfsLogin
WORK_CENTER=P00670
DATABASE=PFSMYP4
WORK_CENTER=P00670
USER_ID=bangun
PASSWORD=****
OPERATION_CODE=FCT
PRODUCTION_ORDER=PMQ008531

response at 6/26/2024 1:58:39 PM:
OK




To localhost at 6/26/2024 1:58:39 PM:
REQUEST_TYPE=PfsSendResults
WORK_CENTER=P00670
DATABASE=PFSMYP4
WORK_CENTER=P00670
USER_ID=bangun
PASSWORD=****
OPERATION_CODE=FCT
PRODUCTION_ORDER=PMQ008531
SERIAL_NUM=24240013
PASS_FAIL=P

response at 6/26/2024 1:58:41 PM:
OK




To localhost at 6/26/2024 1:59:03 PM:
REQUEST_TYPE=PfsGetItemInfo
DATABASE=PFSMYP4
USER_ID=bangun
PASSWORD=****
SERIAL_NUM=24240014
RETURN_VALUES=COMP_ITEM_NUMBER

response at 6/26/2024 1:59:05 PM:
OK
ROSSCMEMBUSPCBA-LFVAE




To localhost at 6/26/2024 1:59:05 PM:
REQUEST_TYPE=PfsQuery
WORK_CENTER=P00670
DATABASE=PFSMYP4
WORK_CENTER=P00670
USER_ID=bangun
PASSWORD=****
OPERATION_CODE=FCT
PRODUCTION_ORDER=PMQ008531
SERIAL_NUM=24240014

response at 6/26/2024 1:59:07 PM:
OK




To localhost at 6/26/2024 2:12:26 PM:
REQUEST_TYPE=PfsLogin
WORK_CENTER=P00670
DATABASE=PFSMYP4
WORK_CENTER=P00670
USER_ID=bangun
PASSWORD=****
OPERATION_CODE=FCT
PRODUCTION_ORDER=PMQ008531

response at 6/26/2024 2:12:29 PM:
OK




To localhost at 6/26/2024 2:12:29 PM:
REQUEST_TYPE=PfsSendResults
WORK_CENTER=P00670
DATABASE=PFSMYP4
WORK_CENTER=P00670
USER_ID=bangun
PASSWORD=****
OPERATION_CODE=FCT
PRODUCTION_ORDER=PMQ008531
SERIAL_NUM=24240014
PASS_FAIL=P

response at 6/26/2024 2:12:32 PM:
OK




To localhost at 6/26/2024 2:12:53 PM:
REQUEST_TYPE=PfsGetItemInfo
DATABASE=PFSMYP4
USER_ID=bangun
PASSWORD=****
SERIAL_NUM=24240018
RETURN_VALUES=COMP_ITEM_NUMBER

response at 6/26/2024 2:12:55 PM:
OK
ROSSCMEMBUSPCBA-LFVAE




To localhost at 6/26/2024 2:12:56 PM:
REQUEST_TYPE=PfsQuery
WORK_CENTER=P00670
DATABASE=PFSMYP4
WORK_CENTER=P00670
USER_ID=bangun
PASSWORD=****
OPERATION_CODE=FCT
PRODUCTION_ORDER=PMQ008531
SERIAL_NUM=24240018

response at 6/26/2024 2:12:58 PM:
OK




To localhost at 6/26/2024 2:35:40 PM:
REQUEST_TYPE=PfsLogin
WORK_CENTER=P00670
DATABASE=PFSMYP4
WORK_CENTER=P00670
USER_ID=bangun
PASSWORD=****
OPERATION_CODE=FCT
PRODUCTION_ORDER=PMQ008531

response at 6/26/2024 2:35:42 PM:
OK




To localhost at 6/26/2024 2:35:43 PM:
REQUEST_TYPE=PfsSendResults
WORK_CENTER=P00670
DATABASE=PFSMYP4
WORK_CENTER=P00670
USER_ID=bangun
PASSWORD=****
OPERATION_CODE=FCT
PRODUCTION_ORDER=PMQ008531
SERIAL_NUM=24240018
PASS_FAIL=P

response at 6/26/2024 2:35:45 PM:
OK




To localhost at 6/26/2024 2:36:21 PM:
REQUEST_TYPE=PfsGetItemInfo
DATABASE=PFSMYP4
USER_ID=bangun
PASSWORD=****
SERIAL_NUM=24240010
RETURN_VALUES=COMP_ITEM_NUMBER

response at 6/26/2024 2:36:25 PM:
OK
ROSSCMEMBUSPCBA-LFVAE




To localhost at 6/26/2024 2:36:25 PM:
REQUEST_TYPE=PfsQuery
WORK_CENTER=P00670
DATABASE=PFSMYP4
WORK_CENTER=P00670
USER_ID=bangun
PASSWORD=****
OPERATION_CODE=FCT
PRODUCTION_ORDER=PMQ008531
SERIAL_NUM=24240010

response at 6/26/2024 2:36:27 PM:
OK




To localhost at 6/26/2024 2:50:06 PM:
REQUEST_TYPE=PfsLogin
WORK_CENTER=P00670
DATABASE=PFSMYP4
WORK_CENTER=P00670
USER_ID=bangun
PASSWORD=****
OPERATION_CODE=FCT
PRODUCTION_ORDER=PMQ008531

response at 6/26/2024 2:50:09 PM:
OK




To localhost at 6/26/2024 2:50:09 PM:
REQUEST_TYPE=PfsSendResults
WORK_CENTER=P00670
DATABASE=PFSMYP4
WORK_CENTER=P00670
USER_ID=bangun
PASSWORD=****
OPERATION_CODE=FCT
PRODUCTION_ORDER=PMQ008531
SERIAL_NUM=24240010
PASS_FAIL=P

response at 6/26/2024 2:50:11 PM:
OK




To localhost at 6/26/2024 2:54:46 PM:
REQUEST_TYPE=PfsGetItemInfo
DATABASE=PFSMYP4
USER_ID=bangun
PASSWORD=****
SERIAL_NUM=24240002
RETURN_VALUES=COMP_ITEM_NUMBER

response at 6/26/2024 2:54:49 PM:
OK
ROSSCMEMBUSPCBA-LFVAE




To localhost at 6/26/2024 2:54:49 PM:
REQUEST_TYPE=PfsQuery
WORK_CENTER=P00670
DATABASE=PFSMYP4
WORK_CENTER=P00670
USER_ID=bangun
PASSWORD=****
OPERATION_CODE=FCT
PRODUCTION_ORDER=PMQ008531
SERIAL_NUM=24240002

response at 6/26/2024 2:54:51 PM:
OK




To localhost at 6/26/2024 3:10:26 PM:
REQUEST_TYPE=PfsLogin
WORK_CENTER=P00670
DATABASE=PFSMYP4
WORK_CENTER=P00670
USER_ID=bangun
PASSWORD=****
OPERATION_CODE=FCT
PRODUCTION_ORDER=PMQ008531

response at 6/26/2024 3:10:28 PM:
OK




To localhost at 6/26/2024 3:10:29 PM:
REQUEST_TYPE=PfsSendResults
WORK_CENTER=P00670
DATABASE=PFSMYP4
WORK_CENTER=P00670
USER_ID=bangun
PASSWORD=****
OPERATION_CODE=FCT
PRODUCTION_ORDER=PMQ008531
SERIAL_NUM=24240002
PASS_FAIL=F
FAILURE_CODE=-1
FAILURE_COMMENT=TRS05.7 - Serial Number in TRS05 - FRU Data Programming

response at 6/26/2024 3:10:31 PM:
OK




To localhost at 6/26/2024 3:10:46 PM:
REQUEST_TYPE=PfsGetItemInfo
DATABASE=PFSMYP4
USER_ID=bangun
PASSWORD=****
SERIAL_NUM=24240022
RETURN_VALUES=COMP_ITEM_NUMBER

response at 6/26/2024 3:10:48 PM:
OK
ROSSCMEMBUSPCBA-LFVAE




To localhost at 6/26/2024 3:10:49 PM:
REQUEST_TYPE=PfsQuery
WORK_CENTER=P00670
DATABASE=PFSMYP4
WORK_CENTER=P00670
USER_ID=bangun
PASSWORD=****
OPERATION_CODE=FCT
PRODUCTION_ORDER=PMQ008531
SERIAL_NUM=24240022

response at 6/26/2024 3:10:51 PM:
PfsQuery Failure: Max cycles limit (2) for route step FCT exceeded.




To localhost at 6/26/2024 3:12:56 PM:
REQUEST_TYPE=PfsGetItemInfo
DATABASE=PFSMYP4
USER_ID=bangun
PASSWORD=****
SERIAL_NUM=24240029
RETURN_VALUES=COMP_ITEM_NUMBER

response at 6/26/2024 3:12:58 PM:
OK
ROSSCMEMBUSPCBA-LFVAE




To localhost at 6/26/2024 3:12:58 PM:
REQUEST_TYPE=PfsQuery
WORK_CENTER=P00670
DATABASE=PFSMYP4
WORK_CENTER=P00670
USER_ID=bangun
PASSWORD=****
OPERATION_CODE=FCT
PRODUCTION_ORDER=PMQ008531
SERIAL_NUM=24240029

response at 6/26/2024 3:13:00 PM:
PfsQuery Failure: Max cycles limit (2) for route step FCT exceeded.




To localhost at 6/26/2024 3:13:36 PM:
REQUEST_TYPE=PfsGetItemInfo
DATABASE=PFSMYP4
USER_ID=bangun
PASSWORD=****
SERIAL_NUM=24240003
RETURN_VALUES=COMP_ITEM_NUMBER

response at 6/26/2024 3:13:38 PM:
OK
ROSSCMEMBUSPCBA-LFVAE




To localhost at 6/26/2024 3:13:39 PM:
REQUEST_TYPE=PfsQuery
WORK_CENTER=P00670
DATABASE=PFSMYP4
WORK_CENTER=P00670
USER_ID=bangun
PASSWORD=****
OPERATION_CODE=FCT
PRODUCTION_ORDER=PMQ008531
SERIAL_NUM=24240003

response at 6/26/2024 3:13:41 PM:
OK




To localhost at 6/26/2024 3:33:42 PM:
REQUEST_TYPE=PfsLogin
WORK_CENTER=P00670
DATABASE=PFSMYP4
WORK_CENTER=P00670
USER_ID=bangun
PASSWORD=****
OPERATION_CODE=FCT
PRODUCTION_ORDER=PMQ008531

response at 6/26/2024 3:33:44 PM:
OK




To localhost at 6/26/2024 3:33:45 PM:
REQUEST_TYPE=PfsSendResults
WORK_CENTER=P00670
DATABASE=PFSMYP4
WORK_CENTER=P00670
USER_ID=bangun
PASSWORD=****
OPERATION_CODE=FCT
PRODUCTION_ORDER=PMQ008531
SERIAL_NUM=24240003
PASS_FAIL=P

response at 6/26/2024 3:33:47 PM:
OK




To localhost at 6/26/2024 3:34:10 PM:
REQUEST_TYPE=PfsGetItemInfo
DATABASE=PFSMYP4
USER_ID=bangun
PASSWORD=****
SERIAL_NUM=24240028
RETURN_VALUES=COMP_ITEM_NUMBER

response at 6/26/2024 3:34:13 PM:
OK
ROSSCMEMBUSPCBA-LFVAE




To localhost at 6/26/2024 3:34:13 PM:
REQUEST_TYPE=PfsQuery
WORK_CENTER=P00670
DATABASE=PFSMYP4
WORK_CENTER=P00670
USER_ID=bangun
PASSWORD=****
OPERATION_CODE=FCT
PRODUCTION_ORDER=PMQ008531
SERIAL_NUM=24240028

response at 6/26/2024 3:34:15 PM:
OK




To localhost at 6/26/2024 3:36:11 PM:
REQUEST_TYPE=PfsLogin
WORK_CENTER=P00670
DATABASE=PFSMYP4
WORK_CENTER=P00670
USER_ID=bangun
PASSWORD=****
OPERATION_CODE=FCT
PRODUCTION_ORDER=PMQ008531

response at 6/26/2024 3:36:13 PM:
OK




To localhost at 6/26/2024 3:36:14 PM:
REQUEST_TYPE=PfsSendResults
WORK_CENTER=P00670
DATABASE=PFSMYP4
WORK_CENTER=P00670
USER_ID=bangun
PASSWORD=****
OPERATION_CODE=FCT
PRODUCTION_ORDER=PMQ008531
SERIAL_NUM=24240028
PASS_FAIL=F
FAILURE_CODE=-1
FAILURE_COMMENT=TRS05.7 - Serial Number in TRS05 - FRU Data Programming

response at 6/26/2024 3:36:16 PM:
OK




To localhost at 6/26/2024 3:36:50 PM:
REQUEST_TYPE=PfsGetItemInfo
DATABASE=PFSMYP4
USER_ID=bangun
PASSWORD=****
SERIAL_NUM=24240001
RETURN_VALUES=COMP_ITEM_NUMBER

response at 6/26/2024 3:36:52 PM:
OK
ROSSCMEMBUSPCBA-LFVAE




To localhost at 6/26/2024 3:36:52 PM:
REQUEST_TYPE=PfsQuery
WORK_CENTER=P00670
DATABASE=PFSMYP4
WORK_CENTER=P00670
USER_ID=bangun
PASSWORD=****
OPERATION_CODE=FCT
PRODUCTION_ORDER=PMQ008531
SERIAL_NUM=24240001

response at 6/26/2024 3:36:54 PM:
PfsQuery Failure: ROSSCMEMBUSPCBA-LFVAE::24240001 has open defects.




To localhost at 6/26/2024 3:37:55 PM:
REQUEST_TYPE=PfsGetItemInfo
DATABASE=PFSMYP4
USER_ID=bangun
PASSWORD=****
SERIAL_NUM=24240007
RETURN_VALUES=COMP_ITEM_NUMBER

response at 6/26/2024 3:37:57 PM:
OK
ROSSCMEMBUSPCBA-LFVAE




To localhost at 6/26/2024 3:37:57 PM:
REQUEST_TYPE=PfsQuery
WORK_CENTER=P00670
DATABASE=PFSMYP4
WORK_CENTER=P00670
USER_ID=bangun
PASSWORD=****
OPERATION_CODE=FCT
PRODUCTION_ORDER=PMQ008531
SERIAL_NUM=24240007

response at 6/26/2024 3:37:59 PM:
OK




To localhost at 6/26/2024 3:39:44 PM:
REQUEST_TYPE=PfsLogin
WORK_CENTER=P00670
DATABASE=PFSMYP4
WORK_CENTER=P00670
USER_ID=bangun
PASSWORD=****
OPERATION_CODE=FCT
PRODUCTION_ORDER=PMQ008531

response at 6/26/2024 3:39:46 PM:
OK




To localhost at 6/26/2024 3:39:47 PM:
REQUEST_TYPE=PfsSendResults
WORK_CENTER=P00670
DATABASE=PFSMYP4
WORK_CENTER=P00670
USER_ID=bangun
PASSWORD=****
OPERATION_CODE=FCT
PRODUCTION_ORDER=PMQ008531
SERIAL_NUM=24240007
PASS_FAIL=F
FAILURE_CODE=-1
FAILURE_COMMENT=TRS05.7 - Serial Number in TRS05 - FRU Data Programming

response at 6/26/2024 3:39:49 PM:
OK




To localhost at 6/26/2024 3:40:18 PM:
REQUEST_TYPE=PfsGetItemInfo
DATABASE=PFSMYP4
USER_ID=bangun
PASSWORD=****
SERIAL_NUM=24240005
RETURN_VALUES=COMP_ITEM_NUMBER

response at 6/26/2024 3:40:20 PM:
OK
ROSSCMEMBUSPCBA-LFVAE




To localhost at 6/26/2024 3:40:21 PM:
REQUEST_TYPE=PfsQuery
WORK_CENTER=P00670
DATABASE=PFSMYP4
WORK_CENTER=P00670
USER_ID=bangun
PASSWORD=****
OPERATION_CODE=FCT
PRODUCTION_ORDER=PMQ008531
SERIAL_NUM=24240005

response at 6/26/2024 3:40:23 PM:
OK




To localhost at 6/26/2024 3:42:13 PM:
REQUEST_TYPE=PfsLogin
WORK_CENTER=P00670
DATABASE=PFSMYP4
WORK_CENTER=P00670
USER_ID=bangun
PASSWORD=****
OPERATION_CODE=FCT
PRODUCTION_ORDER=PMQ008531

response at 6/26/2024 3:42:15 PM:
OK




To localhost at 6/26/2024 3:42:16 PM:
REQUEST_TYPE=PfsSendResults
WORK_CENTER=P00670
DATABASE=PFSMYP4
WORK_CENTER=P00670
USER_ID=bangun
PASSWORD=****
OPERATION_CODE=FCT
PRODUCTION_ORDER=PMQ008531
SERIAL_NUM=24240005
PASS_FAIL=F
FAILURE_CODE=-1
FAILURE_COMMENT=TRS05.7 - Serial Number in TRS05 - FRU Data Programming

response at 6/26/2024 3:42:18 PM:
OK




To localhost at 6/26/2024 3:49:40 PM:
REQUEST_TYPE=PfsLogin
WORK_CENTER=P00670
DATABASE=PFSMYP4
WORK_CENTER=P00670
USER_ID=bangun
PASSWORD=****
OPERATION_CODE=FCT
PRODUCTION_ORDER=PMQ008531

response at 6/26/2024 3:49:42 PM:
OK




To localhost at 6/26/2024 3:49:42 PM:
REQUEST_TYPE=PfsGetItemInfo
DATABASE=PFSMYP4
USER_ID=bangun
PASSWORD=****
SERIAL_NUM=24240022
RETURN_VALUES=COMP_ITEM_NUMBER

response at 6/26/2024 3:49:44 PM:
OK
ROSSCMEMBUSPCBA-LFVAE




To localhost at 6/26/2024 3:49:45 PM:
REQUEST_TYPE=PfsQuery
WORK_CENTER=P00670
DATABASE=PFSMYP4
WORK_CENTER=P00670
USER_ID=bangun
PASSWORD=****
OPERATION_CODE=FCT
PRODUCTION_ORDER=PMQ008531
SERIAL_NUM=24240022

response at 6/26/2024 3:49:47 PM:
PfsQuery Failure: Max cycles limit (2) for route step FCT exceeded.




To localhost at 6/26/2024 3:50:15 PM:
REQUEST_TYPE=PfsGetItemInfo
DATABASE=PFSMYP4
USER_ID=bangun
PASSWORD=****
SERIAL_NUM=24240028
RETURN_VALUES=COMP_ITEM_NUMBER

response at 6/26/2024 3:50:17 PM:
OK
ROSSCMEMBUSPCBA-LFVAE




To localhost at 6/26/2024 3:50:17 PM:
REQUEST_TYPE=PfsQuery
WORK_CENTER=P00670
DATABASE=PFSMYP4
WORK_CENTER=P00670
USER_ID=bangun
PASSWORD=****
OPERATION_CODE=FCT
PRODUCTION_ORDER=PMQ008531
SERIAL_NUM=24240028

response at 6/26/2024 3:50:19 PM:
PfsQuery Failure: Max cycles limit (2) for route step FCT exceeded.




To localhost at 6/26/2024 3:54:12 PM:
REQUEST_TYPE=PfsGetItemInfo
DATABASE=PFSMYP4
USER_ID=bangun
PASSWORD=****
SERIAL_NUM=24240005
RETURN_VALUES=COMP_ITEM_NUMBER

response at 6/26/2024 3:54:14 PM:
OK
ROSSCMEMBUSPCBA-LFVAE




To localhost at 6/26/2024 3:54:14 PM:
REQUEST_TYPE=PfsQuery
WORK_CENTER=P00670
DATABASE=PFSMYP4
WORK_CENTER=P00670
USER_ID=bangun
PASSWORD=****
OPERATION_CODE=FCT
PRODUCTION_ORDER=PMQ008531
SERIAL_NUM=24240005

response at 6/26/2024 3:54:16 PM:
PfsQuery Failure: Max cycles limit (2) for route step FCT exceeded.




To localhost at 6/26/2024 3:58:22 PM:
REQUEST_TYPE=PfsGetItemInfo
DATABASE=PFSMYP4
USER_ID=bangun
PASSWORD=****
SERIAL_NUM=24240005
RETURN_VALUES=COMP_ITEM_NUMBER

response at 6/26/2024 3:58:24 PM:
OK
ROSSCMEMBUSPCBA-LFVAE




To localhost at 6/26/2024 3:58:24 PM:
REQUEST_TYPE=PfsQuery
WORK_CENTER=P00670
DATABASE=PFSMYP4
WORK_CENTER=P00670
USER_ID=bangun
PASSWORD=****
OPERATION_CODE=FCT
PRODUCTION_ORDER=PMQ008531
SERIAL_NUM=24240005

response at 6/26/2024 3:58:26 PM:
OK




To localhost at 6/26/2024 4:00:25 PM:
REQUEST_TYPE=PfsSendResults
WORK_CENTER=P00670
DATABASE=PFSMYP4
WORK_CENTER=P00670
USER_ID=bangun
PASSWORD=****
OPERATION_CODE=FCT
PRODUCTION_ORDER=PMQ008531
SERIAL_NUM=24240005
PASS_FAIL=F
FAILURE_CODE=-1
FAILURE_COMMENT=TRS05.7 - Serial Number in TRS05 - FRU Data Programming

response at 6/26/2024 4:00:27 PM:
OK




To localhost at 6/26/2024 4:00:44 PM:
REQUEST_TYPE=PfsGetItemInfo
DATABASE=PFSMYP4
USER_ID=bangun
PASSWORD=****
SERIAL_NUM=24240001
RETURN_VALUES=COMP_ITEM_NUMBER

response at 6/26/2024 4:00:46 PM:
OK
ROSSCMEMBUSPCBA-LFVAE




To localhost at 6/26/2024 4:00:46 PM:
REQUEST_TYPE=PfsQuery
WORK_CENTER=P00670
DATABASE=PFSMYP4
WORK_CENTER=P00670
USER_ID=bangun
PASSWORD=****
OPERATION_CODE=FCT
PRODUCTION_ORDER=PMQ008531
SERIAL_NUM=24240001

response at 6/26/2024 4:00:48 PM:
OK




To localhost at 6/26/2024 4:21:49 PM:
REQUEST_TYPE=PfsLogin
WORK_CENTER=P00670
DATABASE=PFSMYP4
WORK_CENTER=P00670
USER_ID=bangun
PASSWORD=****
OPERATION_CODE=FCT
PRODUCTION_ORDER=PMQ008531

response at 6/26/2024 4:21:51 PM:
OK




To localhost at 6/26/2024 4:21:52 PM:
REQUEST_TYPE=PfsSendResults
WORK_CENTER=P00670
DATABASE=PFSMYP4
WORK_CENTER=P00670
USER_ID=bangun
PASSWORD=****
OPERATION_CODE=FCT
PRODUCTION_ORDER=PMQ008531
SERIAL_NUM=24240001
PASS_FAIL=P

response at 6/26/2024 4:21:54 PM:
OK




To localhost at 6/26/2024 4:22:07 PM:
REQUEST_TYPE=PfsGetItemInfo
DATABASE=PFSMYP4
USER_ID=bangun
PASSWORD=****
SERIAL_NUM=24240002
RETURN_VALUES=COMP_ITEM_NUMBER

response at 6/26/2024 4:22:09 PM:
OK
ROSSCMEMBUSPCBA-LFVAE




To localhost at 6/26/2024 4:22:09 PM:
REQUEST_TYPE=PfsQuery
WORK_CENTER=P00670
DATABASE=PFSMYP4
WORK_CENTER=P00670
USER_ID=bangun
PASSWORD=****
OPERATION_CODE=FCT
PRODUCTION_ORDER=PMQ008531
SERIAL_NUM=24240002

response at 6/26/2024 4:22:15 PM:
OK




To localhost at 6/26/2024 4:24:19 PM:
REQUEST_TYPE=PfsLogin
WORK_CENTER=P00670
DATABASE=PFSMYP4
WORK_CENTER=P00670
USER_ID=bangun
PASSWORD=
OPERATION_CODE=FCT
PRODUCTION_ORDER=PMQ008531

response at 6/26/2024 4:24:21 PM:
PfsLogin Error: Request data incomplete
Missing PASSWORD




To localhost at 6/26/2024 4:24:26 PM:
REQUEST_TYPE=PfsLogin
WORK_CENTER=P00670
DATABASE=PFSMYP4
WORK_CENTER=P00670
USER_ID=bangun
PASSWORD=****
OPERATION_CODE=FCT
PRODUCTION_ORDER=PMQ008531

response at 6/26/2024 4:24:28 PM:
OK




To localhost at 6/26/2024 4:24:29 PM:
REQUEST_TYPE=PfsSendResults
WORK_CENTER=P00670
DATABASE=PFSMYP4
WORK_CENTER=P00670
USER_ID=bangun
PASSWORD=****
OPERATION_CODE=FCT
PRODUCTION_ORDER=PMQ008531
SERIAL_NUM=24240002
PASS_FAIL=F
FAILURE_CODE=-1
FAILURE_COMMENT=TRS05.7 - Serial Number in TRS05 - FRU Data Programming

response at 6/26/2024 4:24:31 PM:
OK




To localhost at 6/26/2024 4:24:38 PM:
REQUEST_TYPE=PfsGetItemInfo
DATABASE=PFSMYP4
USER_ID=bangun
PASSWORD=****
SERIAL_NUM=24240028
RETURN_VALUES=COMP_ITEM_NUMBER

response at 6/26/2024 4:24:40 PM:
OK
ROSSCMEMBUSPCBA-LFVAE




To localhost at 6/26/2024 4:24:40 PM:
REQUEST_TYPE=PfsQuery
WORK_CENTER=P00670
DATABASE=PFSMYP4
WORK_CENTER=P00670
USER_ID=bangun
PASSWORD=****
OPERATION_CODE=FCT
PRODUCTION_ORDER=PMQ008531
SERIAL_NUM=24240028

response at 6/26/2024 4:24:42 PM:
OK




To localhost at 6/26/2024 4:26:24 PM:
REQUEST_TYPE=PfsLogin
WORK_CENTER=P00670
DATABASE=PFSMYP4
WORK_CENTER=P00670
USER_ID=bangun
PASSWORD=
OPERATION_CODE=FCT
PRODUCTION_ORDER=PMQ008531

response at 6/26/2024 4:26:26 PM:
PfsLogin Error: Request data incomplete
Missing PASSWORD




To localhost at 6/26/2024 4:26:30 PM:
REQUEST_TYPE=PfsLogin
WORK_CENTER=P00670
DATABASE=PFSMYP4
WORK_CENTER=P00670
USER_ID=bangun
PASSWORD=****
OPERATION_CODE=FCT
PRODUCTION_ORDER=PMQ008531

response at 6/26/2024 4:26:32 PM:
OK




To localhost at 6/26/2024 4:26:33 PM:
REQUEST_TYPE=PfsSendResults
WORK_CENTER=P00670
DATABASE=PFSMYP4
WORK_CENTER=P00670
USER_ID=bangun
PASSWORD=****
OPERATION_CODE=FCT
PRODUCTION_ORDER=PMQ008531
SERIAL_NUM=24240028
PASS_FAIL=F
FAILURE_CODE=-1
FAILURE_COMMENT=TRS05.7 - Serial Number in TRS05 - FRU Data Programming

response at 6/26/2024 4:26:35 PM:
OK




To localhost at 6/26/2024 4:28:04 PM:
REQUEST_TYPE=PfsLogin
WORK_CENTER=P00670
DATABASE=PFSMYP4
WORK_CENTER=P00670
USER_ID=bangun
PASSWORD=****
OPERATION_CODE=FCT
PRODUCTION_ORDER=PMQ008531

response at 6/26/2024 4:28:06 PM:
OK




To localhost at 6/26/2024 4:28:06 PM:
REQUEST_TYPE=PfsGetItemInfo
DATABASE=PFSMYP4
USER_ID=bangun
PASSWORD=****
SERIAL_NUM=24240007
RETURN_VALUES=COMP_ITEM_NUMBER

response at 6/26/2024 4:28:08 PM:
OK
ROSSCMEMBUSPCBA-LFVAE




To localhost at 6/26/2024 4:28:08 PM:
REQUEST_TYPE=PfsQuery
WORK_CENTER=P00670
DATABASE=PFSMYP4
WORK_CENTER=P00670
USER_ID=bangun
PASSWORD=****
OPERATION_CODE=FCT
PRODUCTION_ORDER=PMQ008531
SERIAL_NUM=24240007

response at 6/26/2024 4:28:10 PM:
OK




To localhost at 6/26/2024 4:29:53 PM:
REQUEST_TYPE=PfsSendResults
WORK_CENTER=P00670
DATABASE=PFSMYP4
WORK_CENTER=P00670
USER_ID=bangun
PASSWORD=****
OPERATION_CODE=FCT
PRODUCTION_ORDER=PMQ008531
SERIAL_NUM=24240007
PASS_FAIL=F
FAILURE_CODE=-1
FAILURE_COMMENT=TRS05.7 - Serial Number in TRS05 - FRU Data Programming

response at 6/26/2024 4:29:55 PM:
OK




To localhost at 6/26/2024 4:56:33 PM:
REQUEST_TYPE=PfsLogin
WORK_CENTER=P00670
DATABASE=PFSMYP4
WORK_CENTER=P00670
USER_ID=bangun
PASSWORD=****
OPERATION_CODE=FCT
PRODUCTION_ORDER=PMQ008531

response at 6/26/2024 4:56:36 PM:
OK




To localhost at 6/26/2024 4:56:37 PM:
REQUEST_TYPE=PfsGetItemInfo
DATABASE=PFSMYP4
USER_ID=bangun
PASSWORD=****
SERIAL_NUM=24240004
RETURN_VALUES=COMP_ITEM_NUMBER

response at 6/26/2024 4:56:39 PM:
OK
ROSSCMEMBUSPCBA-LFVAE




To localhost at 6/26/2024 4:56:39 PM:
REQUEST_TYPE=PfsQuery
WORK_CENTER=P00670
DATABASE=PFSMYP4
WORK_CENTER=P00670
USER_ID=bangun
PASSWORD=****
OPERATION_CODE=FCT
PRODUCTION_ORDER=PMQ008531
SERIAL_NUM=24240004

response at 6/26/2024 4:56:41 PM:
OK




To localhost at 6/26/2024 5:10:57 PM:
REQUEST_TYPE=PfsLogin
WORK_CENTER=P00670
DATABASE=PFSMYP4
WORK_CENTER=P00670
USER_ID=bangun
PASSWORD=****
OPERATION_CODE=FCT
PRODUCTION_ORDER=PMQ008531

response at 6/26/2024 5:11:00 PM:
OK




To localhost at 6/26/2024 5:11:01 PM:
REQUEST_TYPE=PfsSendResults
WORK_CENTER=P00670
DATABASE=PFSMYP4
WORK_CENTER=P00670
USER_ID=bangun
PASSWORD=****
OPERATION_CODE=FCT
PRODUCTION_ORDER=PMQ008531
SERIAL_NUM=24240004
PASS_FAIL=P

response at 6/26/2024 5:11:03 PM:
OK




To localhost at 6/26/2024 5:11:25 PM:
REQUEST_TYPE=PfsGetItemInfo
DATABASE=PFSMYP4
USER_ID=bangun
PASSWORD=****
SERIAL_NUM=24240029
RETURN_VALUES=COMP_ITEM_NUMBER

response at 6/26/2024 5:11:27 PM:
OK
ROSSCMEMBUSPCBA-LFVAE




To localhost at 6/26/2024 5:11:27 PM:
REQUEST_TYPE=PfsQuery
WORK_CENTER=P00670
DATABASE=PFSMYP4
WORK_CENTER=P00670
USER_ID=bangun
PASSWORD=****
OPERATION_CODE=FCT
PRODUCTION_ORDER=PMQ008531
SERIAL_NUM=24240029

response at 6/26/2024 5:11:29 PM:
OK




To localhost at 6/26/2024 5:13:15 PM:
REQUEST_TYPE=PfsLogin
WORK_CENTER=P00670
DATABASE=PFSMYP4
WORK_CENTER=P00670
USER_ID=bangun
PASSWORD=****
OPERATION_CODE=FCT
PRODUCTION_ORDER=PMQ008531

response at 6/26/2024 5:13:17 PM:
OK




To localhost at 6/26/2024 5:13:18 PM:
REQUEST_TYPE=PfsSendResults
WORK_CENTER=P00670
DATABASE=PFSMYP4
WORK_CENTER=P00670
USER_ID=bangun
PASSWORD=****
OPERATION_CODE=FCT
PRODUCTION_ORDER=PMQ008531
SERIAL_NUM=24240029
PASS_FAIL=F
FAILURE_CODE=-1
FAILURE_COMMENT=TRS05.7 - Serial Number in TRS05 - FRU Data Programming

response at 6/26/2024 5:13:20 PM:
OK




To localhost at 6/27/2024 9:22:25 AM:
REQUEST_TYPE=PfsLogin
WORK_CENTER=P00670
DATABASE=PFSMYP4
WORK_CENTER=P00670
USER_ID=bangun
PASSWORD=****
OPERATION_CODE=FCT
PRODUCTION_ORDER=PMQ008531

response at 6/27/2024 9:22:28 AM:
PfsLogin Failure: Invalid username/password




To localhost at 6/27/2024 9:22:45 AM:
REQUEST_TYPE=PfsLogin
WORK_CENTER=P00670
DATABASE=PFSMYP4
WORK_CENTER=P00670
USER_ID=bangun
PASSWORD=****
OPERATION_CODE=
PRODUCTION_ORDER=PMQ008531

response at 6/27/2024 9:22:47 AM:
PfsLogin Failure: Invalid username/password




To localhost at 6/27/2024 9:27:31 AM:
REQUEST_TYPE=PfsLogin
WORK_CENTER=P00670
DATABASE=PFSMYP4
WORK_CENTER=P00670
USER_ID=bangun
PASSWORD=****
OPERATION_CODE=
PRODUCTION_ORDER=PMQ008531

response at 6/27/2024 9:27:33 AM:
PfsLogin Failure: Invalid username/password




To localhost at 6/27/2024 9:27:51 AM:
REQUEST_TYPE=PfsLogin
WORK_CENTER=P00670
DATABASE=PFSMYP4
WORK_CENTER=P00670
USER_ID=bangun
PASSWORD=****
OPERATION_CODE=FCT
PRODUCTION_ORDER=PMQ008531

response at 6/27/2024 9:27:53 AM:
PfsLogin Failure: Invalid username/password




To localhost at 6/27/2024 9:28:13 AM:
REQUEST_TYPE=PfsLogin
WORK_CENTER=P00670
DATABASE=PFSMYP4
WORK_CENTER=P00670
USER_ID=bangun
PASSWORD=****
OPERATION_CODE=
PRODUCTION_ORDER=PMQ008531

response at 6/27/2024 9:28:15 AM:
PfsLogin Failure: Invalid username/password




To localhost at 6/27/2024 9:28:24 AM:
REQUEST_TYPE=PfsLogin
WORK_CENTER=P00670
DATABASE=PFSMYP4
WORK_CENTER=P00670
USER_ID=bangun
PASSWORD=****
OPERATION_CODE=FCT
PRODUCTION_ORDER=PMQ008531

response at 6/27/2024 9:28:26 AM:
PfsLogin Failure: Invalid username/password




To localhost at 6/27/2024 9:29:08 AM:
REQUEST_TYPE=PfsLogin
WORK_CENTER=P00670
DATABASE=PFSMYP4
WORK_CENTER=P00670
USER_ID=bangun
PASSWORD=****
OPERATION_CODE=FCT
PRODUCTION_ORDER=PMQ008531

response at 6/27/2024 9:29:11 AM:
OK




To localhost at 6/27/2024 9:29:11 AM:
REQUEST_TYPE=PfsGetItemInfo
DATABASE=PFSMYP4
USER_ID=bangun
PASSWORD=****
SERIAL_NUM=24240022
RETURN_VALUES=COMP_ITEM_NUMBER

response at 6/27/2024 9:29:13 AM:
OK
ROSSCMEMBUSPCBA-LFVAE




To localhost at 6/27/2024 9:29:14 AM:
REQUEST_TYPE=PfsQuery
WORK_CENTER=P00670
DATABASE=PFSMYP4
WORK_CENTER=P00670
USER_ID=bangun
PASSWORD=****
OPERATION_CODE=FCT
PRODUCTION_ORDER=PMQ008531
SERIAL_NUM=24240022

response at 6/27/2024 9:29:16 AM:
OK




To localhost at 6/27/2024 9:44:52 AM:
REQUEST_TYPE=PfsLogin
WORK_CENTER=P00670
DATABASE=PFSMYP4
WORK_CENTER=P00670
USER_ID=bangun
PASSWORD=****
OPERATION_CODE=FCT
PRODUCTION_ORDER=PMQ008531

response at 6/27/2024 9:44:54 AM:
OK




To localhost at 6/27/2024 9:44:56 AM:
REQUEST_TYPE=PfsSendResults
WORK_CENTER=P00670
DATABASE=PFSMYP4
WORK_CENTER=P00670
USER_ID=bangun
PASSWORD=****
OPERATION_CODE=FCT
PRODUCTION_ORDER=PMQ008531
SERIAL_NUM=24240022
PASS_FAIL=P

response at 6/27/2024 9:44:58 AM:
OK




To localhost at 6/27/2024 9:50:02 AM:
REQUEST_TYPE=PfsGetItemInfo
DATABASE=PFSMYP4
USER_ID=bangun
PASSWORD=****
SERIAL_NUM=24240028
RETURN_VALUES=COMP_ITEM_NUMBER

response at 6/27/2024 9:50:04 AM:
OK
ROSSCMEMBUSPCBA-LFVAE




To localhost at 6/27/2024 9:50:04 AM:
REQUEST_TYPE=PfsQuery
WORK_CENTER=P00670
DATABASE=PFSMYP4
WORK_CENTER=P00670
USER_ID=bangun
PASSWORD=****
OPERATION_CODE=FCT
PRODUCTION_ORDER=PMQ008531
SERIAL_NUM=24240028

response at 6/27/2024 9:50:06 AM:
OK




To localhost at 6/27/2024 10:11:11 AM:
REQUEST_TYPE=PfsLogin
WORK_CENTER=P00670
DATABASE=PFSMYP4
WORK_CENTER=P00670
USER_ID=bangun
PASSWORD=****
OPERATION_CODE=FCT
PRODUCTION_ORDER=PMQ008531

response at 6/27/2024 10:11:14 AM:
OK




To localhost at 6/27/2024 10:11:14 AM:
REQUEST_TYPE=PfsSendResults
WORK_CENTER=P00670
DATABASE=PFSMYP4
WORK_CENTER=P00670
USER_ID=bangun
PASSWORD=****
OPERATION_CODE=FCT
PRODUCTION_ORDER=PMQ008531
SERIAL_NUM=24240028
PASS_FAIL=P

response at 6/27/2024 10:11:16 AM:
OK




To localhost at 6/27/2024 10:13:17 AM:
REQUEST_TYPE=PfsGetItemInfo
DATABASE=PFSMYP4
USER_ID=bangun
PASSWORD=****
SERIAL_NUM=24240005
RETURN_VALUES=COMP_ITEM_NUMBER

response at 6/27/2024 10:13:19 AM:
OK
ROSSCMEMBUSPCBA-LFVAE




To localhost at 6/27/2024 10:13:19 AM:
REQUEST_TYPE=PfsQuery
WORK_CENTER=P00670
DATABASE=PFSMYP4
WORK_CENTER=P00670
USER_ID=bangun
PASSWORD=****
OPERATION_CODE=FCT
PRODUCTION_ORDER=PMQ008531
SERIAL_NUM=24240005

response at 6/27/2024 10:13:21 AM:
OK




To localhost at 6/27/2024 10:41:07 AM:
REQUEST_TYPE=PfsLogin
WORK_CENTER=P00670
DATABASE=PFSMYP4
WORK_CENTER=P00670
USER_ID=bangun
PASSWORD=****
OPERATION_CODE=FCT
PRODUCTION_ORDER=PMQ008531

response at 6/27/2024 10:41:09 AM:
OK




To localhost at 6/27/2024 10:41:10 AM:
REQUEST_TYPE=PfsSendResults
WORK_CENTER=P00670
DATABASE=PFSMYP4
WORK_CENTER=P00670
USER_ID=bangun
PASSWORD=****
OPERATION_CODE=FCT
PRODUCTION_ORDER=PMQ008531
SERIAL_NUM=24240005
PASS_FAIL=P

response at 6/27/2024 10:41:12 AM:
OK




To localhost at 6/27/2024 10:41:33 AM:
REQUEST_TYPE=PfsGetItemInfo
DATABASE=PFSMYP4
USER_ID=bangun
PASSWORD=****
SERIAL_NUM=24240002
RETURN_VALUES=COMP_ITEM_NUMBER

response at 6/27/2024 10:41:36 AM:
OK
ROSSCMEMBUSPCBA-LFVAE




To localhost at 6/27/2024 10:41:36 AM:
REQUEST_TYPE=PfsQuery
WORK_CENTER=P00670
DATABASE=PFSMYP4
WORK_CENTER=P00670
USER_ID=bangun
PASSWORD=****
OPERATION_CODE=FCT
PRODUCTION_ORDER=PMQ008531
SERIAL_NUM=24240002

response at 6/27/2024 10:41:38 AM:
OK




To localhost at 6/27/2024 11:05:25 AM:
REQUEST_TYPE=PfsLogin
WORK_CENTER=P00670
DATABASE=PFSMYP4
WORK_CENTER=P00670
USER_ID=bangun
PASSWORD=****
OPERATION_CODE=FCT
PRODUCTION_ORDER=PMQ008531

response at 6/27/2024 11:05:28 AM:
OK




To localhost at 6/27/2024 11:05:28 AM:
REQUEST_TYPE=PfsSendResults
WORK_CENTER=P00670
DATABASE=PFSMYP4
WORK_CENTER=P00670
USER_ID=bangun
PASSWORD=****
OPERATION_CODE=FCT
PRODUCTION_ORDER=PMQ008531
SERIAL_NUM=24240002
PASS_FAIL=P

response at 6/27/2024 11:05:30 AM:
OK




To localhost at 6/27/2024 11:05:57 AM:
REQUEST_TYPE=PfsGetItemInfo
DATABASE=PFSMYP4
USER_ID=bangun
PASSWORD=****
SERIAL_NUM=24240007
RETURN_VALUES=COMP_ITEM_NUMBER

response at 6/27/2024 11:05:59 AM:
OK
ROSSCMEMBUSPCBA-LFVAE




To localhost at 6/27/2024 11:05:59 AM:
REQUEST_TYPE=PfsQuery
WORK_CENTER=P00670
DATABASE=PFSMYP4
WORK_CENTER=P00670
USER_ID=bangun
PASSWORD=****
OPERATION_CODE=FCT
PRODUCTION_ORDER=PMQ008531
SERIAL_NUM=24240007

response at 6/27/2024 11:06:01 AM:
OK




To localhost at 6/27/2024 11:27:32 AM:
REQUEST_TYPE=PfsLogin
WORK_CENTER=P00670
DATABASE=PFSMYP4
WORK_CENTER=P00670
USER_ID=bangun
PASSWORD=****
OPERATION_CODE=FCT
PRODUCTION_ORDER=PMQ008531

response at 6/27/2024 11:27:34 AM:
OK




To localhost at 6/27/2024 11:27:35 AM:
REQUEST_TYPE=PfsSendResults
WORK_CENTER=P00670
DATABASE=PFSMYP4
WORK_CENTER=P00670
USER_ID=bangun
PASSWORD=****
OPERATION_CODE=FCT
PRODUCTION_ORDER=PMQ008531
SERIAL_NUM=24240007
PASS_FAIL=P

response at 6/27/2024 11:27:37 AM:
OK




To localhost at 7/1/2024 7:59:55 AM:
REQUEST_TYPE=PfsLogin
WORK_CENTER=P00670
DATABASE=PFSMYP4
WORK_CENTER=P00670
USER_ID=pirala
PASSWORD=****
OPERATION_CODE=FCT
PRODUCTION_ORDER=PMQ008637

response at 7/1/2024 7:59:59 AM:
OK




To localhost at 7/1/2024 7:59:59 AM:
REQUEST_TYPE=PfsGetItemInfo
DATABASE=PFSMYP4
USER_ID=pirala
PASSWORD=****
SERIAL_NUM=24240029
RETURN_VALUES=COMP_ITEM_NUMBER

response at 7/1/2024 8:00:01 AM:
OK
ROSSCMEMBUSPCBA-LFVAE




To localhost at 7/1/2024 8:00:02 AM:
REQUEST_TYPE=PfsQuery
WORK_CENTER=P00670
DATABASE=PFSMYP4
WORK_CENTER=P00670
USER_ID=pirala
PASSWORD=****
OPERATION_CODE=FCT
PRODUCTION_ORDER=PMQ008637
SERIAL_NUM=24240029

response at 7/1/2024 8:00:04 AM:
PfsQuery Failure: Serial number 24240029 is not on this production order.
It is on production order(s) PMQ008531.




To localhost at 7/1/2024 8:00:48 AM:
REQUEST_TYPE=PfsLogin
WORK_CENTER=P00670
DATABASE=PFSMYP4
WORK_CENTER=P00670
USER_ID=pirala
PASSWORD=****
OPERATION_CODE=FCT
PRODUCTION_ORDER=PMQ008531

response at 7/1/2024 8:00:50 AM:
OK




To localhost at 7/1/2024 8:00:51 AM:
REQUEST_TYPE=PfsGetItemInfo
DATABASE=PFSMYP4
USER_ID=pirala
PASSWORD=****
SERIAL_NUM=24240029
RETURN_VALUES=COMP_ITEM_NUMBER

response at 7/1/2024 8:00:53 AM:
OK
ROSSCMEMBUSPCBA-LFVAE




To localhost at 7/1/2024 8:00:53 AM:
REQUEST_TYPE=PfsQuery
WORK_CENTER=P00670
DATABASE=PFSMYP4
WORK_CENTER=P00670
USER_ID=pirala
PASSWORD=****
OPERATION_CODE=FCT
PRODUCTION_ORDER=PMQ008531
SERIAL_NUM=24240029

response at 7/1/2024 8:00:55 AM:
OK




To localhost at 7/1/2024 8:21:43 AM:
REQUEST_TYPE=PfsLogin
WORK_CENTER=P00670
DATABASE=PFSMYP4
WORK_CENTER=P00670
USER_ID=pirala
PASSWORD=****
OPERATION_CODE=FCT
PRODUCTION_ORDER=PMQ008531

response at 7/1/2024 8:21:46 AM:
OK




To localhost at 7/1/2024 8:21:48 AM:
REQUEST_TYPE=PfsSendResults
WORK_CENTER=P00670
DATABASE=PFSMYP4
WORK_CENTER=P00670
USER_ID=pirala
PASSWORD=****
OPERATION_CODE=FCT
PRODUCTION_ORDER=PMQ008531
SERIAL_NUM=24240029
PASS_FAIL=P

response at 7/1/2024 8:21:51 AM:
OK




To localhost at 9/11/2024 11:17:58 AM:
REQUEST_TYPE=PfsLogin
WORK_CENTER=P00670
DATABASE=PFSMYP4
WORK_CENTER=P00670
USER_ID=pirala
PASSWORD=****
OPERATION_CODE=FCT
PRODUCTION_ORDER=PMR006881

response at 9/11/2024 11:18:01 AM:
PfsLogin Failure: Prod Order PMR006881 does not contain Op Code FCT




To localhost at 9/11/2024 11:18:33 AM:
REQUEST_TYPE=PfsLogin
WORK_CENTER=P00670
DATABASE=PFSMYP4
WORK_CENTER=P00670
USER_ID=pirala
PASSWORD=****
OPERATION_CODE=FCT
PRODUCTION_ORDER=PMR006881

response at 9/11/2024 11:18:35 AM:
PfsLogin Failure: Prod Order PMR006881 does not contain Op Code FCT




To localhost at 9/11/2024 11:48:27 AM:
REQUEST_TYPE=PfsLogin
WORK_CENTER=P00670
DATABASE=PFSMYP4
WORK_CENTER=P00670
USER_ID=pirala
PASSWORD=****
OPERATION_CODE=FCT
PRODUCTION_ORDER=PMR006881

response at 9/11/2024 11:48:29 AM:
OK




To localhost at 9/11/2024 11:48:30 AM:
REQUEST_TYPE=PfsGetItemInfo
DATABASE=PFSMYP4
USER_ID=pirala
PASSWORD=****
SERIAL_NUM=22300113
RETURN_VALUES=COMP_ITEM_NUMBER

response at 9/11/2024 11:48:32 AM:
OK
ROSSCMEEIP-LFVAM
ROSSCMEEIPPCBA-LFVAM




To localhost at 12/3/2024 10:22:30 PM:
REQUEST_TYPE=PfsLogin
WORK_CENTER=P00670
DATABASE=PFSMYP4
WORK_CENTER=P00670
USER_ID=bangun
PASSWORD=****
OPERATION_CODE=FCT
PRODUCTION_ORDER=PMS010821

response at 12/3/2024 10:22:33 PM:
OK




To localhost at 12/3/2024 10:22:33 PM:
REQUEST_TYPE=PfsGetItemInfo
DATABASE=PFSMYP4
USER_ID=bangun
PASSWORD=****
SERIAL_NUM=24470002
RETURN_VALUES=COMP_ITEM_NUMBER

response at 12/3/2024 10:22:35 PM:
OK
ROSSCMEMBUSPCBA-LFVAE




