To localhost at 5/3/2024 1:45:45 PM:
REQUEST_TYPE=PfsLogin
WORK_CENTER=P00670
DATABASE=PFSMYP4
WORK_CENTER=P00670
USER_ID=situsa
PASSWORD=****
OPERATION_CODE=FCT1
PRODUCTION_ORDER=EIPTEST01

response at 5/3/2024 1:45:47 PM:
OK




To localhost at 5/3/2024 1:45:51 PM:
REQUEST_TYPE=PfsGetItemInfo
DATABASE=PFSMYP4
USER_ID=situsa
PASSWORD=****
SERIAL_NUM=24180006
RETURN_VALUES=COMP_ITEM_NUMBER

response at 5/3/2024 1:45:53 PM:
OK
ROSSCMEEIPPCBA-LFVAP




To localhost at 5/7/2024 10:21:03 AM:
REQUEST_TYPE=PfsLogin
WORK_CENTER=P00670
DATABASE=PFSMYP4
WORK_CENTER=P00670
USER_ID=pirala
PASSWORD=****
OPERATION_CODE=FCT
PRODUCTION_ORDER=MBUSTEST01

response at 5/7/2024 10:21:06 AM:
OK




To localhost at 5/7/2024 10:21:06 AM:
REQUEST_TYPE=PfsGetItemInfo
DATABASE=PFSMYP4
USER_ID=pirala
PASSWORD=****
SERIAL_NUM=24180001
RETURN_VALUES=COMP_ITEM_NUMBER

response at 5/7/2024 10:21:08 AM:
OK
ROSSCMEMBUSPCBA-LFVAB




To localhost at 5/20/2024 4:25:18 PM:
REQUEST_TYPE=PfsLogin
WORK_CENTER=P00670
DATABASE=PFSMYP4
WORK_CENTER=P00670
USER_ID=pirala
PASSWORD=****
OPERATION_CODE=FCT
PRODUCTION_ORDER=PML900127

response at 5/20/2024 4:25:22 PM:
OK




To localhost at 5/20/2024 4:25:22 PM:
REQUEST_TYPE=PfsGetItemInfo
DATABASE=PFSMYP4
USER_ID=pirala
PASSWORD=****
SERIAL_NUM=24200009
RETURN_VALUES=COMP_ITEM_NUMBER

response at 5/20/2024 4:25:24 PM:
OK
ROSSCMEMBUSPCBA-LFVAC




To localhost at 5/20/2024 4:25:24 PM:
REQUEST_TYPE=PfsQuery
WORK_CENTER=P00670
DATABASE=PFSMYP4
WORK_CENTER=P00670
USER_ID=pirala
PASSWORD=****
OPERATION_CODE=FCT
PRODUCTION_ORDER=PML900127
SERIAL_NUM=24200009

response at 5/20/2024 4:25:26 PM:
PfsQuery Failure: Serial number 24200009 is not on this production order.
It is on production order(s) PML900125.




To localhost at 6/27/2024 11:33:24 AM:
REQUEST_TYPE=PfsLogin
WORK_CENTER=P00670
DATABASE=PFSMYP4
WORK_CENTER=P00670
USER_ID=bangun
PASSWORD=****
OPERATION_CODE=FCT
PRODUCTION_ORDER=PMQ008637

response at 6/27/2024 11:33:27 AM:
OK




To localhost at 6/27/2024 11:33:27 AM:
REQUEST_TYPE=PfsGetItemInfo
DATABASE=PFSMYP4
USER_ID=bangun
PASSWORD=****
SERIAL_NUM=24240031
RETURN_VALUES=COMP_ITEM_NUMBER

response at 6/27/2024 11:33:29 AM:
OK
ROSSCMEMBUS-LFVAE
ROSSCMEMBUSPCBA-LFVAE




To localhost at 6/27/2024 11:33:29 AM:
REQUEST_TYPE=PfsQuery
WORK_CENTER=P00670
DATABASE=PFSMYP4
WORK_CENTER=P00670
USER_ID=bangun
PASSWORD=****
OPERATION_CODE=FCT
PRODUCTION_ORDER=PMQ008637
SERIAL_NUM=24240031

response at 6/27/2024 11:33:31 AM:
OK




To localhost at 6/27/2024 11:46:14 AM:
REQUEST_TYPE=PfsLogin
WORK_CENTER=P00670
DATABASE=PFSMYP4
WORK_CENTER=P00670
USER_ID=bangun
PASSWORD=****
OPERATION_CODE=FCT
PRODUCTION_ORDER=PMQ008637

response at 6/27/2024 11:46:16 AM:
OK




To localhost at 6/27/2024 11:46:17 AM:
REQUEST_TYPE=PfsSendResults
WORK_CENTER=P00670
DATABASE=PFSMYP4
WORK_CENTER=P00670
USER_ID=bangun
PASSWORD=****
OPERATION_CODE=FCT
PRODUCTION_ORDER=PMQ008637
SERIAL_NUM=24240031
PASS_FAIL=P

response at 6/27/2024 11:46:19 AM:
OK




To localhost at 6/27/2024 3:51:23 PM:
REQUEST_TYPE=PfsGetItemInfo
DATABASE=PFSMYP4
USER_ID=bangun
PASSWORD=****
SERIAL_NUM=24240025
RETURN_VALUES=COMP_ITEM_NUMBER

response at 6/27/2024 3:51:25 PM:
OK
ROSSCMEMBUS-LFVAE
ROSSCMEMBUSPCBA-LFVAE




To localhost at 6/27/2024 3:51:25 PM:
REQUEST_TYPE=PfsQuery
WORK_CENTER=P00670
DATABASE=PFSMYP4
WORK_CENTER=P00670
USER_ID=bangun
PASSWORD=****
OPERATION_CODE=FCT
PRODUCTION_ORDER=PMQ008637
SERIAL_NUM=24240025

response at 6/27/2024 3:51:27 PM:
OK




To localhost at 6/27/2024 4:01:15 PM:
REQUEST_TYPE=PfsLogin
WORK_CENTER=P00670
DATABASE=PFSMYP4
WORK_CENTER=P00670
USER_ID=bangun
PASSWORD=
OPERATION_CODE=FCT
PRODUCTION_ORDER=PMQ008637

response at 6/27/2024 4:01:18 PM:
PfsLogin Error: Request data incomplete
Missing PASSWORD




To localhost at 6/27/2024 4:01:22 PM:
REQUEST_TYPE=PfsLogin
WORK_CENTER=P00670
DATABASE=PFSMYP4
WORK_CENTER=P00670
USER_ID=bangun
PASSWORD=****
OPERATION_CODE=FCT
PRODUCTION_ORDER=PMQ008637

response at 6/27/2024 4:01:24 PM:
OK




To localhost at 6/27/2024 4:01:26 PM:
REQUEST_TYPE=PfsSendResults
WORK_CENTER=P00670
DATABASE=PFSMYP4
WORK_CENTER=P00670
USER_ID=bangun
PASSWORD=****
OPERATION_CODE=FCT
PRODUCTION_ORDER=PMQ008637
SERIAL_NUM=24240025
PASS_FAIL=F
FAILURE_CODE=-1
FAILURE_COMMENT=TRS05.4 - Network LED Intensity in TRS05 - Normal Operation LED

response at 6/27/2024 4:01:37 PM:
OK




To localhost at 6/27/2024 4:03:58 PM:
REQUEST_TYPE=PfsGetItemInfo
DATABASE=PFSMYP4
USER_ID=bangun
PASSWORD=****
SERIAL_NUM=24240019
RETURN_VALUES=COMP_ITEM_NUMBER

response at 6/27/2024 4:04:00 PM:
OK
ROSSCMEMBUS-LFVAE
ROSSCMEMBUSPCBA-LFVAE




To localhost at 6/27/2024 4:04:00 PM:
REQUEST_TYPE=PfsQuery
WORK_CENTER=P00670
DATABASE=PFSMYP4
WORK_CENTER=P00670
USER_ID=bangun
PASSWORD=****
OPERATION_CODE=FCT
PRODUCTION_ORDER=PMQ008637
SERIAL_NUM=24240019

response at 6/27/2024 4:04:02 PM:
OK




To localhost at 6/27/2024 4:13:41 PM:
REQUEST_TYPE=PfsLogin
WORK_CENTER=P00670
DATABASE=PFSMYP4
WORK_CENTER=P00670
USER_ID=bangun
PASSWORD=****
OPERATION_CODE=FCT
PRODUCTION_ORDER=PMQ008637

response at 6/27/2024 4:13:43 PM:
OK




To localhost at 6/27/2024 4:13:43 PM:
REQUEST_TYPE=PfsSendResults
WORK_CENTER=P00670
DATABASE=PFSMYP4
WORK_CENTER=P00670
USER_ID=bangun
PASSWORD=****
OPERATION_CODE=FCT
PRODUCTION_ORDER=PMQ008637
SERIAL_NUM=24240019
PASS_FAIL=P

response at 6/27/2024 4:13:45 PM:
OK




To localhost at 6/27/2024 4:14:16 PM:
REQUEST_TYPE=PfsGetItemInfo
DATABASE=PFSMYP4
USER_ID=bangun
PASSWORD=****
SERIAL_NUM=24240011
RETURN_VALUES=COMP_ITEM_NUMBER

response at 6/27/2024 4:14:18 PM:
OK
ROSSCMEMBUS-LFVAE
ROSSCMEMBUSPCBA-LFVAE




To localhost at 6/27/2024 4:14:18 PM:
REQUEST_TYPE=PfsQuery
WORK_CENTER=P00670
DATABASE=PFSMYP4
WORK_CENTER=P00670
USER_ID=bangun
PASSWORD=****
OPERATION_CODE=FCT
PRODUCTION_ORDER=PMQ008637
SERIAL_NUM=24240011

response at 6/27/2024 4:14:20 PM:
OK




To localhost at 6/27/2024 4:23:31 PM:
REQUEST_TYPE=PfsLogin
WORK_CENTER=P00670
DATABASE=PFSMYP4
WORK_CENTER=P00670
USER_ID=bangun
PASSWORD=****
OPERATION_CODE=FCT
PRODUCTION_ORDER=PMQ008637

response at 6/27/2024 4:23:33 PM:
OK




To localhost at 6/27/2024 4:23:34 PM:
REQUEST_TYPE=PfsSendResults
WORK_CENTER=P00670
DATABASE=PFSMYP4
WORK_CENTER=P00670
USER_ID=bangun
PASSWORD=****
OPERATION_CODE=FCT
PRODUCTION_ORDER=PMQ008637
SERIAL_NUM=24240011
PASS_FAIL=P

response at 6/27/2024 4:23:36 PM:
OK




To localhost at 6/27/2024 4:24:01 PM:
REQUEST_TYPE=PfsGetItemInfo
DATABASE=PFSMYP4
USER_ID=bangun
PASSWORD=****
SERIAL_NUM=24240021
RETURN_VALUES=COMP_ITEM_NUMBER

response at 6/27/2024 4:24:03 PM:
OK
ROSSCMEMBUS-LFVAE
ROSSCMEMBUSPCBA-LFVAE




To localhost at 6/27/2024 4:24:03 PM:
REQUEST_TYPE=PfsQuery
WORK_CENTER=P00670
DATABASE=PFSMYP4
WORK_CENTER=P00670
USER_ID=bangun
PASSWORD=****
OPERATION_CODE=FCT
PRODUCTION_ORDER=PMQ008637
SERIAL_NUM=24240021

response at 6/27/2024 4:24:05 PM:
OK




To localhost at 6/27/2024 4:33:15 PM:
REQUEST_TYPE=PfsLogin
WORK_CENTER=P00670
DATABASE=PFSMYP4
WORK_CENTER=P00670
USER_ID=bangun
PASSWORD=****
OPERATION_CODE=FCT
PRODUCTION_ORDER=PMQ008637

response at 6/27/2024 4:33:17 PM:
OK




To localhost at 6/27/2024 4:33:18 PM:
REQUEST_TYPE=PfsSendResults
WORK_CENTER=P00670
DATABASE=PFSMYP4
WORK_CENTER=P00670
USER_ID=bangun
PASSWORD=****
OPERATION_CODE=FCT
PRODUCTION_ORDER=PMQ008637
SERIAL_NUM=24240021
PASS_FAIL=P

response at 6/27/2024 4:33:20 PM:
OK




To localhost at 6/27/2024 4:33:44 PM:
REQUEST_TYPE=PfsGetItemInfo
DATABASE=PFSMYP4
USER_ID=bangun
PASSWORD=****
SERIAL_NUM=24240042
RETURN_VALUES=COMP_ITEM_NUMBER

response at 6/27/2024 4:33:46 PM:
OK
ROSSCMEMBUS-LFVAE
ROSSCMEMBUSPCBA-LFVAE




To localhost at 6/27/2024 4:33:46 PM:
REQUEST_TYPE=PfsQuery
WORK_CENTER=P00670
DATABASE=PFSMYP4
WORK_CENTER=P00670
USER_ID=bangun
PASSWORD=****
OPERATION_CODE=FCT
PRODUCTION_ORDER=PMQ008637
SERIAL_NUM=24240042

response at 6/27/2024 4:33:48 PM:
OK




To localhost at 6/27/2024 4:43:19 PM:
REQUEST_TYPE=PfsLogin
WORK_CENTER=P00670
DATABASE=PFSMYP4
WORK_CENTER=P00670
USER_ID=bangun
PASSWORD=****
OPERATION_CODE=FCT
PRODUCTION_ORDER=PMQ008637

response at 6/27/2024 4:43:21 PM:
OK




To localhost at 6/27/2024 4:43:22 PM:
REQUEST_TYPE=PfsSendResults
WORK_CENTER=P00670
DATABASE=PFSMYP4
WORK_CENTER=P00670
USER_ID=bangun
PASSWORD=****
OPERATION_CODE=FCT
PRODUCTION_ORDER=PMQ008637
SERIAL_NUM=24240042
PASS_FAIL=P

response at 6/27/2024 4:43:24 PM:
OK




To localhost at 6/27/2024 4:43:43 PM:
REQUEST_TYPE=PfsGetItemInfo
DATABASE=PFSMYP4
USER_ID=bangun
PASSWORD=****
SERIAL_NUM=24240048
RETURN_VALUES=COMP_ITEM_NUMBER

response at 6/27/2024 4:43:45 PM:
OK
ROSSCMEMBUS-LFVAE
ROSSCMEMBUSPCBA-LFVAE




To localhost at 6/27/2024 4:43:45 PM:
REQUEST_TYPE=PfsQuery
WORK_CENTER=P00670
DATABASE=PFSMYP4
WORK_CENTER=P00670
USER_ID=bangun
PASSWORD=****
OPERATION_CODE=FCT
PRODUCTION_ORDER=PMQ008637
SERIAL_NUM=24240048

response at 6/27/2024 4:43:47 PM:
OK




To localhost at 6/27/2024 4:53:50 PM:
REQUEST_TYPE=PfsLogin
WORK_CENTER=P00670
DATABASE=PFSMYP4
WORK_CENTER=P00670
USER_ID=bangun
PASSWORD=****
OPERATION_CODE=FCT
PRODUCTION_ORDER=PMQ008637

response at 6/27/2024 4:53:52 PM:
OK




To localhost at 6/27/2024 4:53:53 PM:
REQUEST_TYPE=PfsSendResults
WORK_CENTER=P00670
DATABASE=PFSMYP4
WORK_CENTER=P00670
USER_ID=bangun
PASSWORD=****
OPERATION_CODE=FCT
PRODUCTION_ORDER=PMQ008637
SERIAL_NUM=24240048
PASS_FAIL=P

response at 6/27/2024 4:53:55 PM:
OK




To localhost at 6/27/2024 4:54:25 PM:
REQUEST_TYPE=PfsGetItemInfo
DATABASE=PFSMYP4
USER_ID=bangun
PASSWORD=****
SERIAL_NUM=24240024
RETURN_VALUES=COMP_ITEM_NUMBER

response at 6/27/2024 4:54:30 PM:
OK
ROSSCMEMBUS-LFVAE
ROSSCMEMBUSPCBA-LFVAE




To localhost at 6/27/2024 4:54:30 PM:
REQUEST_TYPE=PfsQuery
WORK_CENTER=P00670
DATABASE=PFSMYP4
WORK_CENTER=P00670
USER_ID=bangun
PASSWORD=****
OPERATION_CODE=FCT
PRODUCTION_ORDER=PMQ008637
SERIAL_NUM=24240024

response at 6/27/2024 4:54:32 PM:
OK




To localhost at 6/27/2024 5:09:45 PM:
REQUEST_TYPE=PfsLogin
WORK_CENTER=P00670
DATABASE=PFSMYP4
WORK_CENTER=P00670
USER_ID=bangun
PASSWORD=****
OPERATION_CODE=FCT
PRODUCTION_ORDER=PMQ008637

response at 6/27/2024 5:09:48 PM:
OK




To localhost at 6/27/2024 5:09:49 PM:
REQUEST_TYPE=PfsSendResults
WORK_CENTER=P00670
DATABASE=PFSMYP4
WORK_CENTER=P00670
USER_ID=bangun
PASSWORD=****
OPERATION_CODE=FCT
PRODUCTION_ORDER=PMQ008637
SERIAL_NUM=24240024
PASS_FAIL=P

response at 6/27/2024 5:09:51 PM:
OK




To localhost at 6/27/2024 5:10:16 PM:
REQUEST_TYPE=PfsGetItemInfo
DATABASE=PFSMYP4
USER_ID=bangun
PASSWORD=****
SERIAL_NUM=24240009
RETURN_VALUES=COMP_ITEM_NUMBER

response at 6/27/2024 5:10:18 PM:
OK
ROSSCMEMBUS-LFVAE
ROSSCMEMBUSPCBA-LFVAE




To localhost at 6/27/2024 5:10:18 PM:
REQUEST_TYPE=PfsQuery
WORK_CENTER=P00670
DATABASE=PFSMYP4
WORK_CENTER=P00670
USER_ID=bangun
PASSWORD=****
OPERATION_CODE=FCT
PRODUCTION_ORDER=PMQ008637
SERIAL_NUM=24240009

response at 6/27/2024 5:10:20 PM:
OK




To localhost at 6/27/2024 5:19:35 PM:
REQUEST_TYPE=PfsLogin
WORK_CENTER=P00670
DATABASE=PFSMYP4
WORK_CENTER=P00670
USER_ID=bangun
PASSWORD=****
OPERATION_CODE=FCT
PRODUCTION_ORDER=PMQ008637

response at 6/27/2024 5:19:37 PM:
OK




To localhost at 6/27/2024 5:19:37 PM:
REQUEST_TYPE=PfsSendResults
WORK_CENTER=P00670
DATABASE=PFSMYP4
WORK_CENTER=P00670
USER_ID=bangun
PASSWORD=****
OPERATION_CODE=FCT
PRODUCTION_ORDER=PMQ008637
SERIAL_NUM=24240009
PASS_FAIL=P

response at 6/27/2024 5:19:39 PM:
OK




To localhost at 6/27/2024 5:20:29 PM:
REQUEST_TYPE=PfsGetItemInfo
DATABASE=PFSMYP4
USER_ID=bangun
PASSWORD=****
SERIAL_NUM=24240039
RETURN_VALUES=COMP_ITEM_NUMBER

response at 6/27/2024 5:20:31 PM:
OK
ROSSCMEMBUS-LFVAE
ROSSCMEMBUSPCBA-LFVAE




To localhost at 6/27/2024 5:20:31 PM:
REQUEST_TYPE=PfsQuery
WORK_CENTER=P00670
DATABASE=PFSMYP4
WORK_CENTER=P00670
USER_ID=bangun
PASSWORD=****
OPERATION_CODE=FCT
PRODUCTION_ORDER=PMQ008637
SERIAL_NUM=24240039

response at 6/27/2024 5:20:33 PM:
OK




To localhost at 6/27/2024 5:34:33 PM:
REQUEST_TYPE=PfsLogin
WORK_CENTER=P00670
DATABASE=PFSMYP4
WORK_CENTER=P00670
USER_ID=bangun
PASSWORD=****
OPERATION_CODE=FCT
PRODUCTION_ORDER=PMQ008637

response at 6/27/2024 5:34:35 PM:
OK




To localhost at 6/27/2024 5:34:36 PM:
REQUEST_TYPE=PfsSendResults
WORK_CENTER=P00670
DATABASE=PFSMYP4
WORK_CENTER=P00670
USER_ID=bangun
PASSWORD=****
OPERATION_CODE=FCT
PRODUCTION_ORDER=PMQ008637
SERIAL_NUM=24240039
PASS_FAIL=P

response at 6/27/2024 5:34:38 PM:
OK




To localhost at 6/27/2024 5:35:31 PM:
REQUEST_TYPE=PfsGetItemInfo
DATABASE=PFSMYP4
USER_ID=bangun
PASSWORD=****
SERIAL_NUM=24240017
RETURN_VALUES=COMP_ITEM_NUMBER

response at 6/27/2024 5:35:33 PM:
OK
ROSSCMEMBUS-LFVAE
ROSSCMEMBUSPCBA-LFVAE




To localhost at 6/27/2024 5:35:33 PM:
REQUEST_TYPE=PfsQuery
WORK_CENTER=P00670
DATABASE=PFSMYP4
WORK_CENTER=P00670
USER_ID=bangun
PASSWORD=****
OPERATION_CODE=FCT
PRODUCTION_ORDER=PMQ008637
SERIAL_NUM=24240017

response at 6/27/2024 5:35:35 PM:
OK




To localhost at 6/27/2024 5:45:50 PM:
REQUEST_TYPE=PfsLogin
WORK_CENTER=P00670
DATABASE=PFSMYP4
WORK_CENTER=P00670
USER_ID=bangun
PASSWORD=****
OPERATION_CODE=FCT
PRODUCTION_ORDER=PMQ008637

response at 6/27/2024 5:45:52 PM:
OK




To localhost at 6/27/2024 5:45:53 PM:
REQUEST_TYPE=PfsSendResults
WORK_CENTER=P00670
DATABASE=PFSMYP4
WORK_CENTER=P00670
USER_ID=bangun
PASSWORD=****
OPERATION_CODE=FCT
PRODUCTION_ORDER=PMQ008637
SERIAL_NUM=24240017
PASS_FAIL=P

response at 6/27/2024 5:45:55 PM:
OK




To localhost at 6/27/2024 5:47:57 PM:
REQUEST_TYPE=PfsGetItemInfo
DATABASE=PFSMYP4
USER_ID=bangun
PASSWORD=****
SERIAL_NUM=24240041
RETURN_VALUES=COMP_ITEM_NUMBER

response at 6/27/2024 5:47:59 PM:
OK
ROSSCMEMBUS-LFVAE
ROSSCMEMBUSPCBA-LFVAE




To localhost at 6/27/2024 5:47:59 PM:
REQUEST_TYPE=PfsQuery
WORK_CENTER=P00670
DATABASE=PFSMYP4
WORK_CENTER=P00670
USER_ID=bangun
PASSWORD=****
OPERATION_CODE=FCT
PRODUCTION_ORDER=PMQ008637
SERIAL_NUM=24240041

response at 6/27/2024 5:48:01 PM:
OK




To localhost at 6/27/2024 6:01:17 PM:
REQUEST_TYPE=PfsLogin
WORK_CENTER=P00670
DATABASE=PFSMYP4
WORK_CENTER=P00670
USER_ID=bangun
PASSWORD=****
OPERATION_CODE=FCT
PRODUCTION_ORDER=PMQ008637

response at 6/27/2024 6:01:19 PM:
OK




To localhost at 6/27/2024 6:01:20 PM:
REQUEST_TYPE=PfsSendResults
WORK_CENTER=P00670
DATABASE=PFSMYP4
WORK_CENTER=P00670
USER_ID=bangun
PASSWORD=****
OPERATION_CODE=FCT
PRODUCTION_ORDER=PMQ008637
SERIAL_NUM=24240041
PASS_FAIL=P

response at 6/27/2024 6:01:22 PM:
OK




To localhost at 6/27/2024 6:01:46 PM:
REQUEST_TYPE=PfsGetItemInfo
DATABASE=PFSMYP4
USER_ID=bangun
PASSWORD=****
SERIAL_NUM=24240049
RETURN_VALUES=COMP_ITEM_NUMBER

response at 6/27/2024 6:01:48 PM:
OK
ROSSCMEMBUS-LFVAE
ROSSCMEMBUSPCBA-LFVAE




To localhost at 6/27/2024 6:01:48 PM:
REQUEST_TYPE=PfsQuery
WORK_CENTER=P00670
DATABASE=PFSMYP4
WORK_CENTER=P00670
USER_ID=bangun
PASSWORD=****
OPERATION_CODE=FCT
PRODUCTION_ORDER=PMQ008637
SERIAL_NUM=24240049

response at 6/27/2024 6:01:50 PM:
OK




To localhost at 6/27/2024 6:15:47 PM:
REQUEST_TYPE=PfsLogin
WORK_CENTER=P00670
DATABASE=PFSMYP4
WORK_CENTER=P00670
USER_ID=bangun
PASSWORD=****
OPERATION_CODE=FCT
PRODUCTION_ORDER=PMQ008637

response at 6/27/2024 6:15:49 PM:
OK




To localhost at 6/27/2024 6:15:50 PM:
REQUEST_TYPE=PfsSendResults
WORK_CENTER=P00670
DATABASE=PFSMYP4
WORK_CENTER=P00670
USER_ID=bangun
PASSWORD=****
OPERATION_CODE=FCT
PRODUCTION_ORDER=PMQ008637
SERIAL_NUM=24240049
PASS_FAIL=P

response at 6/27/2024 6:15:52 PM:
OK




To localhost at 6/27/2024 6:17:42 PM:
REQUEST_TYPE=PfsGetItemInfo
DATABASE=PFSMYP4
USER_ID=bangun
PASSWORD=****
SERIAL_NUM=24240012
RETURN_VALUES=COMP_ITEM_NUMBER

response at 6/27/2024 6:17:45 PM:
OK
ROSSCMEMBUS-LFVAE
ROSSCMEMBUSPCBA-LFVAE




To localhost at 6/27/2024 6:17:45 PM:
REQUEST_TYPE=PfsQuery
WORK_CENTER=P00670
DATABASE=PFSMYP4
WORK_CENTER=P00670
USER_ID=bangun
PASSWORD=****
OPERATION_CODE=FCT
PRODUCTION_ORDER=PMQ008637
SERIAL_NUM=24240012

response at 6/27/2024 6:17:47 PM:
OK




To localhost at 6/27/2024 6:30:11 PM:
REQUEST_TYPE=PfsLogin
WORK_CENTER=P00670
DATABASE=PFSMYP4
WORK_CENTER=P00670
USER_ID=bangun
PASSWORD=****
OPERATION_CODE=FCT
PRODUCTION_ORDER=PMQ008637

response at 6/27/2024 6:30:13 PM:
OK




To localhost at 6/27/2024 6:30:14 PM:
REQUEST_TYPE=PfsSendResults
WORK_CENTER=P00670
DATABASE=PFSMYP4
WORK_CENTER=P00670
USER_ID=bangun
PASSWORD=****
OPERATION_CODE=FCT
PRODUCTION_ORDER=PMQ008637
SERIAL_NUM=24240012
PASS_FAIL=P

response at 6/27/2024 6:30:16 PM:
OK




To localhost at 6/27/2024 7:51:18 PM:
REQUEST_TYPE=PfsLogin
WORK_CENTER=P00670
DATABASE=PFSMYP4
WORK_CENTER=P00670
USER_ID=pirala
PASSWORD=****
OPERATION_CODE=FCT
PRODUCTION_ORDER=PMQ008637

response at 6/27/2024 7:51:21 PM:
OK




To localhost at 6/27/2024 7:51:21 PM:
REQUEST_TYPE=PfsGetItemInfo
DATABASE=PFSMYP4
USER_ID=pirala
PASSWORD=****
SERIAL_NUM=24240044
RETURN_VALUES=COMP_ITEM_NUMBER

response at 6/27/2024 7:51:23 PM:
OK
ROSSCMEMBUS-LFVAE
ROSSCMEMBUSPCBA-LFVAE




To localhost at 6/27/2024 7:51:23 PM:
REQUEST_TYPE=PfsQuery
WORK_CENTER=P00670
DATABASE=PFSMYP4
WORK_CENTER=P00670
USER_ID=pirala
PASSWORD=****
OPERATION_CODE=FCT
PRODUCTION_ORDER=PMQ008637
SERIAL_NUM=24240044

response at 6/27/2024 7:51:25 PM:
OK




To localhost at 6/27/2024 8:01:48 PM:
REQUEST_TYPE=PfsLogin
WORK_CENTER=P00670
DATABASE=PFSMYP4
WORK_CENTER=P00670
USER_ID=pirala
PASSWORD=****
OPERATION_CODE=FCT
PRODUCTION_ORDER=PMQ008637

response at 6/27/2024 8:01:50 PM:
OK




To localhost at 6/27/2024 8:01:51 PM:
REQUEST_TYPE=PfsSendResults
WORK_CENTER=P00670
DATABASE=PFSMYP4
WORK_CENTER=P00670
USER_ID=pirala
PASSWORD=****
OPERATION_CODE=FCT
PRODUCTION_ORDER=PMQ008637
SERIAL_NUM=24240044
PASS_FAIL=P

response at 6/27/2024 8:01:54 PM:
OK




To localhost at 6/27/2024 8:02:40 PM:
REQUEST_TYPE=PfsGetItemInfo
DATABASE=PFSMYP4
USER_ID=pirala
PASSWORD=****
SERIAL_NUM=24240040
RETURN_VALUES=COMP_ITEM_NUMBER

response at 6/27/2024 8:02:42 PM:
OK
ROSSCMEMBUS-LFVAE
ROSSCMEMBUSPCBA-LFVAE




To localhost at 6/27/2024 8:02:42 PM:
REQUEST_TYPE=PfsQuery
WORK_CENTER=P00670
DATABASE=PFSMYP4
WORK_CENTER=P00670
USER_ID=pirala
PASSWORD=****
OPERATION_CODE=FCT
PRODUCTION_ORDER=PMQ008637
SERIAL_NUM=24240040

response at 6/27/2024 8:02:44 PM:
OK




To localhost at 6/27/2024 8:13:50 PM:
REQUEST_TYPE=PfsLogin
WORK_CENTER=P00670
DATABASE=PFSMYP4
WORK_CENTER=P00670
USER_ID=pirala
PASSWORD=****
OPERATION_CODE=FCT
PRODUCTION_ORDER=PMQ008637

response at 6/27/2024 8:13:53 PM:
OK




To localhost at 6/27/2024 8:13:54 PM:
REQUEST_TYPE=PfsSendResults
WORK_CENTER=P00670
DATABASE=PFSMYP4
WORK_CENTER=P00670
USER_ID=pirala
PASSWORD=****
OPERATION_CODE=FCT
PRODUCTION_ORDER=PMQ008637
SERIAL_NUM=24240040
PASS_FAIL=P

response at 6/27/2024 8:13:56 PM:
OK




To localhost at 6/27/2024 8:14:25 PM:
REQUEST_TYPE=PfsGetItemInfo
DATABASE=PFSMYP4
USER_ID=pirala
PASSWORD=****
SERIAL_NUM=24240003
RETURN_VALUES=COMP_ITEM_NUMBER

response at 6/27/2024 8:14:27 PM:
OK
ROSSCMEMBUS-LFVAE
ROSSCMEMBUSPCBA-LFVAE




To localhost at 6/27/2024 8:14:28 PM:
REQUEST_TYPE=PfsQuery
WORK_CENTER=P00670
DATABASE=PFSMYP4
WORK_CENTER=P00670
USER_ID=pirala
PASSWORD=****
OPERATION_CODE=FCT
PRODUCTION_ORDER=PMQ008637
SERIAL_NUM=24240003

response at 6/27/2024 8:14:30 PM:
OK




To localhost at 6/27/2024 8:23:51 PM:
REQUEST_TYPE=PfsLogin
WORK_CENTER=P00670
DATABASE=PFSMYP4
WORK_CENTER=P00670
USER_ID=pirala
PASSWORD=****
OPERATION_CODE=FCT
PRODUCTION_ORDER=PMQ008637

response at 6/27/2024 8:23:53 PM:
OK




To localhost at 6/27/2024 8:23:53 PM:
REQUEST_TYPE=PfsSendResults
WORK_CENTER=P00670
DATABASE=PFSMYP4
WORK_CENTER=P00670
USER_ID=pirala
PASSWORD=****
OPERATION_CODE=FCT
PRODUCTION_ORDER=PMQ008637
SERIAL_NUM=24240003
PASS_FAIL=P

response at 6/27/2024 8:23:56 PM:
OK




To localhost at 6/27/2024 8:24:18 PM:
REQUEST_TYPE=PfsGetItemInfo
DATABASE=PFSMYP4
USER_ID=pirala
PASSWORD=****
SERIAL_NUM=24240032
RETURN_VALUES=COMP_ITEM_NUMBER

response at 6/27/2024 8:24:20 PM:
OK
ROSSCMEMBUS-LFVAE
ROSSCMEMBUSPCBA-LFVAE




To localhost at 6/27/2024 8:24:20 PM:
REQUEST_TYPE=PfsQuery
WORK_CENTER=P00670
DATABASE=PFSMYP4
WORK_CENTER=P00670
USER_ID=pirala
PASSWORD=****
OPERATION_CODE=FCT
PRODUCTION_ORDER=PMQ008637
SERIAL_NUM=24240032

response at 6/27/2024 8:24:22 PM:
OK




To localhost at 6/27/2024 8:35:00 PM:
REQUEST_TYPE=PfsLogin
WORK_CENTER=P00670
DATABASE=PFSMYP4
WORK_CENTER=P00670
USER_ID=pirala
PASSWORD=****
OPERATION_CODE=FCT
PRODUCTION_ORDER=PMQ008637

response at 6/27/2024 8:35:02 PM:
OK




To localhost at 6/27/2024 8:35:03 PM:
REQUEST_TYPE=PfsSendResults
WORK_CENTER=P00670
DATABASE=PFSMYP4
WORK_CENTER=P00670
USER_ID=pirala
PASSWORD=****
OPERATION_CODE=FCT
PRODUCTION_ORDER=PMQ008637
SERIAL_NUM=24240032
PASS_FAIL=P

response at 6/27/2024 8:35:05 PM:
OK




To localhost at 6/27/2024 8:35:26 PM:
REQUEST_TYPE=PfsGetItemInfo
DATABASE=PFSMYP4
USER_ID=pirala
PASSWORD=****
SERIAL_NUM=24240033
RETURN_VALUES=COMP_ITEM_NUMBER

response at 6/27/2024 8:35:28 PM:
OK
ROSSCMEMBUS-LFVAE
ROSSCMEMBUSPCBA-LFVAE




To localhost at 6/27/2024 8:35:28 PM:
REQUEST_TYPE=PfsQuery
WORK_CENTER=P00670
DATABASE=PFSMYP4
WORK_CENTER=P00670
USER_ID=pirala
PASSWORD=****
OPERATION_CODE=FCT
PRODUCTION_ORDER=PMQ008637
SERIAL_NUM=24240033

response at 6/27/2024 8:35:30 PM:
OK




To localhost at 6/27/2024 8:54:13 PM:
REQUEST_TYPE=PfsLogin
WORK_CENTER=P00670
DATABASE=PFSMYP4
WORK_CENTER=P00670
USER_ID=pirala
PASSWORD=****
OPERATION_CODE=FCT
PRODUCTION_ORDER=PMQ008637

response at 6/27/2024 8:54:15 PM:
OK




To localhost at 6/27/2024 8:54:15 PM:
REQUEST_TYPE=PfsSendResults
WORK_CENTER=P00670
DATABASE=PFSMYP4
WORK_CENTER=P00670
USER_ID=pirala
PASSWORD=****
OPERATION_CODE=FCT
PRODUCTION_ORDER=PMQ008637
SERIAL_NUM=24240033
PASS_FAIL=P

response at 6/27/2024 8:54:17 PM:
OK




To localhost at 6/27/2024 8:54:37 PM:
REQUEST_TYPE=PfsGetItemInfo
DATABASE=PFSMYP4
USER_ID=pirala
PASSWORD=****
SERIAL_NUM=24240037
RETURN_VALUES=COMP_ITEM_NUMBER

response at 6/27/2024 8:54:39 PM:
OK
ROSSCMEMBUS-LFVAE
ROSSCMEMBUSPCBA-LFVAE




To localhost at 6/27/2024 8:54:39 PM:
REQUEST_TYPE=PfsQuery
WORK_CENTER=P00670
DATABASE=PFSMYP4
WORK_CENTER=P00670
USER_ID=pirala
PASSWORD=****
OPERATION_CODE=FCT
PRODUCTION_ORDER=PMQ008637
SERIAL_NUM=24240037

response at 6/27/2024 8:54:41 PM:
OK




To localhost at 6/27/2024 9:04:18 PM:
REQUEST_TYPE=PfsLogin
WORK_CENTER=P00670
DATABASE=PFSMYP4
WORK_CENTER=P00670
USER_ID=pirala
PASSWORD=****
OPERATION_CODE=FCT
PRODUCTION_ORDER=PMQ008637

response at 6/27/2024 9:04:20 PM:
OK




To localhost at 6/27/2024 9:04:21 PM:
REQUEST_TYPE=PfsSendResults
WORK_CENTER=P00670
DATABASE=PFSMYP4
WORK_CENTER=P00670
USER_ID=pirala
PASSWORD=****
OPERATION_CODE=FCT
PRODUCTION_ORDER=PMQ008637
SERIAL_NUM=24240037
PASS_FAIL=P

response at 6/27/2024 9:04:23 PM:
OK




To localhost at 6/27/2024 9:05:28 PM:
REQUEST_TYPE=PfsGetItemInfo
DATABASE=PFSMYP4
USER_ID=pirala
PASSWORD=****
SERIAL_NUM=24240027
RETURN_VALUES=COMP_ITEM_NUMBER

response at 6/27/2024 9:05:30 PM:
OK
ROSSCMEMBUS-LFVAE
ROSSCMEMBUSPCBA-LFVAE




To localhost at 6/27/2024 9:05:30 PM:
REQUEST_TYPE=PfsQuery
WORK_CENTER=P00670
DATABASE=PFSMYP4
WORK_CENTER=P00670
USER_ID=pirala
PASSWORD=****
OPERATION_CODE=FCT
PRODUCTION_ORDER=PMQ008637
SERIAL_NUM=24240027

response at 6/27/2024 9:05:32 PM:
OK




To localhost at 6/27/2024 9:15:27 PM:
REQUEST_TYPE=PfsLogin
WORK_CENTER=P00670
DATABASE=PFSMYP4
WORK_CENTER=P00670
USER_ID=pirala
PASSWORD=****
OPERATION_CODE=FCT
PRODUCTION_ORDER=PMQ008637

response at 6/27/2024 9:15:29 PM:
OK




To localhost at 6/27/2024 9:15:30 PM:
REQUEST_TYPE=PfsSendResults
WORK_CENTER=P00670
DATABASE=PFSMYP4
WORK_CENTER=P00670
USER_ID=pirala
PASSWORD=****
OPERATION_CODE=FCT
PRODUCTION_ORDER=PMQ008637
SERIAL_NUM=24240027
PASS_FAIL=P

response at 6/27/2024 9:15:32 PM:
OK




To localhost at 6/27/2024 9:15:50 PM:
REQUEST_TYPE=PfsGetItemInfo
DATABASE=PFSMYP4
USER_ID=pirala
PASSWORD=****
SERIAL_NUM=24240034
RETURN_VALUES=COMP_ITEM_NUMBER

response at 6/27/2024 9:15:52 PM:
OK
ROSSCMEMBUS-LFVAE
ROSSCMEMBUSPCBA-LFVAE




To localhost at 6/27/2024 9:15:52 PM:
REQUEST_TYPE=PfsQuery
WORK_CENTER=P00670
DATABASE=PFSMYP4
WORK_CENTER=P00670
USER_ID=pirala
PASSWORD=****
OPERATION_CODE=FCT
PRODUCTION_ORDER=PMQ008637
SERIAL_NUM=24240034

response at 6/27/2024 9:15:54 PM:
OK




To localhost at 6/27/2024 9:26:19 PM:
REQUEST_TYPE=PfsLogin
WORK_CENTER=P00670
DATABASE=PFSMYP4
WORK_CENTER=P00670
USER_ID=pirala
PASSWORD=****
OPERATION_CODE=FCT
PRODUCTION_ORDER=PMQ008637

response at 6/27/2024 9:26:21 PM:
OK




To localhost at 6/27/2024 9:26:21 PM:
REQUEST_TYPE=PfsSendResults
WORK_CENTER=P00670
DATABASE=PFSMYP4
WORK_CENTER=P00670
USER_ID=pirala
PASSWORD=****
OPERATION_CODE=FCT
PRODUCTION_ORDER=PMQ008637
SERIAL_NUM=24240034
PASS_FAIL=F
FAILURE_CODE=-1
FAILURE_COMMENT=TRS08.1 - IP Reset in TRS08 - Enable DHCP

response at 6/27/2024 9:26:23 PM:
OK




To localhost at 6/27/2024 9:28:11 PM:
REQUEST_TYPE=PfsGetItemInfo
DATABASE=PFSMYP4
USER_ID=pirala
PASSWORD=****
SERIAL_NUM=24240004
RETURN_VALUES=COMP_ITEM_NUMBER

response at 6/27/2024 9:28:13 PM:
OK
ROSSCMEMBUS-LFVAE
ROSSCMEMBUSPCBA-LFVAE




To localhost at 6/27/2024 9:28:13 PM:
REQUEST_TYPE=PfsQuery
WORK_CENTER=P00670
DATABASE=PFSMYP4
WORK_CENTER=P00670
USER_ID=pirala
PASSWORD=****
OPERATION_CODE=FCT
PRODUCTION_ORDER=PMQ008637
SERIAL_NUM=24240004

response at 6/27/2024 9:28:15 PM:
OK




To localhost at 6/27/2024 9:30:59 PM:
REQUEST_TYPE=PfsLogin
WORK_CENTER=P00670
DATABASE=PFSMYP4
WORK_CENTER=P00670
USER_ID=pirala
PASSWORD=****
OPERATION_CODE=FCT
PRODUCTION_ORDER=PMQ008637

response at 6/27/2024 9:31:01 PM:
OK




To localhost at 6/27/2024 9:31:01 PM:
REQUEST_TYPE=PfsSendResults
WORK_CENTER=P00670
DATABASE=PFSMYP4
WORK_CENTER=P00670
USER_ID=pirala
PASSWORD=****
OPERATION_CODE=FCT
PRODUCTION_ORDER=PMQ008637
SERIAL_NUM=24240004
PASS_FAIL=F
FAILURE_CODE=-1
FAILURE_COMMENT=TRS02.1 - Static IP Set-up in TRS02 - Disable DHCP and Set Static IP

response at 6/27/2024 9:31:03 PM:
OK




To localhost at 6/27/2024 9:31:42 PM:
REQUEST_TYPE=PfsGetItemInfo
DATABASE=PFSMYP4
USER_ID=pirala
PASSWORD=****
SERIAL_NUM=24240028
RETURN_VALUES=COMP_ITEM_NUMBER

response at 6/27/2024 9:31:44 PM:
OK
ROSSCMEMBUS-LFVAE
ROSSCMEMBUSPCBA-LFVAE




To localhost at 6/27/2024 9:31:44 PM:
REQUEST_TYPE=PfsQuery
WORK_CENTER=P00670
DATABASE=PFSMYP4
WORK_CENTER=P00670
USER_ID=pirala
PASSWORD=****
OPERATION_CODE=FCT
PRODUCTION_ORDER=PMQ008637
SERIAL_NUM=24240028

response at 6/27/2024 9:31:46 PM:
OK




To localhost at 6/27/2024 9:33:18 PM:
REQUEST_TYPE=PfsLogin
WORK_CENTER=P00670
DATABASE=PFSMYP4
WORK_CENTER=P00670
USER_ID=pirala
PASSWORD=****
OPERATION_CODE=FCT
PRODUCTION_ORDER=PMQ008637

response at 6/27/2024 9:33:20 PM:
OK




To localhost at 6/27/2024 9:33:20 PM:
REQUEST_TYPE=PfsSendResults
WORK_CENTER=P00670
DATABASE=PFSMYP4
WORK_CENTER=P00670
USER_ID=pirala
PASSWORD=****
OPERATION_CODE=FCT
PRODUCTION_ORDER=PMQ008637
SERIAL_NUM=24240028
PASS_FAIL=F
FAILURE_CODE=-1
FAILURE_COMMENT=TRS02.1 - Static IP Set-up in TRS02 - Disable DHCP and Set Static IP

response at 6/27/2024 9:33:22 PM:
OK




To localhost at 6/27/2024 9:35:27 PM:
REQUEST_TYPE=PfsLogin
WORK_CENTER=P00670
DATABASE=PFSMYP4
WORK_CENTER=P00670
USER_ID=pirala
PASSWORD=****
OPERATION_CODE=FCT
PRODUCTION_ORDER=PMQ008637

response at 6/27/2024 9:35:29 PM:
PfsLogin Failure: Invalid username/password




To localhost at 6/27/2024 9:35:36 PM:
REQUEST_TYPE=PfsLogin
WORK_CENTER=P00670
DATABASE=PFSMYP4
WORK_CENTER=P00670
USER_ID=pirala
PASSWORD=****
OPERATION_CODE=FCT
PRODUCTION_ORDER=PMQ008637

response at 6/27/2024 9:35:38 PM:
OK




To localhost at 6/27/2024 9:35:38 PM:
REQUEST_TYPE=PfsGetItemInfo
DATABASE=PFSMYP4
USER_ID=pirala
PASSWORD=****
SERIAL_NUM=24240046
RETURN_VALUES=COMP_ITEM_NUMBER

response at 6/27/2024 9:35:40 PM:
OK
ROSSCMEMBUS-LFVAE
ROSSCMEMBUSPCBA-LFVAE




To localhost at 6/27/2024 9:35:40 PM:
REQUEST_TYPE=PfsQuery
WORK_CENTER=P00670
DATABASE=PFSMYP4
WORK_CENTER=P00670
USER_ID=pirala
PASSWORD=****
OPERATION_CODE=FCT
PRODUCTION_ORDER=PMQ008637
SERIAL_NUM=24240046

response at 6/27/2024 9:35:42 PM:
OK




To localhost at 6/27/2024 9:45:01 PM:
REQUEST_TYPE=PfsLogin
WORK_CENTER=P00670
DATABASE=PFSMYP4
WORK_CENTER=P00670
USER_ID=pirala
PASSWORD=****
OPERATION_CODE=FCT
PRODUCTION_ORDER=PMQ008637

response at 6/27/2024 9:45:03 PM:
OK




To localhost at 6/27/2024 9:45:04 PM:
REQUEST_TYPE=PfsSendResults
WORK_CENTER=P00670
DATABASE=PFSMYP4
WORK_CENTER=P00670
USER_ID=pirala
PASSWORD=****
OPERATION_CODE=FCT
PRODUCTION_ORDER=PMQ008637
SERIAL_NUM=24240046
PASS_FAIL=P

response at 6/27/2024 9:45:06 PM:
OK




To localhost at 6/27/2024 9:45:25 PM:
REQUEST_TYPE=PfsGetItemInfo
DATABASE=PFSMYP4
USER_ID=pirala
PASSWORD=****
SERIAL_NUM=24240002
RETURN_VALUES=COMP_ITEM_NUMBER

response at 6/27/2024 9:45:27 PM:
OK
ROSSCMEMBUS-LFVAE
ROSSCMEMBUSPCBA-LFVAE




To localhost at 6/27/2024 9:45:27 PM:
REQUEST_TYPE=PfsQuery
WORK_CENTER=P00670
DATABASE=PFSMYP4
WORK_CENTER=P00670
USER_ID=pirala
PASSWORD=****
OPERATION_CODE=FCT
PRODUCTION_ORDER=PMQ008637
SERIAL_NUM=24240002

response at 6/27/2024 9:45:29 PM:
OK




To localhost at 6/27/2024 9:59:11 PM:
REQUEST_TYPE=PfsLogin
WORK_CENTER=P00670
DATABASE=PFSMYP4
WORK_CENTER=P00670
USER_ID=pirala
PASSWORD=****
OPERATION_CODE=FCT
PRODUCTION_ORDER=PMQ008637

response at 6/27/2024 9:59:14 PM:
OK




To localhost at 6/27/2024 9:59:14 PM:
REQUEST_TYPE=PfsSendResults
WORK_CENTER=P00670
DATABASE=PFSMYP4
WORK_CENTER=P00670
USER_ID=pirala
PASSWORD=****
OPERATION_CODE=FCT
PRODUCTION_ORDER=PMQ008637
SERIAL_NUM=24240002
PASS_FAIL=P

response at 6/27/2024 9:59:16 PM:
OK




To localhost at 6/27/2024 9:59:35 PM:
REQUEST_TYPE=PfsGetItemInfo
DATABASE=PFSMYP4
USER_ID=pirala
PASSWORD=****
SERIAL_NUM=24240007
RETURN_VALUES=COMP_ITEM_NUMBER

response at 6/27/2024 9:59:37 PM:
OK
ROSSCMEMBUS-LFVAE
ROSSCMEMBUSPCBA-LFVAE




To localhost at 6/27/2024 9:59:37 PM:
REQUEST_TYPE=PfsQuery
WORK_CENTER=P00670
DATABASE=PFSMYP4
WORK_CENTER=P00670
USER_ID=pirala
PASSWORD=****
OPERATION_CODE=FCT
PRODUCTION_ORDER=PMQ008637
SERIAL_NUM=24240007

response at 6/27/2024 9:59:39 PM:
OK




To localhost at 6/27/2024 10:13:17 PM:
REQUEST_TYPE=PfsLogin
WORK_CENTER=P00670
DATABASE=PFSMYP4
WORK_CENTER=P00670
USER_ID=pirala
PASSWORD=****
OPERATION_CODE=FCT
PRODUCTION_ORDER=PMQ008637

response at 6/27/2024 10:13:19 PM:
OK




To localhost at 6/27/2024 10:13:20 PM:
REQUEST_TYPE=PfsSendResults
WORK_CENTER=P00670
DATABASE=PFSMYP4
WORK_CENTER=P00670
USER_ID=pirala
PASSWORD=****
OPERATION_CODE=FCT
PRODUCTION_ORDER=PMQ008637
SERIAL_NUM=24240007
PASS_FAIL=P

response at 6/27/2024 10:13:22 PM:
OK




To localhost at 6/27/2024 10:13:42 PM:
REQUEST_TYPE=PfsGetItemInfo
DATABASE=PFSMYP4
USER_ID=pirala
PASSWORD=****
SERIAL_NUM=24240026
RETURN_VALUES=COMP_ITEM_NUMBER

response at 6/27/2024 10:13:44 PM:
OK
ROSSCMEMBUS-LFVAE
ROSSCMEMBUSPCBA-LFVAE




To localhost at 6/27/2024 10:13:44 PM:
REQUEST_TYPE=PfsQuery
WORK_CENTER=P00670
DATABASE=PFSMYP4
WORK_CENTER=P00670
USER_ID=pirala
PASSWORD=****
OPERATION_CODE=FCT
PRODUCTION_ORDER=PMQ008637
SERIAL_NUM=24240026

response at 6/27/2024 10:13:46 PM:
OK




To localhost at 6/27/2024 11:29:35 PM:
REQUEST_TYPE=PfsLogin
WORK_CENTER=P00670
DATABASE=PFSMYP4
WORK_CENTER=P00670
USER_ID=pirala
PASSWORD=****
OPERATION_CODE=FCT
PRODUCTION_ORDER=PMQ008637

response at 6/27/2024 11:29:37 PM:
OK




To localhost at 6/27/2024 11:29:38 PM:
REQUEST_TYPE=PfsSendResults
WORK_CENTER=P00670
DATABASE=PFSMYP4
WORK_CENTER=P00670
USER_ID=pirala
PASSWORD=****
OPERATION_CODE=FCT
PRODUCTION_ORDER=PMQ008637
SERIAL_NUM=24240026
PASS_FAIL=F
FAILURE_CODE=-1
FAILURE_COMMENT=TRS08.1 - IP Reset in TRS08 - Enable DHCP

response at 6/27/2024 11:29:40 PM:
OK




To localhost at 6/28/2024 12:35:11 AM:
REQUEST_TYPE=PfsLogin
WORK_CENTER=P00670
DATABASE=PFSMYP4
WORK_CENTER=P00670
USER_ID=pirala
PASSWORD=****
OPERATION_CODE=FCT
PRODUCTION_ORDER=PMQ008637

response at 6/28/2024 12:35:13 AM:
OK




To localhost at 6/28/2024 12:35:13 AM:
REQUEST_TYPE=PfsGetItemInfo
DATABASE=PFSMYP4
USER_ID=pirala
PASSWORD=****
SERIAL_NUM=24240047
RETURN_VALUES=COMP_ITEM_NUMBER

response at 6/28/2024 12:35:15 AM:
OK
ROSSCMEMBUS-LFVAE
ROSSCMEMBUSPCBA-LFVAE




To localhost at 6/28/2024 12:35:15 AM:
REQUEST_TYPE=PfsQuery
WORK_CENTER=P00670
DATABASE=PFSMYP4
WORK_CENTER=P00670
USER_ID=pirala
PASSWORD=****
OPERATION_CODE=FCT
PRODUCTION_ORDER=PMQ008637
SERIAL_NUM=24240047

response at 6/28/2024 12:35:17 AM:
OK




To localhost at 6/28/2024 12:45:51 AM:
REQUEST_TYPE=PfsLogin
WORK_CENTER=P00670
DATABASE=PFSMYP4
WORK_CENTER=P00670
USER_ID=pirala
PASSWORD=****
OPERATION_CODE=FCT
PRODUCTION_ORDER=PMQ008637

response at 6/28/2024 12:45:53 AM:
OK




To localhost at 6/28/2024 12:45:54 AM:
REQUEST_TYPE=PfsSendResults
WORK_CENTER=P00670
DATABASE=PFSMYP4
WORK_CENTER=P00670
USER_ID=pirala
PASSWORD=****
OPERATION_CODE=FCT
PRODUCTION_ORDER=PMQ008637
SERIAL_NUM=24240047
PASS_FAIL=P

response at 6/28/2024 12:45:56 AM:
OK




To localhost at 6/28/2024 12:46:25 AM:
REQUEST_TYPE=PfsGetItemInfo
DATABASE=PFSMYP4
USER_ID=pirala
PASSWORD=****
SERIAL_NUM=24240004
RETURN_VALUES=COMP_ITEM_NUMBER

response at 6/28/2024 12:46:27 AM:
OK
ROSSCMEMBUS-LFVAE
ROSSCMEMBUSPCBA-LFVAE




To localhost at 6/28/2024 12:46:27 AM:
REQUEST_TYPE=PfsQuery
WORK_CENTER=P00670
DATABASE=PFSMYP4
WORK_CENTER=P00670
USER_ID=pirala
PASSWORD=****
OPERATION_CODE=FCT
PRODUCTION_ORDER=PMQ008637
SERIAL_NUM=24240004

response at 6/28/2024 12:46:29 AM:
PfsQuery Failure: Operation FCT is not valid for ROSSCMEMBUS-LFVAE::24240004. The next valid operations are: HIPOT_TEST




To localhost at 6/28/2024 12:47:13 AM:
REQUEST_TYPE=PfsGetItemInfo
DATABASE=PFSMYP4
USER_ID=pirala
PASSWORD=****
SERIAL_NUM=24240005
RETURN_VALUES=COMP_ITEM_NUMBER

response at 6/28/2024 12:47:15 AM:
OK
ROSSCMEMBUS-LFVAE
ROSSCMEMBUSPCBA-LFVAE




To localhost at 6/28/2024 12:47:15 AM:
REQUEST_TYPE=PfsQuery
WORK_CENTER=P00670
DATABASE=PFSMYP4
WORK_CENTER=P00670
USER_ID=pirala
PASSWORD=****
OPERATION_CODE=FCT
PRODUCTION_ORDER=PMQ008637
SERIAL_NUM=24240005

response at 6/28/2024 12:47:17 AM:
OK




To localhost at 6/28/2024 12:56:38 AM:
REQUEST_TYPE=PfsLogin
WORK_CENTER=P00670
DATABASE=PFSMYP4
WORK_CENTER=P00670
USER_ID=pirala
PASSWORD=****
OPERATION_CODE=FCT
PRODUCTION_ORDER=PMQ008637

response at 6/28/2024 12:56:40 AM:
OK




To localhost at 6/28/2024 12:56:40 AM:
REQUEST_TYPE=PfsSendResults
WORK_CENTER=P00670
DATABASE=PFSMYP4
WORK_CENTER=P00670
USER_ID=pirala
PASSWORD=****
OPERATION_CODE=FCT
PRODUCTION_ORDER=PMQ008637
SERIAL_NUM=24240005
PASS_FAIL=P

response at 6/28/2024 12:56:42 AM:
OK




To localhost at 6/28/2024 12:57:00 AM:
REQUEST_TYPE=PfsGetItemInfo
DATABASE=PFSMYP4
USER_ID=pirala
PASSWORD=****
SERIAL_NUM=24240020
RETURN_VALUES=COMP_ITEM_NUMBER

response at 6/28/2024 12:57:02 AM:
OK
ROSSCMEMBUS-LFVAE
ROSSCMEMBUSPCBA-LFVAE




To localhost at 6/28/2024 12:57:02 AM:
REQUEST_TYPE=PfsQuery
WORK_CENTER=P00670
DATABASE=PFSMYP4
WORK_CENTER=P00670
USER_ID=pirala
PASSWORD=****
OPERATION_CODE=FCT
PRODUCTION_ORDER=PMQ008637
SERIAL_NUM=24240020

response at 6/28/2024 12:57:04 AM:
OK




To localhost at 6/28/2024 1:10:10 AM:
REQUEST_TYPE=PfsLogin
WORK_CENTER=P00670
DATABASE=PFSMYP4
WORK_CENTER=P00670
USER_ID=pirala
PASSWORD=****
OPERATION_CODE=FCT
PRODUCTION_ORDER=PMQ008637

response at 6/28/2024 1:10:13 AM:
OK




To localhost at 6/28/2024 1:10:13 AM:
REQUEST_TYPE=PfsSendResults
WORK_CENTER=P00670
DATABASE=PFSMYP4
WORK_CENTER=P00670
USER_ID=pirala
PASSWORD=****
OPERATION_CODE=FCT
PRODUCTION_ORDER=PMQ008637
SERIAL_NUM=24240020
PASS_FAIL=P

response at 6/28/2024 1:10:15 AM:
OK




To localhost at 6/28/2024 1:10:47 AM:
REQUEST_TYPE=PfsGetItemInfo
DATABASE=PFSMYP4
USER_ID=pirala
PASSWORD=****
SERIAL_NUM=24240028
RETURN_VALUES=COMP_ITEM_NUMBER

response at 6/28/2024 1:10:49 AM:
OK
ROSSCMEMBUS-LFVAE
ROSSCMEMBUSPCBA-LFVAE




To localhost at 6/28/2024 1:10:49 AM:
REQUEST_TYPE=PfsQuery
WORK_CENTER=P00670
DATABASE=PFSMYP4
WORK_CENTER=P00670
USER_ID=pirala
PASSWORD=****
OPERATION_CODE=FCT
PRODUCTION_ORDER=PMQ008637
SERIAL_NUM=24240028

response at 6/28/2024 1:10:51 AM:
OK




To localhost at 6/28/2024 1:20:16 AM:
REQUEST_TYPE=PfsLogin
WORK_CENTER=P00670
DATABASE=PFSMYP4
WORK_CENTER=P00670
USER_ID=pirala
PASSWORD=****
OPERATION_CODE=FCT
PRODUCTION_ORDER=PMQ008637

response at 6/28/2024 1:20:18 AM:
OK




To localhost at 6/28/2024 1:20:19 AM:
REQUEST_TYPE=PfsSendResults
WORK_CENTER=P00670
DATABASE=PFSMYP4
WORK_CENTER=P00670
USER_ID=pirala
PASSWORD=****
OPERATION_CODE=FCT
PRODUCTION_ORDER=PMQ008637
SERIAL_NUM=24240028
PASS_FAIL=P

response at 6/28/2024 1:20:21 AM:
OK




To localhost at 6/28/2024 1:20:44 AM:
REQUEST_TYPE=PfsGetItemInfo
DATABASE=PFSMYP4
USER_ID=pirala
PASSWORD=****
SERIAL_NUM=24240004
RETURN_VALUES=COMP_ITEM_NUMBER

response at 6/28/2024 1:20:46 AM:
OK
ROSSCMEMBUS-LFVAE
ROSSCMEMBUSPCBA-LFVAE




To localhost at 6/28/2024 1:20:46 AM:
REQUEST_TYPE=PfsQuery
WORK_CENTER=P00670
DATABASE=PFSMYP4
WORK_CENTER=P00670
USER_ID=pirala
PASSWORD=****
OPERATION_CODE=FCT
PRODUCTION_ORDER=PMQ008637
SERIAL_NUM=24240004

response at 6/28/2024 1:20:48 AM:
OK




To localhost at 6/28/2024 1:35:55 AM:
REQUEST_TYPE=PfsLogin
WORK_CENTER=P00670
DATABASE=PFSMYP4
WORK_CENTER=P00670
USER_ID=pirala
PASSWORD=****
OPERATION_CODE=FCT
PRODUCTION_ORDER=PMQ008637

response at 6/28/2024 1:35:58 AM:
OK




To localhost at 6/28/2024 1:35:58 AM:
REQUEST_TYPE=PfsSendResults
WORK_CENTER=P00670
DATABASE=PFSMYP4
WORK_CENTER=P00670
USER_ID=pirala
PASSWORD=****
OPERATION_CODE=FCT
PRODUCTION_ORDER=PMQ008637
SERIAL_NUM=24240004
PASS_FAIL=P

response at 6/28/2024 1:36:00 AM:
OK




To localhost at 6/28/2024 9:00:12 AM:
REQUEST_TYPE=PfsLogin
WORK_CENTER=P00670
DATABASE=PFSMYP4
WORK_CENTER=P00670
USER_ID=bangun
PASSWORD=****
OPERATION_CODE=FCT
PRODUCTION_ORDER=PMQ008637

response at 6/28/2024 9:00:15 AM:
OK




To localhost at 6/28/2024 9:00:15 AM:
REQUEST_TYPE=PfsGetItemInfo
DATABASE=PFSMYP4
USER_ID=bangun
PASSWORD=****
SERIAL_NUM=24240026
RETURN_VALUES=COMP_ITEM_NUMBER

response at 6/28/2024 9:00:17 AM:
OK
ROSSCMEMBUS-LFVAE
ROSSCMEMBUSPCBA-LFVAE




To localhost at 6/28/2024 9:00:17 AM:
REQUEST_TYPE=PfsQuery
WORK_CENTER=P00670
DATABASE=PFSMYP4
WORK_CENTER=P00670
USER_ID=bangun
PASSWORD=****
OPERATION_CODE=FCT
PRODUCTION_ORDER=PMQ008637
SERIAL_NUM=24240026

response at 6/28/2024 9:00:19 AM:
OK




To localhost at 6/28/2024 9:09:28 AM:
REQUEST_TYPE=PfsLogin
WORK_CENTER=P00670
DATABASE=PFSMYP4
WORK_CENTER=P00670
USER_ID=bangun
PASSWORD=****
OPERATION_CODE=FCT
PRODUCTION_ORDER=PMQ008637

response at 6/28/2024 9:09:30 AM:
OK




To localhost at 6/28/2024 9:09:31 AM:
REQUEST_TYPE=PfsSendResults
WORK_CENTER=P00670
DATABASE=PFSMYP4
WORK_CENTER=P00670
USER_ID=bangun
PASSWORD=****
OPERATION_CODE=FCT
PRODUCTION_ORDER=PMQ008637
SERIAL_NUM=24240026
PASS_FAIL=P

response at 6/28/2024 9:09:33 AM:
OK




To localhost at 6/28/2024 9:10:02 AM:
REQUEST_TYPE=PfsGetItemInfo
DATABASE=PFSMYP4
USER_ID=bangun
PASSWORD=****
SERIAL_NUM=24240034
RETURN_VALUES=COMP_ITEM_NUMBER

response at 6/28/2024 9:10:04 AM:
OK
ROSSCMEMBUS-LFVAE
ROSSCMEMBUSPCBA-LFVAE




To localhost at 6/28/2024 9:10:04 AM:
REQUEST_TYPE=PfsQuery
WORK_CENTER=P00670
DATABASE=PFSMYP4
WORK_CENTER=P00670
USER_ID=bangun
PASSWORD=****
OPERATION_CODE=FCT
PRODUCTION_ORDER=PMQ008637
SERIAL_NUM=24240034

response at 6/28/2024 9:10:06 AM:
OK




To localhost at 6/28/2024 9:20:19 AM:
REQUEST_TYPE=PfsLogin
WORK_CENTER=P00670
DATABASE=PFSMYP4
WORK_CENTER=P00670
USER_ID=bangun
PASSWORD=****
OPERATION_CODE=FCT
PRODUCTION_ORDER=PMQ008637

response at 6/28/2024 9:20:21 AM:
OK




To localhost at 6/28/2024 9:20:22 AM:
REQUEST_TYPE=PfsSendResults
WORK_CENTER=P00670
DATABASE=PFSMYP4
WORK_CENTER=P00670
USER_ID=bangun
PASSWORD=****
OPERATION_CODE=FCT
PRODUCTION_ORDER=PMQ008637
SERIAL_NUM=24240034
PASS_FAIL=P

response at 6/28/2024 9:20:24 AM:
OK




To localhost at 6/28/2024 10:18:34 AM:
REQUEST_TYPE=PfsLogin
WORK_CENTER=P00670
DATABASE=PFSMYP4
WORK_CENTER=P00670
USER_ID=bangun
PASSWORD=****
OPERATION_CODE=FCT
PRODUCTION_ORDER=PMQ008637

response at 6/28/2024 10:18:36 AM:
OK




To localhost at 6/28/2024 10:18:36 AM:
REQUEST_TYPE=PfsGetItemInfo
DATABASE=PFSMYP4
USER_ID=bangun
PASSWORD=****
SERIAL_NUM=24240025
RETURN_VALUES=COMP_ITEM_NUMBER

response at 6/28/2024 10:18:38 AM:
OK
ROSSCMEMBUS-LFVAE
ROSSCMEMBUSPCBA-LFVAE




To localhost at 6/28/2024 10:18:38 AM:
REQUEST_TYPE=PfsQuery
WORK_CENTER=P00670
DATABASE=PFSMYP4
WORK_CENTER=P00670
USER_ID=bangun
PASSWORD=****
OPERATION_CODE=FCT
PRODUCTION_ORDER=PMQ008637
SERIAL_NUM=24240025

response at 6/28/2024 10:18:40 AM:
OK




To localhost at 6/28/2024 10:28:07 AM:
REQUEST_TYPE=PfsLogin
WORK_CENTER=P00670
DATABASE=PFSMYP4
WORK_CENTER=P00670
USER_ID=bangun
PASSWORD=****
OPERATION_CODE=FCT
PRODUCTION_ORDER=PMQ008637

response at 6/28/2024 10:28:09 AM:
OK




To localhost at 6/28/2024 10:28:10 AM:
REQUEST_TYPE=PfsSendResults
WORK_CENTER=P00670
DATABASE=PFSMYP4
WORK_CENTER=P00670
USER_ID=bangun
PASSWORD=****
OPERATION_CODE=FCT
PRODUCTION_ORDER=PMQ008637
SERIAL_NUM=24240025
PASS_FAIL=P

response at 6/28/2024 10:28:12 AM:
OK




To localhost at 6/28/2024 11:20:18 AM:
REQUEST_TYPE=PfsLogin
WORK_CENTER=P00670
DATABASE=PFSMYP4
WORK_CENTER=P00670
USER_ID=bangun
PASSWORD=****
OPERATION_CODE=FCT
PRODUCTION_ORDER=PMQ008637

response at 6/28/2024 11:20:20 AM:
OK




To localhost at 6/28/2024 11:20:20 AM:
REQUEST_TYPE=PfsGetItemInfo
DATABASE=PFSMYP4
USER_ID=bangun
PASSWORD=****
SERIAL_NUM=24240035
RETURN_VALUES=COMP_ITEM_NUMBER

response at 6/28/2024 11:20:22 AM:
OK
ROSSCMEMBUS-LFVAE
ROSSCMEMBUSPCBA-LFVAE




To localhost at 6/28/2024 11:20:22 AM:
REQUEST_TYPE=PfsQuery
WORK_CENTER=P00670
DATABASE=PFSMYP4
WORK_CENTER=P00670
USER_ID=bangun
PASSWORD=****
OPERATION_CODE=FCT
PRODUCTION_ORDER=PMQ008637
SERIAL_NUM=24240035

response at 6/28/2024 11:20:24 AM:
OK




To localhost at 6/28/2024 11:29:27 AM:
REQUEST_TYPE=PfsLogin
WORK_CENTER=P00670
DATABASE=PFSMYP4
WORK_CENTER=P00670
USER_ID=bangun
PASSWORD=****
OPERATION_CODE=FCT
PRODUCTION_ORDER=PMQ008637

response at 6/28/2024 11:29:29 AM:
OK




To localhost at 6/28/2024 11:29:30 AM:
REQUEST_TYPE=PfsSendResults
WORK_CENTER=P00670
DATABASE=PFSMYP4
WORK_CENTER=P00670
USER_ID=bangun
PASSWORD=****
OPERATION_CODE=FCT
PRODUCTION_ORDER=PMQ008637
SERIAL_NUM=24240035
PASS_FAIL=P

response at 6/28/2024 11:29:32 AM:
OK




To localhost at 6/28/2024 11:29:55 AM:
REQUEST_TYPE=PfsGetItemInfo
DATABASE=PFSMYP4
USER_ID=bangun
PASSWORD=****
SERIAL_NUM=24240018
RETURN_VALUES=COMP_ITEM_NUMBER

response at 6/28/2024 11:29:57 AM:
OK
ROSSCMEMBUS-LFVAE
ROSSCMEMBUSPCBA-LFVAE




To localhost at 6/28/2024 11:29:57 AM:
REQUEST_TYPE=PfsQuery
WORK_CENTER=P00670
DATABASE=PFSMYP4
WORK_CENTER=P00670
USER_ID=bangun
PASSWORD=****
OPERATION_CODE=FCT
PRODUCTION_ORDER=PMQ008637
SERIAL_NUM=24240018

response at 6/28/2024 11:29:59 AM:
OK




To localhost at 6/28/2024 11:38:40 AM:
REQUEST_TYPE=PfsLogin
WORK_CENTER=P00670
DATABASE=PFSMYP4
WORK_CENTER=P00670
USER_ID=bangun
PASSWORD=****
OPERATION_CODE=FCT
PRODUCTION_ORDER=PMQ008637

response at 6/28/2024 11:38:42 AM:
OK




To localhost at 6/28/2024 11:38:42 AM:
REQUEST_TYPE=PfsSendResults
WORK_CENTER=P00670
DATABASE=PFSMYP4
WORK_CENTER=P00670
USER_ID=bangun
PASSWORD=****
OPERATION_CODE=FCT
PRODUCTION_ORDER=PMQ008637
SERIAL_NUM=24240018
PASS_FAIL=P

response at 6/28/2024 11:38:44 AM:
OK




To localhost at 6/28/2024 11:39:31 AM:
REQUEST_TYPE=PfsGetItemInfo
DATABASE=PFSMYP4
USER_ID=bangun
PASSWORD=****
SERIAL_NUM=24240043
RETURN_VALUES=COMP_ITEM_NUMBER

response at 6/28/2024 11:39:34 AM:
OK
ROSSCMEMBUS-LFVAE
ROSSCMEMBUSPCBA-LFVAE




To localhost at 6/28/2024 11:39:34 AM:
REQUEST_TYPE=PfsQuery
WORK_CENTER=P00670
DATABASE=PFSMYP4
WORK_CENTER=P00670
USER_ID=bangun
PASSWORD=****
OPERATION_CODE=FCT
PRODUCTION_ORDER=PMQ008637
SERIAL_NUM=24240043

response at 6/28/2024 11:39:36 AM:
OK




To localhost at 6/28/2024 11:48:13 AM:
REQUEST_TYPE=PfsLogin
WORK_CENTER=P00670
DATABASE=PFSMYP4
WORK_CENTER=P00670
USER_ID=bangun
PASSWORD=****
OPERATION_CODE=FCT
PRODUCTION_ORDER=PMQ008637

response at 6/28/2024 11:48:14 AM:
OK




To localhost at 6/28/2024 11:48:15 AM:
REQUEST_TYPE=PfsSendResults
WORK_CENTER=P00670
DATABASE=PFSMYP4
WORK_CENTER=P00670
USER_ID=bangun
PASSWORD=****
OPERATION_CODE=FCT
PRODUCTION_ORDER=PMQ008637
SERIAL_NUM=24240043
PASS_FAIL=P

response at 6/28/2024 11:48:17 AM:
OK




To localhost at 6/28/2024 11:48:34 AM:
REQUEST_TYPE=PfsGetItemInfo
DATABASE=PFSMYP4
USER_ID=bangun
PASSWORD=****
SERIAL_NUM=24240015
RETURN_VALUES=COMP_ITEM_NUMBER

response at 6/28/2024 11:48:35 AM:
OK
ROSSCMEMBUS-LFVAE
ROSSCMEMBUSPCBA-LFVAE




To localhost at 6/28/2024 11:48:36 AM:
REQUEST_TYPE=PfsQuery
WORK_CENTER=P00670
DATABASE=PFSMYP4
WORK_CENTER=P00670
USER_ID=bangun
PASSWORD=****
OPERATION_CODE=FCT
PRODUCTION_ORDER=PMQ008637
SERIAL_NUM=24240015

response at 6/28/2024 11:48:38 AM:
OK




To localhost at 6/28/2024 11:58:28 AM:
REQUEST_TYPE=PfsLogin
WORK_CENTER=P00670
DATABASE=PFSMYP4
WORK_CENTER=P00670
USER_ID=bangun
PASSWORD=****
OPERATION_CODE=FCT
PRODUCTION_ORDER=PMQ008637

response at 6/28/2024 11:58:30 AM:
OK




To localhost at 6/28/2024 11:58:31 AM:
REQUEST_TYPE=PfsSendResults
WORK_CENTER=P00670
DATABASE=PFSMYP4
WORK_CENTER=P00670
USER_ID=bangun
PASSWORD=****
OPERATION_CODE=FCT
PRODUCTION_ORDER=PMQ008637
SERIAL_NUM=24240015
PASS_FAIL=P

response at 6/28/2024 11:58:33 AM:
OK




To localhost at 6/28/2024 11:58:50 AM:
REQUEST_TYPE=PfsGetItemInfo
DATABASE=PFSMYP4
USER_ID=bangun
PASSWORD=****
SERIAL_NUM=24240022
RETURN_VALUES=COMP_ITEM_NUMBER

response at 6/28/2024 11:58:52 AM:
OK
ROSSCMEMBUS-LFVAE
ROSSCMEMBUSPCBA-LFVAE




To localhost at 6/28/2024 11:58:52 AM:
REQUEST_TYPE=PfsQuery
WORK_CENTER=P00670
DATABASE=PFSMYP4
WORK_CENTER=P00670
USER_ID=bangun
PASSWORD=****
OPERATION_CODE=FCT
PRODUCTION_ORDER=PMQ008637
SERIAL_NUM=24240022

response at 6/28/2024 11:58:54 AM:
OK




To localhost at 6/28/2024 12:09:25 PM:
REQUEST_TYPE=PfsLogin
WORK_CENTER=P00670
DATABASE=PFSMYP4
WORK_CENTER=P00670
USER_ID=bangun
PASSWORD=****
OPERATION_CODE=FCT
PRODUCTION_ORDER=PMQ008637

response at 6/28/2024 12:09:27 PM:
OK




To localhost at 6/28/2024 12:09:27 PM:
REQUEST_TYPE=PfsSendResults
WORK_CENTER=P00670
DATABASE=PFSMYP4
WORK_CENTER=P00670
USER_ID=bangun
PASSWORD=****
OPERATION_CODE=FCT
PRODUCTION_ORDER=PMQ008637
SERIAL_NUM=24240022
PASS_FAIL=P

response at 6/28/2024 12:09:29 PM:
OK




To localhost at 6/28/2024 12:09:46 PM:
REQUEST_TYPE=PfsGetItemInfo
DATABASE=PFSMYP4
USER_ID=bangun
PASSWORD=****
SERIAL_NUM=24240045
RETURN_VALUES=COMP_ITEM_NUMBER

response at 6/28/2024 12:09:48 PM:
OK
ROSSCMEMBUS-LFVAE
ROSSCMEMBUSPCBA-LFVAE




To localhost at 6/28/2024 12:09:48 PM:
REQUEST_TYPE=PfsQuery
WORK_CENTER=P00670
DATABASE=PFSMYP4
WORK_CENTER=P00670
USER_ID=bangun
PASSWORD=****
OPERATION_CODE=FCT
PRODUCTION_ORDER=PMQ008637
SERIAL_NUM=24240045

response at 6/28/2024 12:09:50 PM:
OK




To localhost at 6/28/2024 12:18:22 PM:
REQUEST_TYPE=PfsLogin
WORK_CENTER=P00670
DATABASE=PFSMYP4
WORK_CENTER=P00670
USER_ID=bangun
PASSWORD=****
OPERATION_CODE=FCT
PRODUCTION_ORDER=PMQ008637

response at 6/28/2024 12:18:24 PM:
OK




To localhost at 6/28/2024 12:18:24 PM:
REQUEST_TYPE=PfsSendResults
WORK_CENTER=P00670
DATABASE=PFSMYP4
WORK_CENTER=P00670
USER_ID=bangun
PASSWORD=****
OPERATION_CODE=FCT
PRODUCTION_ORDER=PMQ008637
SERIAL_NUM=24240045
PASS_FAIL=P

response at 6/28/2024 12:18:26 PM:
OK




To localhost at 6/28/2024 1:26:31 PM:
REQUEST_TYPE=PfsGetItemInfo
DATABASE=PFSMYP4
USER_ID=bangun
PASSWORD=****
SERIAL_NUM=24240036
RETURN_VALUES=COMP_ITEM_NUMBER

response at 6/28/2024 1:26:33 PM:
OK
ROSSCMEMBUS-LFVAE
ROSSCMEMBUSPCBA-LFVAE




To localhost at 6/28/2024 1:26:33 PM:
REQUEST_TYPE=PfsQuery
WORK_CENTER=P00670
DATABASE=PFSMYP4
WORK_CENTER=P00670
USER_ID=bangun
PASSWORD=****
OPERATION_CODE=FCT
PRODUCTION_ORDER=PMQ008637
SERIAL_NUM=24240036

response at 6/28/2024 1:26:35 PM:
OK




To localhost at 6/28/2024 1:41:03 PM:
REQUEST_TYPE=PfsLogin
WORK_CENTER=P00670
DATABASE=PFSMYP4
WORK_CENTER=P00670
USER_ID=bangun
PASSWORD=****
OPERATION_CODE=FCT
PRODUCTION_ORDER=PMQ008637

response at 6/28/2024 1:41:06 PM:
OK




To localhost at 6/28/2024 1:41:06 PM:
REQUEST_TYPE=PfsSendResults
WORK_CENTER=P00670
DATABASE=PFSMYP4
WORK_CENTER=P00670
USER_ID=bangun
PASSWORD=****
OPERATION_CODE=FCT
PRODUCTION_ORDER=PMQ008637
SERIAL_NUM=24240036
PASS_FAIL=P

response at 6/28/2024 1:41:09 PM:
OK




To localhost at 6/28/2024 1:41:27 PM:
REQUEST_TYPE=PfsGetItemInfo
DATABASE=PFSMYP4
USER_ID=bangun
PASSWORD=****
SERIAL_NUM=24240038
RETURN_VALUES=COMP_ITEM_NUMBER

response at 6/28/2024 1:41:29 PM:
OK
ROSSCMEMBUS-LFVAE
ROSSCMEMBUSPCBA-LFVAE




To localhost at 6/28/2024 1:41:29 PM:
REQUEST_TYPE=PfsQuery
WORK_CENTER=P00670
DATABASE=PFSMYP4
WORK_CENTER=P00670
USER_ID=bangun
PASSWORD=****
OPERATION_CODE=FCT
PRODUCTION_ORDER=PMQ008637
SERIAL_NUM=24240038

response at 6/28/2024 1:41:31 PM:
OK




To localhost at 6/28/2024 1:54:41 PM:
REQUEST_TYPE=PfsLogin
WORK_CENTER=P00670
DATABASE=PFSMYP4
WORK_CENTER=P00670
USER_ID=bangun
PASSWORD=****
OPERATION_CODE=FCT
PRODUCTION_ORDER=PMQ008637

response at 6/28/2024 1:54:43 PM:
OK




To localhost at 6/28/2024 1:54:44 PM:
REQUEST_TYPE=PfsSendResults
WORK_CENTER=P00670
DATABASE=PFSMYP4
WORK_CENTER=P00670
USER_ID=bangun
PASSWORD=****
OPERATION_CODE=FCT
PRODUCTION_ORDER=PMQ008637
SERIAL_NUM=24240038
PASS_FAIL=P

response at 6/28/2024 1:54:46 PM:
OK




To localhost at 6/28/2024 1:55:15 PM:
REQUEST_TYPE=PfsGetItemInfo
DATABASE=PFSMYP4
USER_ID=bangun
PASSWORD=****
SERIAL_NUM=24240006
RETURN_VALUES=COMP_ITEM_NUMBER

response at 6/28/2024 1:55:17 PM:
OK
ROSSCMEMBUS-LFVAE
ROSSCMEMBUSPCBA-LFVAE




To localhost at 6/28/2024 1:55:17 PM:
REQUEST_TYPE=PfsQuery
WORK_CENTER=P00670
DATABASE=PFSMYP4
WORK_CENTER=P00670
USER_ID=bangun
PASSWORD=****
OPERATION_CODE=FCT
PRODUCTION_ORDER=PMQ008637
SERIAL_NUM=24240006

response at 6/28/2024 1:55:20 PM:
OK




To localhost at 6/28/2024 2:05:17 PM:
REQUEST_TYPE=PfsLogin
WORK_CENTER=P00670
DATABASE=PFSMYP4
WORK_CENTER=P00670
USER_ID=bangun
PASSWORD=****
OPERATION_CODE=FCT
PRODUCTION_ORDER=PMQ008637

response at 6/28/2024 2:05:19 PM:
OK




To localhost at 6/28/2024 2:05:19 PM:
REQUEST_TYPE=PfsSendResults
WORK_CENTER=P00670
DATABASE=PFSMYP4
WORK_CENTER=P00670
USER_ID=bangun
PASSWORD=****
OPERATION_CODE=FCT
PRODUCTION_ORDER=PMQ008637
SERIAL_NUM=24240006
PASS_FAIL=P

response at 6/28/2024 2:05:21 PM:
OK




To localhost at 6/28/2024 2:05:39 PM:
REQUEST_TYPE=PfsGetItemInfo
DATABASE=PFSMYP4
USER_ID=bangun
PASSWORD=****
SERIAL_NUM=24240001
RETURN_VALUES=COMP_ITEM_NUMBER

response at 6/28/2024 2:05:41 PM:
OK
ROSSCMEMBUS-LFVAE
ROSSCMEMBUSPCBA-LFVAE




To localhost at 6/28/2024 2:05:41 PM:
REQUEST_TYPE=PfsQuery
WORK_CENTER=P00670
DATABASE=PFSMYP4
WORK_CENTER=P00670
USER_ID=bangun
PASSWORD=****
OPERATION_CODE=FCT
PRODUCTION_ORDER=PMQ008637
SERIAL_NUM=24240001

response at 6/28/2024 2:05:43 PM:
OK




To localhost at 6/28/2024 2:15:05 PM:
REQUEST_TYPE=PfsLogin
WORK_CENTER=P00670
DATABASE=PFSMYP4
WORK_CENTER=P00670
USER_ID=bangun
PASSWORD=****
OPERATION_CODE=FCT
PRODUCTION_ORDER=PMQ008637

response at 6/28/2024 2:15:07 PM:
OK




To localhost at 6/28/2024 2:15:07 PM:
REQUEST_TYPE=PfsSendResults
WORK_CENTER=P00670
DATABASE=PFSMYP4
WORK_CENTER=P00670
USER_ID=bangun
PASSWORD=****
OPERATION_CODE=FCT
PRODUCTION_ORDER=PMQ008637
SERIAL_NUM=24240001
PASS_FAIL=P

response at 6/28/2024 2:15:09 PM:
OK




To localhost at 6/28/2024 3:10:39 PM:
REQUEST_TYPE=PfsGetItemInfo
DATABASE=PFSMYP4
USER_ID=bangun
PASSWORD=****
SERIAL_NUM=24240010
RETURN_VALUES=COMP_ITEM_NUMBER

response at 6/28/2024 3:10:41 PM:
OK
ROSSCMEMBUS-LFVAE
ROSSCMEMBUSPCBA-LFVAE




To localhost at 6/28/2024 3:10:41 PM:
REQUEST_TYPE=PfsQuery
WORK_CENTER=P00670
DATABASE=PFSMYP4
WORK_CENTER=P00670
USER_ID=bangun
PASSWORD=****
OPERATION_CODE=FCT
PRODUCTION_ORDER=PMQ008637
SERIAL_NUM=24240010

response at 6/28/2024 3:10:43 PM:
OK




To localhost at 6/28/2024 3:27:01 PM:
REQUEST_TYPE=PfsLogin
WORK_CENTER=P00670
DATABASE=PFSMYP4
WORK_CENTER=P00670
USER_ID=bangun
PASSWORD=****
OPERATION_CODE=FCT
PRODUCTION_ORDER=PMQ008637

response at 6/28/2024 3:27:03 PM:
OK




To localhost at 6/28/2024 3:27:04 PM:
REQUEST_TYPE=PfsSendResults
WORK_CENTER=P00670
DATABASE=PFSMYP4
WORK_CENTER=P00670
USER_ID=bangun
PASSWORD=****
OPERATION_CODE=FCT
PRODUCTION_ORDER=PMQ008637
SERIAL_NUM=24240010
PASS_FAIL=P

response at 6/28/2024 3:27:06 PM:
OK




To localhost at 6/28/2024 3:27:53 PM:
REQUEST_TYPE=PfsGetItemInfo
DATABASE=PFSMYP4
USER_ID=bangun
PASSWORD=****
SERIAL_NUM=24240008
RETURN_VALUES=COMP_ITEM_NUMBER

response at 6/28/2024 3:27:55 PM:
OK
ROSSCMEMBUS-LFVAE
ROSSCMEMBUSPCBA-LFVAE




To localhost at 6/28/2024 3:27:55 PM:
REQUEST_TYPE=PfsQuery
WORK_CENTER=P00670
DATABASE=PFSMYP4
WORK_CENTER=P00670
USER_ID=bangun
PASSWORD=****
OPERATION_CODE=FCT
PRODUCTION_ORDER=PMQ008637
SERIAL_NUM=24240008

response at 6/28/2024 3:27:57 PM:
OK




To localhost at 6/28/2024 3:39:46 PM:
REQUEST_TYPE=PfsLogin
WORK_CENTER=P00670
DATABASE=PFSMYP4
WORK_CENTER=P00670
USER_ID=bangun
PASSWORD=****
OPERATION_CODE=FCT
PRODUCTION_ORDER=PMQ008637

response at 6/28/2024 3:39:48 PM:
OK




To localhost at 6/28/2024 3:39:49 PM:
REQUEST_TYPE=PfsSendResults
WORK_CENTER=P00670
DATABASE=PFSMYP4
WORK_CENTER=P00670
USER_ID=bangun
PASSWORD=****
OPERATION_CODE=FCT
PRODUCTION_ORDER=PMQ008637
SERIAL_NUM=24240008
PASS_FAIL=P

response at 6/28/2024 3:39:51 PM:
OK




To localhost at 6/28/2024 3:40:11 PM:
REQUEST_TYPE=PfsGetItemInfo
DATABASE=PFSMYP4
USER_ID=bangun
PASSWORD=****
SERIAL_NUM=24240016
RETURN_VALUES=COMP_ITEM_NUMBER

response at 6/28/2024 3:40:13 PM:
OK
ROSSCMEMBUS-LFVAE
ROSSCMEMBUSPCBA-LFVAE




To localhost at 6/28/2024 3:40:13 PM:
REQUEST_TYPE=PfsQuery
WORK_CENTER=P00670
DATABASE=PFSMYP4
WORK_CENTER=P00670
USER_ID=bangun
PASSWORD=****
OPERATION_CODE=FCT
PRODUCTION_ORDER=PMQ008637
SERIAL_NUM=24240016

response at 6/28/2024 3:40:15 PM:
OK




To localhost at 6/28/2024 3:50:36 PM:
REQUEST_TYPE=PfsLogin
WORK_CENTER=P00670
DATABASE=PFSMYP4
WORK_CENTER=P00670
USER_ID=bangun
PASSWORD=
OPERATION_CODE=FCT
PRODUCTION_ORDER=PMQ008637

response at 6/28/2024 3:50:38 PM:
PfsLogin Error: Request data incomplete
Missing PASSWORD




To localhost at 6/28/2024 3:50:42 PM:
REQUEST_TYPE=PfsLogin
WORK_CENTER=P00670
DATABASE=PFSMYP4
WORK_CENTER=P00670
USER_ID=bangun
PASSWORD=****
OPERATION_CODE=FCT
PRODUCTION_ORDER=PMQ008637

response at 6/28/2024 3:50:44 PM:
OK




To localhost at 6/28/2024 3:50:45 PM:
REQUEST_TYPE=PfsSendResults
WORK_CENTER=P00670
DATABASE=PFSMYP4
WORK_CENTER=P00670
USER_ID=bangun
PASSWORD=****
OPERATION_CODE=FCT
PRODUCTION_ORDER=PMQ008637
SERIAL_NUM=24240016
PASS_FAIL=F
FAILURE_CODE=-1
FAILURE_COMMENT=TRS08.1 - IP Reset in TRS08 - Enable DHCP

response at 6/28/2024 3:50:47 PM:
OK




To localhost at 6/28/2024 3:57:36 PM:
REQUEST_TYPE=PfsLogin
WORK_CENTER=P00670
DATABASE=PFSMYP4
WORK_CENTER=P00670
USER_ID=bangun
PASSWORD=****
OPERATION_CODE=FCT
PRODUCTION_ORDER=PMQ008637

response at 6/28/2024 3:57:39 PM:
OK




To localhost at 6/28/2024 3:57:39 PM:
REQUEST_TYPE=PfsGetItemInfo
DATABASE=PFSMYP4
USER_ID=bangun
PASSWORD=****
SERIAL_NUM=24240014
RETURN_VALUES=COMP_ITEM_NUMBER

response at 6/28/2024 3:57:41 PM:
OK
ROSSCMEMBUS-LFVAE
ROSSCMEMBUSPCBA-LFVAE




To localhost at 6/28/2024 3:57:41 PM:
REQUEST_TYPE=PfsQuery
WORK_CENTER=P00670
DATABASE=PFSMYP4
WORK_CENTER=P00670
USER_ID=bangun
PASSWORD=****
OPERATION_CODE=FCT
PRODUCTION_ORDER=PMQ008637
SERIAL_NUM=24240014

response at 6/28/2024 3:57:43 PM:
OK




To localhost at 6/28/2024 4:16:18 PM:
REQUEST_TYPE=PfsLogin
WORK_CENTER=P00670
DATABASE=PFSMYP4
WORK_CENTER=P00670
USER_ID=bangun
PASSWORD=****
OPERATION_CODE=FCT
PRODUCTION_ORDER=PMQ008637

response at 6/28/2024 4:16:21 PM:
OK




To localhost at 6/28/2024 4:16:23 PM:
REQUEST_TYPE=PfsSendResults
WORK_CENTER=P00670
DATABASE=PFSMYP4
WORK_CENTER=P00670
USER_ID=bangun
PASSWORD=****
OPERATION_CODE=FCT
PRODUCTION_ORDER=PMQ008637
SERIAL_NUM=24240014
PASS_FAIL=P

response at 6/28/2024 4:16:25 PM:
OK




To localhost at 6/28/2024 4:16:45 PM:
REQUEST_TYPE=PfsGetItemInfo
DATABASE=PFSMYP4
USER_ID=bangun
PASSWORD=****
SERIAL_NUM=24240050
RETURN_VALUES=COMP_ITEM_NUMBER

response at 6/28/2024 4:16:47 PM:
OK
ROSSCMEMBUS-LFVAE
ROSSCMEMBUSPCBA-LFVAE




To localhost at 6/28/2024 4:16:47 PM:
REQUEST_TYPE=PfsQuery
WORK_CENTER=P00670
DATABASE=PFSMYP4
WORK_CENTER=P00670
USER_ID=bangun
PASSWORD=****
OPERATION_CODE=FCT
PRODUCTION_ORDER=PMQ008637
SERIAL_NUM=24240050

response at 6/28/2024 4:16:49 PM:
OK




To localhost at 6/28/2024 4:33:31 PM:
REQUEST_TYPE=PfsLogin
WORK_CENTER=P00670
DATABASE=PFSMYP4
WORK_CENTER=P00670
USER_ID=bangun
PASSWORD=****
OPERATION_CODE=FCT
PRODUCTION_ORDER=PMQ008637

response at 6/28/2024 4:33:33 PM:
OK




To localhost at 6/28/2024 4:33:35 PM:
REQUEST_TYPE=PfsSendResults
WORK_CENTER=P00670
DATABASE=PFSMYP4
WORK_CENTER=P00670
USER_ID=bangun
PASSWORD=****
OPERATION_CODE=FCT
PRODUCTION_ORDER=PMQ008637
SERIAL_NUM=24240050
PASS_FAIL=P

response at 6/28/2024 4:33:37 PM:
OK




To localhost at 6/28/2024 4:33:52 PM:
REQUEST_TYPE=PfsGetItemInfo
DATABASE=PFSMYP4
USER_ID=bangun
PASSWORD=****
SERIAL_NUM=24240030
RETURN_VALUES=COMP_ITEM_NUMBER

response at 6/28/2024 4:33:54 PM:
OK
ROSSCMEMBUS-LFVAE
ROSSCMEMBUSPCBA-LFVAE




To localhost at 6/28/2024 4:33:55 PM:
REQUEST_TYPE=PfsQuery
WORK_CENTER=P00670
DATABASE=PFSMYP4
WORK_CENTER=P00670
USER_ID=bangun
PASSWORD=****
OPERATION_CODE=FCT
PRODUCTION_ORDER=PMQ008637
SERIAL_NUM=24240030

response at 6/28/2024 4:33:57 PM:
OK




To localhost at 6/28/2024 4:47:12 PM:
REQUEST_TYPE=PfsLogin
WORK_CENTER=P00670
DATABASE=PFSMYP4
WORK_CENTER=P00670
USER_ID=bangun
PASSWORD=****
OPERATION_CODE=FCT
PRODUCTION_ORDER=PMQ008637

response at 6/28/2024 4:47:14 PM:
OK




To localhost at 6/28/2024 4:47:15 PM:
REQUEST_TYPE=PfsSendResults
WORK_CENTER=P00670
DATABASE=PFSMYP4
WORK_CENTER=P00670
USER_ID=bangun
PASSWORD=****
OPERATION_CODE=FCT
PRODUCTION_ORDER=PMQ008637
SERIAL_NUM=24240030
PASS_FAIL=P

response at 6/28/2024 4:47:17 PM:
OK




To localhost at 6/28/2024 4:47:34 PM:
REQUEST_TYPE=PfsGetItemInfo
DATABASE=PFSMYP4
USER_ID=bangun
PASSWORD=****
SERIAL_NUM=24240013
RETURN_VALUES=COMP_ITEM_NUMBER

response at 6/28/2024 4:47:36 PM:
OK
ROSSCMEMBUS-LFVAE
ROSSCMEMBUSPCBA-LFVAE




To localhost at 6/28/2024 4:47:36 PM:
REQUEST_TYPE=PfsQuery
WORK_CENTER=P00670
DATABASE=PFSMYP4
WORK_CENTER=P00670
USER_ID=bangun
PASSWORD=****
OPERATION_CODE=FCT
PRODUCTION_ORDER=PMQ008637
SERIAL_NUM=24240013

response at 6/28/2024 4:47:38 PM:
OK




To localhost at 6/28/2024 5:02:04 PM:
REQUEST_TYPE=PfsLogin
WORK_CENTER=P00670
DATABASE=PFSMYP4
WORK_CENTER=P00670
USER_ID=bangun
PASSWORD=****
OPERATION_CODE=FCT
PRODUCTION_ORDER=PMQ008637

response at 6/28/2024 5:02:06 PM:
OK




To localhost at 6/28/2024 5:02:07 PM:
REQUEST_TYPE=PfsSendResults
WORK_CENTER=P00670
DATABASE=PFSMYP4
WORK_CENTER=P00670
USER_ID=bangun
PASSWORD=****
OPERATION_CODE=FCT
PRODUCTION_ORDER=PMQ008637
SERIAL_NUM=24240013
PASS_FAIL=P

response at 6/28/2024 5:02:09 PM:
OK




To localhost at 6/28/2024 5:02:33 PM:
REQUEST_TYPE=PfsGetItemInfo
DATABASE=PFSMYP4
USER_ID=bangun
PASSWORD=****
SERIAL_NUM=24240023
RETURN_VALUES=COMP_ITEM_NUMBER

response at 6/28/2024 5:02:35 PM:
OK
ROSSCMEMBUS-LFVAE
ROSSCMEMBUSPCBA-LFVAE




To localhost at 6/28/2024 5:02:35 PM:
REQUEST_TYPE=PfsQuery
WORK_CENTER=P00670
DATABASE=PFSMYP4
WORK_CENTER=P00670
USER_ID=bangun
PASSWORD=****
OPERATION_CODE=FCT
PRODUCTION_ORDER=PMQ008637
SERIAL_NUM=24240023

response at 6/28/2024 5:02:38 PM:
OK




To localhost at 6/28/2024 5:15:17 PM:
REQUEST_TYPE=PfsLogin
WORK_CENTER=P00670
DATABASE=PFSMYP4
WORK_CENTER=P00670
USER_ID=bangun
PASSWORD=****
OPERATION_CODE=FCT
PRODUCTION_ORDER=PMQ008637

response at 6/28/2024 5:15:19 PM:
OK




To localhost at 6/28/2024 5:15:19 PM:
REQUEST_TYPE=PfsSendResults
WORK_CENTER=P00670
DATABASE=PFSMYP4
WORK_CENTER=P00670
USER_ID=bangun
PASSWORD=****
OPERATION_CODE=FCT
PRODUCTION_ORDER=PMQ008637
SERIAL_NUM=24240023
PASS_FAIL=P

response at 6/28/2024 5:15:22 PM:
OK




To localhost at 6/28/2024 5:15:36 PM:
REQUEST_TYPE=PfsGetItemInfo
DATABASE=PFSMYP4
USER_ID=bangun
PASSWORD=****
SERIAL_NUM=24240016
RETURN_VALUES=COMP_ITEM_NUMBER

response at 6/28/2024 5:15:38 PM:
OK
ROSSCMEMBUS-LFVAE
ROSSCMEMBUSPCBA-LFVAE




To localhost at 6/28/2024 5:15:38 PM:
REQUEST_TYPE=PfsQuery
WORK_CENTER=P00670
DATABASE=PFSMYP4
WORK_CENTER=P00670
USER_ID=bangun
PASSWORD=****
OPERATION_CODE=FCT
PRODUCTION_ORDER=PMQ008637
SERIAL_NUM=24240016

response at 6/28/2024 5:15:40 PM:
OK




To localhost at 6/28/2024 5:30:42 PM:
REQUEST_TYPE=PfsLogin
WORK_CENTER=P00670
DATABASE=PFSMYP4
WORK_CENTER=P00670
USER_ID=bangun
PASSWORD=****
OPERATION_CODE=FCT
PRODUCTION_ORDER=PMQ008637

response at 6/28/2024 5:30:45 PM:
OK




To localhost at 6/28/2024 5:30:46 PM:
REQUEST_TYPE=PfsSendResults
WORK_CENTER=P00670
DATABASE=PFSMYP4
WORK_CENTER=P00670
USER_ID=bangun
PASSWORD=****
OPERATION_CODE=FCT
PRODUCTION_ORDER=PMQ008637
SERIAL_NUM=24240016
PASS_FAIL=P

response at 6/28/2024 5:30:48 PM:
OK




To localhost at 6/28/2024 9:56:35 PM:
REQUEST_TYPE=PfsLogin
WORK_CENTER=P00670
DATABASE=PFSMYP4
WORK_CENTER=P00670
USER_ID=pirala
PASSWORD=****
OPERATION_CODE=FCT
PRODUCTION_ORDER=PMQ008637

response at 6/28/2024 9:56:37 PM:
OK




To localhost at 6/28/2024 9:56:37 PM:
REQUEST_TYPE=PfsGetItemInfo
DATABASE=PFSMYP4
USER_ID=pirala
PASSWORD=****
SERIAL_NUM=HTTPS://WWW.APPLETON.EMERSON.COM/EN-US/SHOP/24240003
RETURN_VALUES=COMP_ITEM_NUMBER

response at 6/28/2024 9:56:39 PM:
PfsGetItemInfo Failure: Serial Number HTTPS://WWW.APPLETON.EMERSON.COM/EN-US/SHOP/24240003 not found




To localhost at 6/28/2024 10:59:47 PM:
REQUEST_TYPE=PfsLogin
WORK_CENTER=P00670
DATABASE=PFSMYP4
WORK_CENTER=P00670
USER_ID=pirala
PASSWORD=****
OPERATION_CODE=FCT
PRODUCTION_ORDER=PMQ008637

response at 6/28/2024 10:59:49 PM:
OK




To localhost at 6/28/2024 10:59:49 PM:
REQUEST_TYPE=PfsGetItemInfo
DATABASE=PFSMYP4
USER_ID=pirala
PASSWORD=****
SERIAL_NUM=24240003
RETURN_VALUES=COMP_ITEM_NUMBER

response at 6/28/2024 10:59:51 PM:
OK
ROSSCMEMBUS-LFVAE
ROSSCMEMBUSPCBA-LFVAE




To localhost at 6/28/2024 10:59:52 PM:
REQUEST_TYPE=PfsQuery
WORK_CENTER=P00670
DATABASE=PFSMYP4
WORK_CENTER=P00670
USER_ID=pirala
PASSWORD=****
OPERATION_CODE=FCT
PRODUCTION_ORDER=PMQ008637
SERIAL_NUM=24240003

response at 6/28/2024 10:59:54 PM:
PfsQuery Failure: Operation FCT is not valid for ROSSCMEMBUS-LFVAE::24240003. The next valid operations are: FCT1




To localhost at 6/28/2024 11:06:11 PM:
REQUEST_TYPE=PfsLogin
WORK_CENTER=P00670
DATABASE=PFSMYP4
WORK_CENTER=P00670
USER_ID=pirala
PASSWORD=****
OPERATION_CODE=FCT
PRODUCTION_ORDER=PMQ008637

response at 6/28/2024 11:06:13 PM:
OK




To localhost at 6/28/2024 11:06:13 PM:
REQUEST_TYPE=PfsGetItemInfo
DATABASE=PFSMYP4
USER_ID=pirala
PASSWORD=****
SERIAL_NUM=24240002
RETURN_VALUES=COMP_ITEM_NUMBER

response at 6/28/2024 11:06:15 PM:
OK
ROSSCMEMBUS-LFVAE
ROSSCMEMBUSPCBA-LFVAE




To localhost at 6/28/2024 11:06:15 PM:
REQUEST_TYPE=PfsQuery
WORK_CENTER=P00670
DATABASE=PFSMYP4
WORK_CENTER=P00670
USER_ID=pirala
PASSWORD=****
OPERATION_CODE=FCT
PRODUCTION_ORDER=PMQ008637
SERIAL_NUM=24240002

response at 6/28/2024 11:06:17 PM:
PfsQuery Failure: Operation FCT is not valid for ROSSCMEMBUS-LFVAE::24240002. The next valid operations are: FCT1




To localhost at 6/28/2024 11:08:00 PM:
REQUEST_TYPE=PfsGetItemInfo
DATABASE=PFSMYP4
USER_ID=pirala
PASSWORD=****
SERIAL_NUM=24240002
RETURN_VALUES=COMP_ITEM_NUMBER

response at 6/28/2024 11:08:02 PM:
OK
ROSSCMEMBUS-LFVAE
ROSSCMEMBUSPCBA-LFVAE




To localhost at 6/28/2024 11:08:02 PM:
REQUEST_TYPE=PfsQuery
WORK_CENTER=P00670
DATABASE=PFSMYP4
WORK_CENTER=P00670
USER_ID=pirala
PASSWORD=****
OPERATION_CODE=FCT
PRODUCTION_ORDER=PMQ008637
SERIAL_NUM=24240002

response at 6/28/2024 11:08:04 PM:
PfsQuery Failure: Operation FCT is not valid for ROSSCMEMBUS-LFVAE::24240002. The next valid operations are: FCT1




To localhost at 7/1/2024 8:54:27 AM:
REQUEST_TYPE=PfsLogin
WORK_CENTER=P00670
DATABASE=PFSMYP4
WORK_CENTER=P00670
USER_ID=pirala
PASSWORD=****
OPERATION_CODE=FCT1
PRODUCTION_ORDER=PMQ008637

response at 7/1/2024 8:54:29 AM:
OK




To localhost at 7/1/2024 8:54:30 AM:
REQUEST_TYPE=PfsGetItemInfo
DATABASE=PFSMYP4
USER_ID=pirala
PASSWORD=****
SERIAL_NUM=24240020
RETURN_VALUES=COMP_ITEM_NUMBER

response at 7/1/2024 8:54:32 AM:
OK
ROSSCMEMBUS-LFVAE
ROSSCMEMBUSPCBA-LFVAE




To localhost at 7/1/2024 8:54:33 AM:
REQUEST_TYPE=PfsQuery
WORK_CENTER=P00670
DATABASE=PFSMYP4
WORK_CENTER=P00670
USER_ID=pirala
PASSWORD=****
OPERATION_CODE=FCT1
PRODUCTION_ORDER=PMQ008637
SERIAL_NUM=24240020

response at 7/1/2024 8:54:35 AM:
OK




To localhost at 7/1/2024 9:08:21 AM:
REQUEST_TYPE=PfsLogin
WORK_CENTER=P00670
DATABASE=PFSMYP4
WORK_CENTER=P00670
USER_ID=pirala
PASSWORD=****
OPERATION_CODE=FCT1
PRODUCTION_ORDER=PMQ008637

response at 7/1/2024 9:08:23 AM:
OK




To localhost at 7/1/2024 9:08:24 AM:
REQUEST_TYPE=PfsSendResults
WORK_CENTER=P00670
DATABASE=PFSMYP4
WORK_CENTER=P00670
USER_ID=pirala
PASSWORD=****
OPERATION_CODE=FCT1
PRODUCTION_ORDER=PMQ008637
SERIAL_NUM=24240020
PASS_FAIL=P

response at 7/1/2024 9:08:27 AM:
OK




To localhost at 7/1/2024 9:08:52 AM:
REQUEST_TYPE=PfsGetItemInfo
DATABASE=PFSMYP4
USER_ID=pirala
PASSWORD=****
SERIAL_NUM=24240009
RETURN_VALUES=COMP_ITEM_NUMBER

response at 7/1/2024 9:08:54 AM:
OK
ROSSCMEMBUS-LFVAE
ROSSCMEMBUSPCBA-LFVAE




To localhost at 7/1/2024 9:08:54 AM:
REQUEST_TYPE=PfsQuery
WORK_CENTER=P00670
DATABASE=PFSMYP4
WORK_CENTER=P00670
USER_ID=pirala
PASSWORD=****
OPERATION_CODE=FCT1
PRODUCTION_ORDER=PMQ008637
SERIAL_NUM=24240009

response at 7/1/2024 9:08:56 AM:
OK




To localhost at 7/1/2024 9:18:46 AM:
REQUEST_TYPE=PfsLogin
WORK_CENTER=P00670
DATABASE=PFSMYP4
WORK_CENTER=P00670
USER_ID=pirala
PASSWORD=****
OPERATION_CODE=FCT1
PRODUCTION_ORDER=PMQ008637

response at 7/1/2024 9:18:48 AM:
OK




To localhost at 7/1/2024 9:18:49 AM:
REQUEST_TYPE=PfsSendResults
WORK_CENTER=P00670
DATABASE=PFSMYP4
WORK_CENTER=P00670
USER_ID=pirala
PASSWORD=****
OPERATION_CODE=FCT1
PRODUCTION_ORDER=PMQ008637
SERIAL_NUM=24240009
PASS_FAIL=P

response at 7/1/2024 9:18:51 AM:
OK




To localhost at 7/1/2024 9:19:09 AM:
REQUEST_TYPE=PfsGetItemInfo
DATABASE=PFSMYP4
USER_ID=pirala
PASSWORD=****
SERIAL_NUM=24240002
RETURN_VALUES=COMP_ITEM_NUMBER

response at 7/1/2024 9:19:11 AM:
OK
ROSSCMEMBUS-LFVAE
ROSSCMEMBUSPCBA-LFVAE




To localhost at 7/1/2024 9:19:11 AM:
REQUEST_TYPE=PfsQuery
WORK_CENTER=P00670
DATABASE=PFSMYP4
WORK_CENTER=P00670
USER_ID=pirala
PASSWORD=****
OPERATION_CODE=FCT1
PRODUCTION_ORDER=PMQ008637
SERIAL_NUM=24240002

response at 7/1/2024 9:19:13 AM:
OK




To localhost at 7/1/2024 9:28:33 AM:
REQUEST_TYPE=PfsLogin
WORK_CENTER=P00670
DATABASE=PFSMYP4
WORK_CENTER=P00670
USER_ID=pirala
PASSWORD=****
OPERATION_CODE=FCT1
PRODUCTION_ORDER=PMQ008637

response at 7/1/2024 9:28:35 AM:
OK




To localhost at 7/1/2024 9:28:35 AM:
REQUEST_TYPE=PfsSendResults
WORK_CENTER=P00670
DATABASE=PFSMYP4
WORK_CENTER=P00670
USER_ID=pirala
PASSWORD=****
OPERATION_CODE=FCT1
PRODUCTION_ORDER=PMQ008637
SERIAL_NUM=24240002
PASS_FAIL=P

response at 7/1/2024 9:28:38 AM:
OK




To localhost at 7/1/2024 9:29:01 AM:
REQUEST_TYPE=PfsGetItemInfo
DATABASE=PFSMYP4
USER_ID=pirala
PASSWORD=****
SERIAL_NUM=24240003
RETURN_VALUES=COMP_ITEM_NUMBER

response at 7/1/2024 9:29:03 AM:
OK
ROSSCMEMBUS-LFVAE
ROSSCMEMBUSPCBA-LFVAE




To localhost at 7/1/2024 9:29:03 AM:
REQUEST_TYPE=PfsQuery
WORK_CENTER=P00670
DATABASE=PFSMYP4
WORK_CENTER=P00670
USER_ID=pirala
PASSWORD=****
OPERATION_CODE=FCT1
PRODUCTION_ORDER=PMQ008637
SERIAL_NUM=24240003

response at 7/1/2024 9:29:06 AM:
OK




To localhost at 7/1/2024 9:38:11 AM:
REQUEST_TYPE=PfsLogin
WORK_CENTER=P00670
DATABASE=PFSMYP4
WORK_CENTER=P00670
USER_ID=pirala
PASSWORD=****
OPERATION_CODE=FCT1
PRODUCTION_ORDER=PMQ008637

response at 7/1/2024 9:38:13 AM:
OK




To localhost at 7/1/2024 9:38:14 AM:
REQUEST_TYPE=PfsSendResults
WORK_CENTER=P00670
DATABASE=PFSMYP4
WORK_CENTER=P00670
USER_ID=pirala
PASSWORD=****
OPERATION_CODE=FCT1
PRODUCTION_ORDER=PMQ008637
SERIAL_NUM=24240003
PASS_FAIL=P

response at 7/1/2024 9:38:16 AM:
OK




To localhost at 7/1/2024 9:38:40 AM:
REQUEST_TYPE=PfsGetItemInfo
DATABASE=PFSMYP4
USER_ID=pirala
PASSWORD=****
SERIAL_NUM=24240004
RETURN_VALUES=COMP_ITEM_NUMBER

response at 7/1/2024 9:38:42 AM:
OK
ROSSCMEMBUS-LFVAE
ROSSCMEMBUSPCBA-LFVAE




To localhost at 7/1/2024 9:38:42 AM:
REQUEST_TYPE=PfsQuery
WORK_CENTER=P00670
DATABASE=PFSMYP4
WORK_CENTER=P00670
USER_ID=pirala
PASSWORD=****
OPERATION_CODE=FCT1
PRODUCTION_ORDER=PMQ008637
SERIAL_NUM=24240004

response at 7/1/2024 9:38:44 AM:
OK




To localhost at 7/1/2024 9:48:00 AM:
REQUEST_TYPE=PfsLogin
WORK_CENTER=P00670
DATABASE=PFSMYP4
WORK_CENTER=P00670
USER_ID=pirala
PASSWORD=****
OPERATION_CODE=FCT1
PRODUCTION_ORDER=PMQ008637

response at 7/1/2024 9:48:02 AM:
OK




To localhost at 7/1/2024 9:48:02 AM:
REQUEST_TYPE=PfsSendResults
WORK_CENTER=P00670
DATABASE=PFSMYP4
WORK_CENTER=P00670
USER_ID=pirala
PASSWORD=****
OPERATION_CODE=FCT1
PRODUCTION_ORDER=PMQ008637
SERIAL_NUM=24240004
PASS_FAIL=P

response at 7/1/2024 9:48:04 AM:
OK




To localhost at 7/1/2024 9:48:29 AM:
REQUEST_TYPE=PfsGetItemInfo
DATABASE=PFSMYP4
USER_ID=pirala
PASSWORD=****
SERIAL_NUM=24240027
RETURN_VALUES=COMP_ITEM_NUMBER

response at 7/1/2024 9:48:31 AM:
OK
ROSSCMEMBUS-LFVAE
ROSSCMEMBUSPCBA-LFVAE




To localhost at 7/1/2024 9:48:32 AM:
REQUEST_TYPE=PfsQuery
WORK_CENTER=P00670
DATABASE=PFSMYP4
WORK_CENTER=P00670
USER_ID=pirala
PASSWORD=****
OPERATION_CODE=FCT1
PRODUCTION_ORDER=PMQ008637
SERIAL_NUM=24240027

response at 7/1/2024 9:48:34 AM:
OK




To localhost at 7/1/2024 9:57:50 AM:
REQUEST_TYPE=PfsLogin
WORK_CENTER=P00670
DATABASE=PFSMYP4
WORK_CENTER=P00670
USER_ID=pirala
PASSWORD=****
OPERATION_CODE=FCT1
PRODUCTION_ORDER=PMQ008637

response at 7/1/2024 9:57:52 AM:
OK




To localhost at 7/1/2024 9:57:52 AM:
REQUEST_TYPE=PfsSendResults
WORK_CENTER=P00670
DATABASE=PFSMYP4
WORK_CENTER=P00670
USER_ID=pirala
PASSWORD=****
OPERATION_CODE=FCT1
PRODUCTION_ORDER=PMQ008637
SERIAL_NUM=24240027
PASS_FAIL=P

response at 7/1/2024 9:57:54 AM:
OK




To localhost at 7/1/2024 10:00:25 AM:
REQUEST_TYPE=PfsGetItemInfo
DATABASE=PFSMYP4
USER_ID=pirala
PASSWORD=****
SERIAL_NUM=24240026
RETURN_VALUES=COMP_ITEM_NUMBER

response at 7/1/2024 10:00:27 AM:
OK
ROSSCMEMBUS-LFVAE
ROSSCMEMBUSPCBA-LFVAE




To localhost at 7/1/2024 10:00:27 AM:
REQUEST_TYPE=PfsQuery
WORK_CENTER=P00670
DATABASE=PFSMYP4
WORK_CENTER=P00670
USER_ID=pirala
PASSWORD=****
OPERATION_CODE=FCT1
PRODUCTION_ORDER=PMQ008637
SERIAL_NUM=24240026

response at 7/1/2024 10:00:30 AM:
OK




To localhost at 7/1/2024 10:10:06 AM:
REQUEST_TYPE=PfsLogin
WORK_CENTER=P00670
DATABASE=PFSMYP4
WORK_CENTER=P00670
USER_ID=pirala
PASSWORD=****
OPERATION_CODE=FCT1
PRODUCTION_ORDER=PMQ008637

response at 7/1/2024 10:10:08 AM:
OK




To localhost at 7/1/2024 10:10:09 AM:
REQUEST_TYPE=PfsSendResults
WORK_CENTER=P00670
DATABASE=PFSMYP4
WORK_CENTER=P00670
USER_ID=pirala
PASSWORD=****
OPERATION_CODE=FCT1
PRODUCTION_ORDER=PMQ008637
SERIAL_NUM=24240026
PASS_FAIL=P

response at 7/1/2024 10:10:11 AM:
OK




To localhost at 7/1/2024 10:11:05 AM:
REQUEST_TYPE=PfsGetItemInfo
DATABASE=PFSMYP4
USER_ID=pirala
PASSWORD=****
SERIAL_NUM=24240032
RETURN_VALUES=COMP_ITEM_NUMBER

response at 7/1/2024 10:11:07 AM:
OK
ROSSCMEMBUS-LFVAE
ROSSCMEMBUSPCBA-LFVAE




To localhost at 7/1/2024 10:11:07 AM:
REQUEST_TYPE=PfsQuery
WORK_CENTER=P00670
DATABASE=PFSMYP4
WORK_CENTER=P00670
USER_ID=pirala
PASSWORD=****
OPERATION_CODE=FCT1
PRODUCTION_ORDER=PMQ008637
SERIAL_NUM=24240032

response at 7/1/2024 10:11:09 AM:
OK




To localhost at 7/1/2024 10:23:05 AM:
REQUEST_TYPE=PfsLogin
WORK_CENTER=P00670
DATABASE=PFSMYP4
WORK_CENTER=P00670
USER_ID=pirala
PASSWORD=****
OPERATION_CODE=FCT1
PRODUCTION_ORDER=PMQ008637

response at 7/1/2024 10:23:07 AM:
OK




To localhost at 7/1/2024 10:23:08 AM:
REQUEST_TYPE=PfsSendResults
WORK_CENTER=P00670
DATABASE=PFSMYP4
WORK_CENTER=P00670
USER_ID=pirala
PASSWORD=****
OPERATION_CODE=FCT1
PRODUCTION_ORDER=PMQ008637
SERIAL_NUM=24240032
PASS_FAIL=P

response at 7/1/2024 10:23:10 AM:
OK




To localhost at 7/1/2024 10:27:09 AM:
REQUEST_TYPE=PfsGetItemInfo
DATABASE=PFSMYP4
USER_ID=pirala
PASSWORD=****
SERIAL_NUM=24240044
RETURN_VALUES=COMP_ITEM_NUMBER

response at 7/1/2024 10:27:11 AM:
OK
ROSSCMEMBUS-LFVAE
ROSSCMEMBUSPCBA-LFVAE




To localhost at 7/1/2024 10:27:11 AM:
REQUEST_TYPE=PfsQuery
WORK_CENTER=P00670
DATABASE=PFSMYP4
WORK_CENTER=P00670
USER_ID=pirala
PASSWORD=****
OPERATION_CODE=FCT1
PRODUCTION_ORDER=PMQ008637
SERIAL_NUM=24240044

response at 7/1/2024 10:27:14 AM:
OK




To localhost at 7/1/2024 10:45:45 AM:
REQUEST_TYPE=PfsLogin
WORK_CENTER=P00670
DATABASE=PFSMYP4
WORK_CENTER=P00670
USER_ID=pirala
PASSWORD=****
OPERATION_CODE=FCT1
PRODUCTION_ORDER=PMQ008637

response at 7/1/2024 10:45:47 AM:
OK




To localhost at 7/1/2024 10:45:48 AM:
REQUEST_TYPE=PfsSendResults
WORK_CENTER=P00670
DATABASE=PFSMYP4
WORK_CENTER=P00670
USER_ID=pirala
PASSWORD=****
OPERATION_CODE=FCT1
PRODUCTION_ORDER=PMQ008637
SERIAL_NUM=24240044
PASS_FAIL=P

response at 7/1/2024 10:45:50 AM:
OK




To localhost at 7/1/2024 10:46:06 AM:
REQUEST_TYPE=PfsGetItemInfo
DATABASE=PFSMYP4
USER_ID=pirala
PASSWORD=****
SERIAL_NUM=24240019
RETURN_VALUES=COMP_ITEM_NUMBER

response at 7/1/2024 10:46:08 AM:
OK
ROSSCMEMBUS-LFVAE
ROSSCMEMBUSPCBA-LFVAE




To localhost at 7/1/2024 10:46:08 AM:
REQUEST_TYPE=PfsQuery
WORK_CENTER=P00670
DATABASE=PFSMYP4
WORK_CENTER=P00670
USER_ID=pirala
PASSWORD=****
OPERATION_CODE=FCT1
PRODUCTION_ORDER=PMQ008637
SERIAL_NUM=24240019

response at 7/1/2024 10:46:10 AM:
OK




To localhost at 7/1/2024 11:13:03 AM:
REQUEST_TYPE=PfsLogin
WORK_CENTER=P00670
DATABASE=PFSMYP4
WORK_CENTER=P00670
USER_ID=pirala
PASSWORD=****
OPERATION_CODE=FCT1
PRODUCTION_ORDER=PMQ008637

response at 7/1/2024 11:13:05 AM:
OK




To localhost at 7/1/2024 11:13:06 AM:
REQUEST_TYPE=PfsSendResults
WORK_CENTER=P00670
DATABASE=PFSMYP4
WORK_CENTER=P00670
USER_ID=pirala
PASSWORD=****
OPERATION_CODE=FCT1
PRODUCTION_ORDER=PMQ008637
SERIAL_NUM=24240019
PASS_FAIL=P

response at 7/1/2024 11:13:08 AM:
OK




To localhost at 7/1/2024 11:26:17 AM:
REQUEST_TYPE=PfsLogin
WORK_CENTER=P00670
DATABASE=PFSMYP4
WORK_CENTER=P00670
USER_ID=pirala
PASSWORD=****
OPERATION_CODE=FCT
PRODUCTION_ORDER=PMQ008637

response at 7/1/2024 11:26:20 AM:
OK




To localhost at 7/1/2024 11:26:20 AM:
REQUEST_TYPE=PfsGetItemInfo
DATABASE=PFSMYP4
USER_ID=pirala
PASSWORD=****
SERIAL_NUM=24240029
RETURN_VALUES=COMP_ITEM_NUMBER

response at 7/1/2024 11:26:22 AM:
OK
ROSSCMEMBUS-LFVAE
ROSSCMEMBUSPCBA-LFVAE




To localhost at 7/1/2024 11:26:22 AM:
REQUEST_TYPE=PfsQuery
WORK_CENTER=P00670
DATABASE=PFSMYP4
WORK_CENTER=P00670
USER_ID=pirala
PASSWORD=****
OPERATION_CODE=FCT
PRODUCTION_ORDER=PMQ008637
SERIAL_NUM=24240029

response at 7/1/2024 11:26:24 AM:
OK




To localhost at 7/1/2024 11:36:36 AM:
REQUEST_TYPE=PfsLogin
WORK_CENTER=P00670
DATABASE=PFSMYP4
WORK_CENTER=P00670
USER_ID=pirala
PASSWORD=****
OPERATION_CODE=FCT
PRODUCTION_ORDER=PMQ008637

response at 7/1/2024 11:36:38 AM:
OK




To localhost at 7/1/2024 11:36:39 AM:
REQUEST_TYPE=PfsSendResults
WORK_CENTER=P00670
DATABASE=PFSMYP4
WORK_CENTER=P00670
USER_ID=pirala
PASSWORD=****
OPERATION_CODE=FCT
PRODUCTION_ORDER=PMQ008637
SERIAL_NUM=24240029
PASS_FAIL=P

response at 7/1/2024 11:36:41 AM:
OK




To localhost at 7/1/2024 11:40:14 AM:
REQUEST_TYPE=PfsLogin
WORK_CENTER=P00670
DATABASE=PFSMYP4
WORK_CENTER=P00670
USER_ID=pirala
PASSWORD=****
OPERATION_CODE=FCT1
PRODUCTION_ORDER=PMQ008637

response at 7/1/2024 11:40:17 AM:
OK




To localhost at 7/1/2024 11:40:17 AM:
REQUEST_TYPE=PfsGetItemInfo
DATABASE=PFSMYP4
USER_ID=pirala
PASSWORD=****
SERIAL_NUM=24240017
RETURN_VALUES=COMP_ITEM_NUMBER

response at 7/1/2024 11:40:19 AM:
OK
ROSSCMEMBUS-LFVAE
ROSSCMEMBUSPCBA-LFVAE




To localhost at 7/1/2024 11:40:19 AM:
REQUEST_TYPE=PfsQuery
WORK_CENTER=P00670
DATABASE=PFSMYP4
WORK_CENTER=P00670
USER_ID=pirala
PASSWORD=****
OPERATION_CODE=FCT1
PRODUCTION_ORDER=PMQ008637
SERIAL_NUM=24240017

response at 7/1/2024 11:40:21 AM:
OK




To localhost at 7/1/2024 11:48:55 AM:
REQUEST_TYPE=PfsLogin
WORK_CENTER=P00670
DATABASE=PFSMYP4
WORK_CENTER=P00670
USER_ID=pirala
PASSWORD=****
OPERATION_CODE=FCT1
PRODUCTION_ORDER=PMQ008637

response at 7/1/2024 11:48:57 AM:
OK




To localhost at 7/1/2024 11:48:58 AM:
REQUEST_TYPE=PfsSendResults
WORK_CENTER=P00670
DATABASE=PFSMYP4
WORK_CENTER=P00670
USER_ID=pirala
PASSWORD=****
OPERATION_CODE=FCT1
PRODUCTION_ORDER=PMQ008637
SERIAL_NUM=24240017
PASS_FAIL=P

response at 7/1/2024 11:49:00 AM:
OK




To localhost at 7/1/2024 11:59:01 AM:
REQUEST_TYPE=PfsGetItemInfo
DATABASE=PFSMYP4
USER_ID=pirala
PASSWORD=****
SERIAL_NUM=24240028
RETURN_VALUES=COMP_ITEM_NUMBER

response at 7/1/2024 11:59:03 AM:
OK
ROSSCMEMBUS-LFVAE
ROSSCMEMBUSPCBA-LFVAE




To localhost at 7/1/2024 11:59:03 AM:
REQUEST_TYPE=PfsQuery
WORK_CENTER=P00670
DATABASE=PFSMYP4
WORK_CENTER=P00670
USER_ID=pirala
PASSWORD=****
OPERATION_CODE=FCT1
PRODUCTION_ORDER=PMQ008637
SERIAL_NUM=24240028

response at 7/1/2024 11:59:05 AM:
OK




To localhost at 7/1/2024 12:13:28 PM:
REQUEST_TYPE=PfsLogin
WORK_CENTER=P00670
DATABASE=PFSMYP4
WORK_CENTER=P00670
USER_ID=pirala
PASSWORD=****
OPERATION_CODE=FCT1
PRODUCTION_ORDER=PMQ008637

response at 7/1/2024 12:13:30 PM:
OK




To localhost at 7/1/2024 12:13:31 PM:
REQUEST_TYPE=PfsSendResults
WORK_CENTER=P00670
DATABASE=PFSMYP4
WORK_CENTER=P00670
USER_ID=pirala
PASSWORD=****
OPERATION_CODE=FCT1
PRODUCTION_ORDER=PMQ008637
SERIAL_NUM=24240028
PASS_FAIL=P

response at 7/1/2024 12:13:33 PM:
OK




To localhost at 7/1/2024 12:13:49 PM:
REQUEST_TYPE=PfsGetItemInfo
DATABASE=PFSMYP4
USER_ID=pirala
PASSWORD=****
SERIAL_NUM=24240033
RETURN_VALUES=COMP_ITEM_NUMBER

response at 7/1/2024 12:13:51 PM:
OK
ROSSCMEMBUS-LFVAE
ROSSCMEMBUSPCBA-LFVAE




To localhost at 7/1/2024 12:13:51 PM:
REQUEST_TYPE=PfsQuery
WORK_CENTER=P00670
DATABASE=PFSMYP4
WORK_CENTER=P00670
USER_ID=pirala
PASSWORD=****
OPERATION_CODE=FCT1
PRODUCTION_ORDER=PMQ008637
SERIAL_NUM=24240033

response at 7/1/2024 12:13:53 PM:
OK




To localhost at 7/1/2024 12:24:44 PM:
REQUEST_TYPE=PfsLogin
WORK_CENTER=P00670
DATABASE=PFSMYP4
WORK_CENTER=P00670
USER_ID=pirala
PASSWORD=****
OPERATION_CODE=FCT1
PRODUCTION_ORDER=PMQ008637

response at 7/1/2024 12:24:46 PM:
OK




To localhost at 7/1/2024 12:24:47 PM:
REQUEST_TYPE=PfsSendResults
WORK_CENTER=P00670
DATABASE=PFSMYP4
WORK_CENTER=P00670
USER_ID=pirala
PASSWORD=****
OPERATION_CODE=FCT1
PRODUCTION_ORDER=PMQ008637
SERIAL_NUM=24240033
PASS_FAIL=P

response at 7/1/2024 12:24:49 PM:
OK




To localhost at 7/1/2024 12:25:06 PM:
REQUEST_TYPE=PfsGetItemInfo
DATABASE=PFSMYP4
USER_ID=pirala
PASSWORD=****
SERIAL_NUM=24240046
RETURN_VALUES=COMP_ITEM_NUMBER

response at 7/1/2024 12:25:08 PM:
OK
ROSSCMEMBUS-LFVAE
ROSSCMEMBUSPCBA-LFVAE




To localhost at 7/1/2024 12:25:08 PM:
REQUEST_TYPE=PfsQuery
WORK_CENTER=P00670
DATABASE=PFSMYP4
WORK_CENTER=P00670
USER_ID=pirala
PASSWORD=****
OPERATION_CODE=FCT1
PRODUCTION_ORDER=PMQ008637
SERIAL_NUM=24240046

response at 7/1/2024 12:25:11 PM:
OK




To localhost at 7/1/2024 12:36:16 PM:
REQUEST_TYPE=PfsLogin
WORK_CENTER=P00670
DATABASE=PFSMYP4
WORK_CENTER=P00670
USER_ID=pirala
PASSWORD=****
OPERATION_CODE=FCT1
PRODUCTION_ORDER=PMQ008637

response at 7/1/2024 12:36:18 PM:
OK




To localhost at 7/1/2024 12:36:19 PM:
REQUEST_TYPE=PfsSendResults
WORK_CENTER=P00670
DATABASE=PFSMYP4
WORK_CENTER=P00670
USER_ID=pirala
PASSWORD=****
OPERATION_CODE=FCT1
PRODUCTION_ORDER=PMQ008637
SERIAL_NUM=24240046
PASS_FAIL=P

response at 7/1/2024 12:36:21 PM:
OK




To localhost at 7/1/2024 12:36:40 PM:
REQUEST_TYPE=PfsGetItemInfo
DATABASE=PFSMYP4
USER_ID=pirala
PASSWORD=****
SERIAL_NUM=24240047
RETURN_VALUES=COMP_ITEM_NUMBER

response at 7/1/2024 12:36:42 PM:
OK
ROSSCMEMBUS-LFVAE
ROSSCMEMBUSPCBA-LFVAE




To localhost at 7/1/2024 12:36:42 PM:
REQUEST_TYPE=PfsQuery
WORK_CENTER=P00670
DATABASE=PFSMYP4
WORK_CENTER=P00670
USER_ID=pirala
PASSWORD=****
OPERATION_CODE=FCT1
PRODUCTION_ORDER=PMQ008637
SERIAL_NUM=24240047

response at 7/1/2024 12:36:44 PM:
OK




To localhost at 7/1/2024 12:50:26 PM:
REQUEST_TYPE=PfsLogin
WORK_CENTER=P00670
DATABASE=PFSMYP4
WORK_CENTER=P00670
USER_ID=pirala
PASSWORD=****
OPERATION_CODE=FCT1
PRODUCTION_ORDER=PMQ008637

response at 7/1/2024 12:50:28 PM:
OK




To localhost at 7/1/2024 12:50:29 PM:
REQUEST_TYPE=PfsSendResults
WORK_CENTER=P00670
DATABASE=PFSMYP4
WORK_CENTER=P00670
USER_ID=pirala
PASSWORD=****
OPERATION_CODE=FCT1
PRODUCTION_ORDER=PMQ008637
SERIAL_NUM=24240047
PASS_FAIL=P

response at 7/1/2024 12:50:31 PM:
OK




To localhost at 7/1/2024 12:50:52 PM:
REQUEST_TYPE=PfsGetItemInfo
DATABASE=PFSMYP4
USER_ID=pirala
PASSWORD=****
SERIAL_NUM=24240034
RETURN_VALUES=COMP_ITEM_NUMBER

response at 7/1/2024 12:50:54 PM:
OK
ROSSCMEMBUS-LFVAE
ROSSCMEMBUSPCBA-LFVAE




To localhost at 7/1/2024 12:50:54 PM:
REQUEST_TYPE=PfsQuery
WORK_CENTER=P00670
DATABASE=PFSMYP4
WORK_CENTER=P00670
USER_ID=pirala
PASSWORD=****
OPERATION_CODE=FCT1
PRODUCTION_ORDER=PMQ008637
SERIAL_NUM=24240034

response at 7/1/2024 12:50:56 PM:
OK




To localhost at 7/1/2024 1:00:30 PM:
REQUEST_TYPE=PfsLogin
WORK_CENTER=P00670
DATABASE=PFSMYP4
WORK_CENTER=P00670
USER_ID=pirala
PASSWORD=****
OPERATION_CODE=FCT1
PRODUCTION_ORDER=PMQ008637

response at 7/1/2024 1:00:32 PM:
OK




To localhost at 7/1/2024 1:00:33 PM:
REQUEST_TYPE=PfsSendResults
WORK_CENTER=P00670
DATABASE=PFSMYP4
WORK_CENTER=P00670
USER_ID=pirala
PASSWORD=****
OPERATION_CODE=FCT1
PRODUCTION_ORDER=PMQ008637
SERIAL_NUM=24240034
PASS_FAIL=P

response at 7/1/2024 1:00:35 PM:
OK




To localhost at 7/1/2024 1:01:01 PM:
REQUEST_TYPE=PfsGetItemInfo
DATABASE=PFSMYP4
USER_ID=pirala
PASSWORD=****
SERIAL_NUM=24240037
RETURN_VALUES=COMP_ITEM_NUMBER

response at 7/1/2024 1:01:03 PM:
OK
ROSSCMEMBUS-LFVAE
ROSSCMEMBUSPCBA-LFVAE




To localhost at 7/1/2024 1:01:03 PM:
REQUEST_TYPE=PfsQuery
WORK_CENTER=P00670
DATABASE=PFSMYP4
WORK_CENTER=P00670
USER_ID=pirala
PASSWORD=****
OPERATION_CODE=FCT1
PRODUCTION_ORDER=PMQ008637
SERIAL_NUM=24240037

response at 7/1/2024 1:01:05 PM:
OK




To localhost at 7/1/2024 1:18:35 PM:
REQUEST_TYPE=PfsLogin
WORK_CENTER=P00670
DATABASE=PFSMYP4
WORK_CENTER=P00670
USER_ID=pirala
PASSWORD=****
OPERATION_CODE=FCT1
PRODUCTION_ORDER=PMQ008637

response at 7/1/2024 1:18:37 PM:
OK




To localhost at 7/1/2024 1:18:37 PM:
REQUEST_TYPE=PfsSendResults
WORK_CENTER=P00670
DATABASE=PFSMYP4
WORK_CENTER=P00670
USER_ID=pirala
PASSWORD=****
OPERATION_CODE=FCT1
PRODUCTION_ORDER=PMQ008637
SERIAL_NUM=24240037
PASS_FAIL=P

response at 7/1/2024 1:18:40 PM:
OK




To localhost at 7/1/2024 1:19:01 PM:
REQUEST_TYPE=PfsGetItemInfo
DATABASE=PFSMYP4
USER_ID=pirala
PASSWORD=****
SERIAL_NUM=24240040
RETURN_VALUES=COMP_ITEM_NUMBER

response at 7/1/2024 1:19:04 PM:
OK
ROSSCMEMBUS-LFVAE
ROSSCMEMBUSPCBA-LFVAE




To localhost at 7/1/2024 1:19:04 PM:
REQUEST_TYPE=PfsQuery
WORK_CENTER=P00670
DATABASE=PFSMYP4
WORK_CENTER=P00670
USER_ID=pirala
PASSWORD=****
OPERATION_CODE=FCT1
PRODUCTION_ORDER=PMQ008637
SERIAL_NUM=24240040

response at 7/1/2024 1:19:06 PM:
OK




To localhost at 7/1/2024 1:28:36 PM:
REQUEST_TYPE=PfsLogin
WORK_CENTER=P00670
DATABASE=PFSMYP4
WORK_CENTER=P00670
USER_ID=pirala
PASSWORD=****
OPERATION_CODE=FCT1
PRODUCTION_ORDER=PMQ008637

response at 7/1/2024 1:28:38 PM:
OK




To localhost at 7/1/2024 1:28:39 PM:
REQUEST_TYPE=PfsSendResults
WORK_CENTER=P00670
DATABASE=PFSMYP4
WORK_CENTER=P00670
USER_ID=pirala
PASSWORD=****
OPERATION_CODE=FCT1
PRODUCTION_ORDER=PMQ008637
SERIAL_NUM=24240040
PASS_FAIL=P

response at 7/1/2024 1:28:41 PM:
OK




To localhost at 7/1/2024 1:28:59 PM:
REQUEST_TYPE=PfsGetItemInfo
DATABASE=PFSMYP4
USER_ID=pirala
PASSWORD=****
SERIAL_NUM=24240049
RETURN_VALUES=COMP_ITEM_NUMBER

response at 7/1/2024 1:29:01 PM:
OK
ROSSCMEMBUS-LFVAE
ROSSCMEMBUSPCBA-LFVAE




To localhost at 7/1/2024 1:29:02 PM:
REQUEST_TYPE=PfsQuery
WORK_CENTER=P00670
DATABASE=PFSMYP4
WORK_CENTER=P00670
USER_ID=pirala
PASSWORD=****
OPERATION_CODE=FCT1
PRODUCTION_ORDER=PMQ008637
SERIAL_NUM=24240049

response at 7/1/2024 1:29:04 PM:
OK




To localhost at 7/1/2024 1:33:37 PM:
REQUEST_TYPE=PfsLogin
WORK_CENTER=P00670
DATABASE=PFSMYP4
WORK_CENTER=P00670
USER_ID=pirala
PASSWORD=****
OPERATION_CODE=FCT1
PRODUCTION_ORDER=PMQ008637

response at 7/1/2024 1:33:39 PM:
OK




To localhost at 7/1/2024 1:33:39 PM:
REQUEST_TYPE=PfsSendResults
WORK_CENTER=P00670
DATABASE=PFSMYP4
WORK_CENTER=P00670
USER_ID=pirala
PASSWORD=****
OPERATION_CODE=FCT1
PRODUCTION_ORDER=PMQ008637
SERIAL_NUM=24240049
PASS_FAIL=F
FAILURE_CODE=-1
FAILURE_COMMENT=Err'Webscraper.lvlib:Parse pyWebscraper data.vi\nRow specified is not found within array\n\n\nComplete call chain:&nl;\n     Webscraper.lvlib:Parse pyWebscraper data.vi&nl;\n     Webscraper.lvlib:Parse pyWebscraper data.vi.ProxyCaller' at step 'Parse pyWebscraper Result' in seq 'ProcessModelPostStepRuntimeError'

response at 7/1/2024 1:33:41 PM:
OK




To localhost at 7/1/2024 1:34:36 PM:
REQUEST_TYPE=PfsGetItemInfo
DATABASE=PFSMYP4
USER_ID=pirala
PASSWORD=****
SERIAL_NUM=24240041
RETURN_VALUES=COMP_ITEM_NUMBER

response at 7/1/2024 1:34:38 PM:
OK
ROSSCMEMBUS-LFVAE
ROSSCMEMBUSPCBA-LFVAE




To localhost at 7/1/2024 1:34:39 PM:
REQUEST_TYPE=PfsQuery
WORK_CENTER=P00670
DATABASE=PFSMYP4
WORK_CENTER=P00670
USER_ID=pirala
PASSWORD=****
OPERATION_CODE=FCT1
PRODUCTION_ORDER=PMQ008637
SERIAL_NUM=24240041

response at 7/1/2024 1:34:41 PM:
OK




To localhost at 7/1/2024 1:44:45 PM:
REQUEST_TYPE=PfsLogin
WORK_CENTER=P00670
DATABASE=PFSMYP4
WORK_CENTER=P00670
USER_ID=pirala
PASSWORD=****
OPERATION_CODE=FCT1
PRODUCTION_ORDER=PMQ008637

response at 7/1/2024 1:44:47 PM:
OK




To localhost at 7/1/2024 1:44:47 PM:
REQUEST_TYPE=PfsSendResults
WORK_CENTER=P00670
DATABASE=PFSMYP4
WORK_CENTER=P00670
USER_ID=pirala
PASSWORD=****
OPERATION_CODE=FCT1
PRODUCTION_ORDER=PMQ008637
SERIAL_NUM=24240041
PASS_FAIL=P

response at 7/1/2024 1:44:49 PM:
OK




To localhost at 7/1/2024 1:45:08 PM:
REQUEST_TYPE=PfsGetItemInfo
DATABASE=PFSMYP4
USER_ID=pirala
PASSWORD=****
SERIAL_NUM=24240005
RETURN_VALUES=COMP_ITEM_NUMBER

response at 7/1/2024 1:45:10 PM:
OK
ROSSCMEMBUS-LFVAE
ROSSCMEMBUSPCBA-LFVAE




To localhost at 7/1/2024 1:45:11 PM:
REQUEST_TYPE=PfsQuery
WORK_CENTER=P00670
DATABASE=PFSMYP4
WORK_CENTER=P00670
USER_ID=pirala
PASSWORD=****
OPERATION_CODE=FCT1
PRODUCTION_ORDER=PMQ008637
SERIAL_NUM=24240005

response at 7/1/2024 1:45:13 PM:
OK




To localhost at 7/1/2024 1:58:30 PM:
REQUEST_TYPE=PfsLogin
WORK_CENTER=P00670
DATABASE=PFSMYP4
WORK_CENTER=P00670
USER_ID=pirala
PASSWORD=****
OPERATION_CODE=FCT1
PRODUCTION_ORDER=PMQ008637

response at 7/1/2024 1:58:33 PM:
OK




To localhost at 7/1/2024 1:58:34 PM:
REQUEST_TYPE=PfsSendResults
WORK_CENTER=P00670
DATABASE=PFSMYP4
WORK_CENTER=P00670
USER_ID=pirala
PASSWORD=****
OPERATION_CODE=FCT1
PRODUCTION_ORDER=PMQ008637
SERIAL_NUM=24240005
PASS_FAIL=P

response at 7/1/2024 1:58:36 PM:
OK




To localhost at 7/1/2024 1:58:52 PM:
REQUEST_TYPE=PfsGetItemInfo
DATABASE=PFSMYP4
USER_ID=pirala
PASSWORD=****
SERIAL_NUM=24240031
RETURN_VALUES=COMP_ITEM_NUMBER

response at 7/1/2024 1:58:54 PM:
OK
ROSSCMEMBUS-LFVAE
ROSSCMEMBUSPCBA-LFVAE




To localhost at 7/1/2024 1:58:54 PM:
REQUEST_TYPE=PfsQuery
WORK_CENTER=P00670
DATABASE=PFSMYP4
WORK_CENTER=P00670
USER_ID=pirala
PASSWORD=****
OPERATION_CODE=FCT1
PRODUCTION_ORDER=PMQ008637
SERIAL_NUM=24240031

response at 7/1/2024 1:58:56 PM:
OK




To localhost at 7/1/2024 2:11:07 PM:
REQUEST_TYPE=PfsLogin
WORK_CENTER=P00670
DATABASE=PFSMYP4
WORK_CENTER=P00670
USER_ID=pirala
PASSWORD=****
OPERATION_CODE=FCT1
PRODUCTION_ORDER=PMQ008637

response at 7/1/2024 2:11:10 PM:
OK




To localhost at 7/1/2024 2:11:10 PM:
REQUEST_TYPE=PfsSendResults
WORK_CENTER=P00670
DATABASE=PFSMYP4
WORK_CENTER=P00670
USER_ID=pirala
PASSWORD=****
OPERATION_CODE=FCT1
PRODUCTION_ORDER=PMQ008637
SERIAL_NUM=24240031
PASS_FAIL=P

response at 7/1/2024 2:11:12 PM:
OK




To localhost at 7/1/2024 2:11:50 PM:
REQUEST_TYPE=PfsGetItemInfo
DATABASE=PFSMYP4
USER_ID=pirala
PASSWORD=****
SERIAL_NUM=24240021
RETURN_VALUES=COMP_ITEM_NUMBER

response at 7/1/2024 2:11:52 PM:
OK
ROSSCMEMBUS-LFVAE
ROSSCMEMBUSPCBA-LFVAE




To localhost at 7/1/2024 2:11:52 PM:
REQUEST_TYPE=PfsQuery
WORK_CENTER=P00670
DATABASE=PFSMYP4
WORK_CENTER=P00670
USER_ID=pirala
PASSWORD=****
OPERATION_CODE=FCT1
PRODUCTION_ORDER=PMQ008637
SERIAL_NUM=24240021

response at 7/1/2024 2:11:54 PM:
OK




To localhost at 7/1/2024 2:24:34 PM:
REQUEST_TYPE=PfsLogin
WORK_CENTER=P00670
DATABASE=PFSMYP4
WORK_CENTER=P00670
USER_ID=pirala
PASSWORD=****
OPERATION_CODE=FCT1
PRODUCTION_ORDER=PMQ008637

response at 7/1/2024 2:24:36 PM:
OK




To localhost at 7/1/2024 2:24:37 PM:
REQUEST_TYPE=PfsSendResults
WORK_CENTER=P00670
DATABASE=PFSMYP4
WORK_CENTER=P00670
USER_ID=pirala
PASSWORD=****
OPERATION_CODE=FCT1
PRODUCTION_ORDER=PMQ008637
SERIAL_NUM=24240021
PASS_FAIL=P

response at 7/1/2024 2:24:39 PM:
OK




To localhost at 7/1/2024 2:24:56 PM:
REQUEST_TYPE=PfsGetItemInfo
DATABASE=PFSMYP4
USER_ID=pirala
PASSWORD=****
SERIAL_NUM=24240042
RETURN_VALUES=COMP_ITEM_NUMBER

response at 7/1/2024 2:24:58 PM:
OK
ROSSCMEMBUS-LFVAE
ROSSCMEMBUSPCBA-LFVAE




To localhost at 7/1/2024 2:24:58 PM:
REQUEST_TYPE=PfsQuery
WORK_CENTER=P00670
DATABASE=PFSMYP4
WORK_CENTER=P00670
USER_ID=pirala
PASSWORD=****
OPERATION_CODE=FCT1
PRODUCTION_ORDER=PMQ008637
SERIAL_NUM=24240042

response at 7/1/2024 2:25:00 PM:
OK




To localhost at 7/1/2024 2:52:12 PM:
REQUEST_TYPE=PfsLogin
WORK_CENTER=P00670
DATABASE=PFSMYP4
WORK_CENTER=P00670
USER_ID=pirala
PASSWORD=****
OPERATION_CODE=FCT1
PRODUCTION_ORDER=PMQ008637

response at 7/1/2024 2:52:14 PM:
OK




To localhost at 7/1/2024 2:52:15 PM:
REQUEST_TYPE=PfsSendResults
WORK_CENTER=P00670
DATABASE=PFSMYP4
WORK_CENTER=P00670
USER_ID=pirala
PASSWORD=****
OPERATION_CODE=FCT1
PRODUCTION_ORDER=PMQ008637
SERIAL_NUM=24240042
PASS_FAIL=P

response at 7/1/2024 2:52:17 PM:
OK




To localhost at 7/1/2024 2:52:34 PM:
REQUEST_TYPE=PfsGetItemInfo
DATABASE=PFSMYP4
USER_ID=pirala
PASSWORD=****
SERIAL_NUM=24240012
RETURN_VALUES=COMP_ITEM_NUMBER

response at 7/1/2024 2:52:36 PM:
OK
ROSSCMEMBUS-LFVAE
ROSSCMEMBUSPCBA-LFVAE




To localhost at 7/1/2024 2:52:36 PM:
REQUEST_TYPE=PfsQuery
WORK_CENTER=P00670
DATABASE=PFSMYP4
WORK_CENTER=P00670
USER_ID=pirala
PASSWORD=****
OPERATION_CODE=FCT1
PRODUCTION_ORDER=PMQ008637
SERIAL_NUM=24240012

response at 7/1/2024 2:52:38 PM:
OK




To localhost at 7/1/2024 3:03:52 PM:
REQUEST_TYPE=PfsLogin
WORK_CENTER=P00670
DATABASE=PFSMYP4
WORK_CENTER=P00670
USER_ID=pirala
PASSWORD=****
OPERATION_CODE=FCT1
PRODUCTION_ORDER=PMQ008637

response at 7/1/2024 3:03:54 PM:
OK




To localhost at 7/1/2024 3:03:54 PM:
REQUEST_TYPE=PfsSendResults
WORK_CENTER=P00670
DATABASE=PFSMYP4
WORK_CENTER=P00670
USER_ID=pirala
PASSWORD=****
OPERATION_CODE=FCT1
PRODUCTION_ORDER=PMQ008637
SERIAL_NUM=24240012
PASS_FAIL=P

response at 7/1/2024 3:03:56 PM:
OK




To localhost at 7/1/2024 3:04:43 PM:
REQUEST_TYPE=PfsGetItemInfo
DATABASE=PFSMYP4
USER_ID=pirala
PASSWORD=****
SERIAL_NUM=24240048
RETURN_VALUES=COMP_ITEM_NUMBER

response at 7/1/2024 3:04:45 PM:
OK
ROSSCMEMBUS-LFVAE
ROSSCMEMBUSPCBA-LFVAE




To localhost at 7/1/2024 3:04:45 PM:
REQUEST_TYPE=PfsQuery
WORK_CENTER=P00670
DATABASE=PFSMYP4
WORK_CENTER=P00670
USER_ID=pirala
PASSWORD=****
OPERATION_CODE=FCT1
PRODUCTION_ORDER=PMQ008637
SERIAL_NUM=24240048

response at 7/1/2024 3:04:47 PM:
OK




To localhost at 7/1/2024 3:20:11 PM:
REQUEST_TYPE=PfsLogin
WORK_CENTER=P00670
DATABASE=PFSMYP4
WORK_CENTER=P00670
USER_ID=pirala
PASSWORD=****
OPERATION_CODE=FCT1
PRODUCTION_ORDER=PMQ008637

response at 7/1/2024 3:20:13 PM:
OK




To localhost at 7/1/2024 3:20:14 PM:
REQUEST_TYPE=PfsSendResults
WORK_CENTER=P00670
DATABASE=PFSMYP4
WORK_CENTER=P00670
USER_ID=pirala
PASSWORD=****
OPERATION_CODE=FCT1
PRODUCTION_ORDER=PMQ008637
SERIAL_NUM=24240048
PASS_FAIL=P

response at 7/1/2024 3:20:16 PM:
OK




To localhost at 7/1/2024 3:21:00 PM:
REQUEST_TYPE=PfsGetItemInfo
DATABASE=PFSMYP4
USER_ID=pirala
PASSWORD=****
SERIAL_NUM=24240024
RETURN_VALUES=COMP_ITEM_NUMBER

response at 7/1/2024 3:21:03 PM:
OK
ROSSCMEMBUS-LFVAE
ROSSCMEMBUSPCBA-LFVAE




To localhost at 7/1/2024 3:21:03 PM:
REQUEST_TYPE=PfsQuery
WORK_CENTER=P00670
DATABASE=PFSMYP4
WORK_CENTER=P00670
USER_ID=pirala
PASSWORD=****
OPERATION_CODE=FCT1
PRODUCTION_ORDER=PMQ008637
SERIAL_NUM=24240024

response at 7/1/2024 3:21:05 PM:
OK




To localhost at 7/1/2024 3:33:25 PM:
REQUEST_TYPE=PfsLogin
WORK_CENTER=P00670
DATABASE=PFSMYP4
WORK_CENTER=P00670
USER_ID=pirala
PASSWORD=****
OPERATION_CODE=FCT1
PRODUCTION_ORDER=PMQ008637

response at 7/1/2024 3:33:27 PM:
OK




To localhost at 7/1/2024 3:33:28 PM:
REQUEST_TYPE=PfsSendResults
WORK_CENTER=P00670
DATABASE=PFSMYP4
WORK_CENTER=P00670
USER_ID=pirala
PASSWORD=****
OPERATION_CODE=FCT1
PRODUCTION_ORDER=PMQ008637
SERIAL_NUM=24240024
PASS_FAIL=P

response at 7/1/2024 3:33:30 PM:
OK




To localhost at 7/1/2024 3:33:50 PM:
REQUEST_TYPE=PfsGetItemInfo
DATABASE=PFSMYP4
USER_ID=pirala
PASSWORD=****
SERIAL_NUM=24240039
RETURN_VALUES=COMP_ITEM_NUMBER

response at 7/1/2024 3:33:52 PM:
OK
ROSSCMEMBUS-LFVAE
ROSSCMEMBUSPCBA-LFVAE




To localhost at 7/1/2024 3:33:52 PM:
REQUEST_TYPE=PfsQuery
WORK_CENTER=P00670
DATABASE=PFSMYP4
WORK_CENTER=P00670
USER_ID=pirala
PASSWORD=****
OPERATION_CODE=FCT1
PRODUCTION_ORDER=PMQ008637
SERIAL_NUM=24240039

response at 7/1/2024 3:33:55 PM:
OK




To localhost at 7/1/2024 3:44:03 PM:
REQUEST_TYPE=PfsLogin
WORK_CENTER=P00670
DATABASE=PFSMYP4
WORK_CENTER=P00670
USER_ID=pirala
PASSWORD=****
OPERATION_CODE=FCT1
PRODUCTION_ORDER=PMQ008637

response at 7/1/2024 3:44:05 PM:
OK




To localhost at 7/1/2024 3:44:06 PM:
REQUEST_TYPE=PfsSendResults
WORK_CENTER=P00670
DATABASE=PFSMYP4
WORK_CENTER=P00670
USER_ID=pirala
PASSWORD=****
OPERATION_CODE=FCT1
PRODUCTION_ORDER=PMQ008637
SERIAL_NUM=24240039
PASS_FAIL=P

response at 7/1/2024 3:44:08 PM:
OK




To localhost at 7/1/2024 3:48:58 PM:
REQUEST_TYPE=PfsGetItemInfo
DATABASE=PFSMYP4
USER_ID=pirala
PASSWORD=****
SERIAL_NUM=24240011
RETURN_VALUES=COMP_ITEM_NUMBER

response at 7/1/2024 3:49:01 PM:
OK
ROSSCMEMBUS-LFVAE
ROSSCMEMBUSPCBA-LFVAE




To localhost at 7/1/2024 3:49:01 PM:
REQUEST_TYPE=PfsQuery
WORK_CENTER=P00670
DATABASE=PFSMYP4
WORK_CENTER=P00670
USER_ID=pirala
PASSWORD=****
OPERATION_CODE=FCT1
PRODUCTION_ORDER=PMQ008637
SERIAL_NUM=24240011

response at 7/1/2024 3:49:03 PM:
OK




To localhost at 7/1/2024 3:57:57 PM:
REQUEST_TYPE=PfsLogin
WORK_CENTER=P00670
DATABASE=PFSMYP4
WORK_CENTER=P00670
USER_ID=pirala
PASSWORD=****
OPERATION_CODE=FCT1
PRODUCTION_ORDER=PMQ008637

response at 7/1/2024 3:57:59 PM:
OK




To localhost at 7/1/2024 3:58:00 PM:
REQUEST_TYPE=PfsSendResults
WORK_CENTER=P00670
DATABASE=PFSMYP4
WORK_CENTER=P00670
USER_ID=pirala
PASSWORD=****
OPERATION_CODE=FCT1
PRODUCTION_ORDER=PMQ008637
SERIAL_NUM=24240011
PASS_FAIL=P

response at 7/1/2024 3:58:02 PM:
OK




To localhost at 7/1/2024 3:58:24 PM:
REQUEST_TYPE=PfsGetItemInfo
DATABASE=PFSMYP4
USER_ID=pirala
PASSWORD=****
SERIAL_NUM=24240007
RETURN_VALUES=COMP_ITEM_NUMBER

response at 7/1/2024 3:58:26 PM:
OK
ROSSCMEMBUS-LFVAE
ROSSCMEMBUSPCBA-LFVAE




To localhost at 7/1/2024 3:58:26 PM:
REQUEST_TYPE=PfsQuery
WORK_CENTER=P00670
DATABASE=PFSMYP4
WORK_CENTER=P00670
USER_ID=pirala
PASSWORD=****
OPERATION_CODE=FCT1
PRODUCTION_ORDER=PMQ008637
SERIAL_NUM=24240007

response at 7/1/2024 3:58:28 PM:
OK




To localhost at 7/1/2024 4:08:36 PM:
REQUEST_TYPE=PfsLogin
WORK_CENTER=P00670
DATABASE=PFSMYP4
WORK_CENTER=P00670
USER_ID=pirala
PASSWORD=****
OPERATION_CODE=FCT1
PRODUCTION_ORDER=PMQ008637

response at 7/1/2024 4:08:39 PM:
OK




To localhost at 7/1/2024 4:08:39 PM:
REQUEST_TYPE=PfsSendResults
WORK_CENTER=P00670
DATABASE=PFSMYP4
WORK_CENTER=P00670
USER_ID=pirala
PASSWORD=****
OPERATION_CODE=FCT1
PRODUCTION_ORDER=PMQ008637
SERIAL_NUM=24240007
PASS_FAIL=P

response at 7/1/2024 4:08:41 PM:
OK




To localhost at 7/1/2024 4:09:36 PM:
REQUEST_TYPE=PfsGetItemInfo
DATABASE=PFSMYP4
USER_ID=pirala
PASSWORD=****
SERIAL_NUM=24240049
RETURN_VALUES=COMP_ITEM_NUMBER

response at 7/1/2024 4:09:38 PM:
OK
ROSSCMEMBUS-LFVAE
ROSSCMEMBUSPCBA-LFVAE




To localhost at 7/1/2024 4:09:38 PM:
REQUEST_TYPE=PfsQuery
WORK_CENTER=P00670
DATABASE=PFSMYP4
WORK_CENTER=P00670
USER_ID=pirala
PASSWORD=****
OPERATION_CODE=FCT1
PRODUCTION_ORDER=PMQ008637
SERIAL_NUM=24240049

response at 7/1/2024 4:09:40 PM:
PfsQuery Failure: Operation FCT1 is not valid for ROSSCMEMBUS-LFVAE::24240049. The next valid operations are: BURNIN_TEST




To localhost at 7/1/2024 4:11:12 PM:
REQUEST_TYPE=PfsGetItemInfo
DATABASE=PFSMYP4
USER_ID=pirala
PASSWORD=****
SERIAL_NUM=24240049
RETURN_VALUES=COMP_ITEM_NUMBER

response at 7/1/2024 4:11:14 PM:
OK
ROSSCMEMBUS-LFVAE
ROSSCMEMBUSPCBA-LFVAE




To localhost at 7/1/2024 4:11:14 PM:
REQUEST_TYPE=PfsQuery
WORK_CENTER=P00670
DATABASE=PFSMYP4
WORK_CENTER=P00670
USER_ID=pirala
PASSWORD=****
OPERATION_CODE=FCT1
PRODUCTION_ORDER=PMQ008637
SERIAL_NUM=24240049

response at 7/1/2024 4:11:16 PM:
OK




To localhost at 7/1/2024 4:25:41 PM:
REQUEST_TYPE=PfsLogin
WORK_CENTER=P00670
DATABASE=PFSMYP4
WORK_CENTER=P00670
USER_ID=pirala
PASSWORD=****
OPERATION_CODE=FCT1
PRODUCTION_ORDER=PMQ008637

response at 7/1/2024 4:25:43 PM:
OK




To localhost at 7/1/2024 4:25:44 PM:
REQUEST_TYPE=PfsSendResults
WORK_CENTER=P00670
DATABASE=PFSMYP4
WORK_CENTER=P00670
USER_ID=pirala
PASSWORD=****
OPERATION_CODE=FCT1
PRODUCTION_ORDER=PMQ008637
SERIAL_NUM=24240049
PASS_FAIL=P

response at 7/1/2024 4:25:46 PM:
OK




To localhost at 7/2/2024 12:33:51 AM:
REQUEST_TYPE=PfsLogin
WORK_CENTER=P00670
DATABASE=PFSMYP4
WORK_CENTER=P00670
USER_ID=bangun
PASSWORD=****
OPERATION_CODE=FCT1
PRODUCTION_ORDER=PMQ008637

response at 7/2/2024 12:33:54 AM:
OK




To localhost at 7/2/2024 12:33:54 AM:
REQUEST_TYPE=PfsGetItemInfo
DATABASE=PFSMYP4
USER_ID=bangun
PASSWORD=****
SERIAL_NUM=24240023
RETURN_VALUES=COMP_ITEM_NUMBER

response at 7/2/2024 12:33:56 AM:
OK
ROSSCMEMBUS-LFVAE
ROSSCMEMBUSPCBA-LFVAE




To localhost at 7/2/2024 12:33:56 AM:
REQUEST_TYPE=PfsQuery
WORK_CENTER=P00670
DATABASE=PFSMYP4
WORK_CENTER=P00670
USER_ID=bangun
PASSWORD=****
OPERATION_CODE=FCT1
PRODUCTION_ORDER=PMQ008637
SERIAL_NUM=24240023

response at 7/2/2024 12:33:58 AM:
OK




To localhost at 7/2/2024 12:41:22 AM:
REQUEST_TYPE=PfsLogin
WORK_CENTER=P00670
DATABASE=PFSMYP4
WORK_CENTER=P00670
USER_ID=bangun
PASSWORD=****
OPERATION_CODE=FCT1
PRODUCTION_ORDER=PMQ008637

response at 7/2/2024 12:41:24 AM:
OK




To localhost at 7/2/2024 12:41:25 AM:
REQUEST_TYPE=PfsGetItemInfo
DATABASE=PFSMYP4
USER_ID=bangun
PASSWORD=****
SERIAL_NUM=24240014
RETURN_VALUES=COMP_ITEM_NUMBER

response at 7/2/2024 12:41:27 AM:
OK
ROSSCMEMBUS-LFVAE
ROSSCMEMBUSPCBA-LFVAE




To localhost at 7/2/2024 12:41:27 AM:
REQUEST_TYPE=PfsQuery
WORK_CENTER=P00670
DATABASE=PFSMYP4
WORK_CENTER=P00670
USER_ID=bangun
PASSWORD=****
OPERATION_CODE=FCT1
PRODUCTION_ORDER=PMQ008637
SERIAL_NUM=24240014

response at 7/2/2024 12:41:29 AM:
OK




To localhost at 7/2/2024 12:50:26 AM:
REQUEST_TYPE=PfsLogin
WORK_CENTER=P00670
DATABASE=PFSMYP4
WORK_CENTER=P00670
USER_ID=bangun
PASSWORD=****
OPERATION_CODE=FCT1
PRODUCTION_ORDER=PMQ008637

response at 7/2/2024 12:50:28 AM:
OK




To localhost at 7/2/2024 12:50:29 AM:
REQUEST_TYPE=PfsSendResults
WORK_CENTER=P00670
DATABASE=PFSMYP4
WORK_CENTER=P00670
USER_ID=bangun
PASSWORD=****
OPERATION_CODE=FCT1
PRODUCTION_ORDER=PMQ008637
SERIAL_NUM=24240014
PASS_FAIL=P

response at 7/2/2024 12:50:31 AM:
OK




To localhost at 7/2/2024 12:51:33 AM:
REQUEST_TYPE=PfsGetItemInfo
DATABASE=PFSMYP4
USER_ID=bangun
PASSWORD=****
SERIAL_NUM=2424003024240030
RETURN_VALUES=COMP_ITEM_NUMBER

response at 7/2/2024 12:51:35 AM:
PfsGetItemInfo Failure: Serial Number 2424003024240030 not found




To localhost at 7/2/2024 12:52:21 AM:
REQUEST_TYPE=PfsLogin
WORK_CENTER=P00670
DATABASE=PFSMYP4
WORK_CENTER=P00670
USER_ID=bangun
PASSWORD=****
OPERATION_CODE=FCT1
PRODUCTION_ORDER=PMQ008637

response at 7/2/2024 12:52:23 AM:
OK




To localhost at 7/2/2024 12:52:23 AM:
REQUEST_TYPE=PfsGetItemInfo
DATABASE=PFSMYP4
USER_ID=bangun
PASSWORD=****
SERIAL_NUM=24240030
RETURN_VALUES=COMP_ITEM_NUMBER

response at 7/2/2024 12:52:25 AM:
OK
ROSSCMEMBUS-LFVAE
ROSSCMEMBUSPCBA-LFVAE




To localhost at 7/2/2024 12:52:25 AM:
REQUEST_TYPE=PfsQuery
WORK_CENTER=P00670
DATABASE=PFSMYP4
WORK_CENTER=P00670
USER_ID=bangun
PASSWORD=****
OPERATION_CODE=FCT1
PRODUCTION_ORDER=PMQ008637
SERIAL_NUM=24240030

response at 7/2/2024 12:52:27 AM:
OK




To localhost at 7/2/2024 1:03:25 AM:
REQUEST_TYPE=PfsLogin
WORK_CENTER=P00670
DATABASE=PFSMYP4
WORK_CENTER=P00670
USER_ID=bangun
PASSWORD=****
OPERATION_CODE=FCT1
PRODUCTION_ORDER=PMQ008637

response at 7/2/2024 1:03:27 AM:
OK




To localhost at 7/2/2024 1:03:28 AM:
REQUEST_TYPE=PfsSendResults
WORK_CENTER=P00670
DATABASE=PFSMYP4
WORK_CENTER=P00670
USER_ID=bangun
PASSWORD=****
OPERATION_CODE=FCT1
PRODUCTION_ORDER=PMQ008637
SERIAL_NUM=24240030
PASS_FAIL=P

response at 7/2/2024 1:03:30 AM:
OK




To localhost at 7/2/2024 1:03:46 AM:
REQUEST_TYPE=PfsGetItemInfo
DATABASE=PFSMYP4
USER_ID=bangun
PASSWORD=****
SERIAL_NUM=24240029
RETURN_VALUES=COMP_ITEM_NUMBER

response at 7/2/2024 1:03:48 AM:
OK
ROSSCMEMBUS-LFVAE
ROSSCMEMBUSPCBA-LFVAE




To localhost at 7/2/2024 1:03:48 AM:
REQUEST_TYPE=PfsQuery
WORK_CENTER=P00670
DATABASE=PFSMYP4
WORK_CENTER=P00670
USER_ID=bangun
PASSWORD=****
OPERATION_CODE=FCT1
PRODUCTION_ORDER=PMQ008637
SERIAL_NUM=24240029

response at 7/2/2024 1:03:50 AM:
OK




To localhost at 7/2/2024 1:17:54 AM:
REQUEST_TYPE=PfsLogin
WORK_CENTER=P00670
DATABASE=PFSMYP4
WORK_CENTER=P00670
USER_ID=bangun
PASSWORD=****
OPERATION_CODE=FCT1
PRODUCTION_ORDER=PMQ008637

response at 7/2/2024 1:17:57 AM:
OK




To localhost at 7/2/2024 1:17:58 AM:
REQUEST_TYPE=PfsSendResults
WORK_CENTER=P00670
DATABASE=PFSMYP4
WORK_CENTER=P00670
USER_ID=bangun
PASSWORD=****
OPERATION_CODE=FCT1
PRODUCTION_ORDER=PMQ008637
SERIAL_NUM=24240029
PASS_FAIL=P

response at 7/2/2024 1:18:00 AM:
OK




To localhost at 7/2/2024 1:18:18 AM:
REQUEST_TYPE=PfsGetItemInfo
DATABASE=PFSMYP4
USER_ID=bangun
PASSWORD=****
SERIAL_NUM=24240016
RETURN_VALUES=COMP_ITEM_NUMBER

response at 7/2/2024 1:18:20 AM:
OK
ROSSCMEMBUS-LFVAE
ROSSCMEMBUSPCBA-LFVAE




To localhost at 7/2/2024 1:18:20 AM:
REQUEST_TYPE=PfsQuery
WORK_CENTER=P00670
DATABASE=PFSMYP4
WORK_CENTER=P00670
USER_ID=bangun
PASSWORD=****
OPERATION_CODE=FCT1
PRODUCTION_ORDER=PMQ008637
SERIAL_NUM=24240016

response at 7/2/2024 1:18:22 AM:
OK




To localhost at 7/2/2024 1:28:48 AM:
REQUEST_TYPE=PfsLogin
WORK_CENTER=P00670
DATABASE=PFSMYP4
WORK_CENTER=P00670
USER_ID=bangun
PASSWORD=****
OPERATION_CODE=FCT1
PRODUCTION_ORDER=PMQ008637

response at 7/2/2024 1:28:50 AM:
OK




To localhost at 7/2/2024 1:28:51 AM:
REQUEST_TYPE=PfsGetItemInfo
DATABASE=PFSMYP4
USER_ID=bangun
PASSWORD=****
SERIAL_NUM=24240008
RETURN_VALUES=COMP_ITEM_NUMBER

response at 7/2/2024 1:28:53 AM:
OK
ROSSCMEMBUS-LFVAE
ROSSCMEMBUSPCBA-LFVAE




To localhost at 7/2/2024 1:28:53 AM:
REQUEST_TYPE=PfsQuery
WORK_CENTER=P00670
DATABASE=PFSMYP4
WORK_CENTER=P00670
USER_ID=bangun
PASSWORD=****
OPERATION_CODE=FCT1
PRODUCTION_ORDER=PMQ008637
SERIAL_NUM=24240008

response at 7/2/2024 1:28:55 AM:
OK




To localhost at 7/2/2024 1:45:28 AM:
REQUEST_TYPE=PfsLogin
WORK_CENTER=P00670
DATABASE=PFSMYP4
WORK_CENTER=P00670
USER_ID=bangun
PASSWORD=****
OPERATION_CODE=FCT1
PRODUCTION_ORDER=PMQ008637

response at 7/2/2024 1:45:31 AM:
OK




To localhost at 7/2/2024 1:45:31 AM:
REQUEST_TYPE=PfsGetItemInfo
DATABASE=PFSMYP4
USER_ID=bangun
PASSWORD=****
SERIAL_NUM=24240001
RETURN_VALUES=COMP_ITEM_NUMBER

response at 7/2/2024 1:45:33 AM:
OK
ROSSCMEMBUS-LFVAE
ROSSCMEMBUSPCBA-LFVAE




To localhost at 7/2/2024 1:45:33 AM:
REQUEST_TYPE=PfsQuery
WORK_CENTER=P00670
DATABASE=PFSMYP4
WORK_CENTER=P00670
USER_ID=bangun
PASSWORD=****
OPERATION_CODE=FCT1
PRODUCTION_ORDER=PMQ008637
SERIAL_NUM=24240001

response at 7/2/2024 1:45:35 AM:
OK




To localhost at 7/2/2024 2:00:38 AM:
REQUEST_TYPE=PfsLogin
WORK_CENTER=P00670
DATABASE=PFSMYP4
WORK_CENTER=P00670
USER_ID=bangun
PASSWORD=****
OPERATION_CODE=FCT1
PRODUCTION_ORDER=PMQ008637

response at 7/2/2024 2:00:41 AM:
OK




To localhost at 7/2/2024 2:00:41 AM:
REQUEST_TYPE=PfsGetItemInfo
DATABASE=PFSMYP4
USER_ID=bangun
PASSWORD=****
SERIAL_NUM=24240006
RETURN_VALUES=COMP_ITEM_NUMBER

response at 7/2/2024 2:00:43 AM:
OK
ROSSCMEMBUS-LFVAE
ROSSCMEMBUSPCBA-LFVAE




To localhost at 7/2/2024 2:00:43 AM:
REQUEST_TYPE=PfsQuery
WORK_CENTER=P00670
DATABASE=PFSMYP4
WORK_CENTER=P00670
USER_ID=bangun
PASSWORD=****
OPERATION_CODE=FCT1
PRODUCTION_ORDER=PMQ008637
SERIAL_NUM=24240006

response at 7/2/2024 2:00:45 AM:
OK




To localhost at 7/2/2024 2:01:54 AM:
REQUEST_TYPE=PfsLogin
WORK_CENTER=P00670
DATABASE=PFSMYP4
WORK_CENTER=P00670
USER_ID=bangun
PASSWORD=****
OPERATION_CODE=FCT1
PRODUCTION_ORDER=PMQ008637

response at 7/2/2024 2:01:56 AM:
OK




To localhost at 7/2/2024 2:01:56 AM:
REQUEST_TYPE=PfsGetItemInfo
DATABASE=PFSMYP4
USER_ID=bangun
PASSWORD=****
SERIAL_NUM=24240006
RETURN_VALUES=COMP_ITEM_NUMBER

response at 7/2/2024 2:01:58 AM:
OK
ROSSCMEMBUS-LFVAE
ROSSCMEMBUSPCBA-LFVAE




To localhost at 7/2/2024 2:01:58 AM:
REQUEST_TYPE=PfsQuery
WORK_CENTER=P00670
DATABASE=PFSMYP4
WORK_CENTER=P00670
USER_ID=bangun
PASSWORD=****
OPERATION_CODE=FCT1
PRODUCTION_ORDER=PMQ008637
SERIAL_NUM=24240006

response at 7/2/2024 2:02:00 AM:
OK




To localhost at 7/2/2024 3:31:30 AM:
REQUEST_TYPE=PfsLogin
WORK_CENTER=P00670
DATABASE=PFSMYP4
WORK_CENTER=P00670
USER_ID=bangun
PASSWORD=****
OPERATION_CODE=FCT1
PRODUCTION_ORDER=PMQ008637

response at 7/2/2024 3:31:33 AM:
OK




To localhost at 7/2/2024 3:31:33 AM:
REQUEST_TYPE=PfsGetItemInfo
DATABASE=PFSMYP4
USER_ID=bangun
PASSWORD=****
SERIAL_NUM=24240015
RETURN_VALUES=COMP_ITEM_NUMBER

response at 7/2/2024 3:31:35 AM:
OK
ROSSCMEMBUS-LFVAE
ROSSCMEMBUSPCBA-LFVAE




To localhost at 7/2/2024 3:31:35 AM:
REQUEST_TYPE=PfsQuery
WORK_CENTER=P00670
DATABASE=PFSMYP4
WORK_CENTER=P00670
USER_ID=bangun
PASSWORD=****
OPERATION_CODE=FCT1
PRODUCTION_ORDER=PMQ008637
SERIAL_NUM=24240015

response at 7/2/2024 3:31:37 AM:
OK




To localhost at 7/2/2024 3:37:31 AM:
REQUEST_TYPE=PfsLogin
WORK_CENTER=P00670
DATABASE=PFSMYP4
WORK_CENTER=P00670
USER_ID=bangun
PASSWORD=****
OPERATION_CODE=FCT1
PRODUCTION_ORDER=PMQ008637

response at 7/2/2024 3:37:34 AM:
OK




To localhost at 7/2/2024 3:37:35 AM:
REQUEST_TYPE=PfsSendResults
WORK_CENTER=P00670
DATABASE=PFSMYP4
WORK_CENTER=P00670
USER_ID=bangun
PASSWORD=****
OPERATION_CODE=FCT1
PRODUCTION_ORDER=PMQ008637
SERIAL_NUM=24240015
PASS_FAIL=F
FAILURE_CODE=-1
FAILURE_COMMENT=terminated

response at 7/2/2024 3:37:37 AM:
OK




To localhost at 7/2/2024 3:48:00 AM:
REQUEST_TYPE=PfsLogin
WORK_CENTER=P00670
DATABASE=PFSMYP4
WORK_CENTER=P00670
USER_ID=bangun
PASSWORD=****
OPERATION_CODE=FCT1
PRODUCTION_ORDER=PMQ008637

response at 7/2/2024 3:48:05 AM:
OK




To localhost at 7/2/2024 3:48:05 AM:
REQUEST_TYPE=PfsGetItemInfo
DATABASE=PFSMYP4
USER_ID=bangun
PASSWORD=****
SERIAL_NUM=24240050
RETURN_VALUES=COMP_ITEM_NUMBER

response at 7/2/2024 3:48:07 AM:
OK
ROSSCMEMBUS-LFVAE
ROSSCMEMBUSPCBA-LFVAE




To localhost at 7/2/2024 3:48:07 AM:
REQUEST_TYPE=PfsQuery
WORK_CENTER=P00670
DATABASE=PFSMYP4
WORK_CENTER=P00670
USER_ID=bangun
PASSWORD=****
OPERATION_CODE=FCT1
PRODUCTION_ORDER=PMQ008637
SERIAL_NUM=24240050

response at 7/2/2024 3:48:10 AM:
OK




To localhost at 7/2/2024 3:48:59 AM:
REQUEST_TYPE=PfsLogin
WORK_CENTER=P00670
DATABASE=PFSMYP4
WORK_CENTER=P00670
USER_ID=bangun
PASSWORD=****
OPERATION_CODE=FCT1
PRODUCTION_ORDER=PMQ008637

response at 7/2/2024 3:49:01 AM:
OK




To localhost at 7/2/2024 3:49:01 AM:
REQUEST_TYPE=PfsGetItemInfo
DATABASE=PFSMYP4
USER_ID=bangun
PASSWORD=****
SERIAL_NUM=24240050
RETURN_VALUES=COMP_ITEM_NUMBER

response at 7/2/2024 3:49:03 AM:
OK
ROSSCMEMBUS-LFVAE
ROSSCMEMBUSPCBA-LFVAE




To localhost at 7/2/2024 3:49:03 AM:
REQUEST_TYPE=PfsQuery
WORK_CENTER=P00670
DATABASE=PFSMYP4
WORK_CENTER=P00670
USER_ID=bangun
PASSWORD=****
OPERATION_CODE=FCT1
PRODUCTION_ORDER=PMQ008637
SERIAL_NUM=24240050

response at 7/2/2024 3:49:06 AM:
OK




To localhost at 7/2/2024 3:58:30 AM:
REQUEST_TYPE=PfsLogin
WORK_CENTER=P00670
DATABASE=PFSMYP4
WORK_CENTER=P00670
USER_ID=bangun
PASSWORD=****
OPERATION_CODE=FCT1
PRODUCTION_ORDER=PMQ008637

response at 7/2/2024 3:58:32 AM:
OK




To localhost at 7/2/2024 3:58:33 AM:
REQUEST_TYPE=PfsSendResults
WORK_CENTER=P00670
DATABASE=PFSMYP4
WORK_CENTER=P00670
USER_ID=bangun
PASSWORD=****
OPERATION_CODE=FCT1
PRODUCTION_ORDER=PMQ008637
SERIAL_NUM=24240050
PASS_FAIL=F
FAILURE_CODE=-1
FAILURE_COMMENT=TRS03.6 - GUI Object Sizes in Ratio in TRS03 - Ethernet Port 1 GUI Test

response at 7/2/2024 3:58:35 AM:
OK




To localhost at 7/2/2024 3:59:18 AM:
REQUEST_TYPE=PfsGetItemInfo
DATABASE=PFSMYP4
USER_ID=bangun
PASSWORD=****
SERIAL_NUM=24240038
RETURN_VALUES=COMP_ITEM_NUMBER

response at 7/2/2024 3:59:20 AM:
OK
ROSSCMEMBUS-LFVAE
ROSSCMEMBUSPCBA-LFVAE




To localhost at 7/2/2024 3:59:20 AM:
REQUEST_TYPE=PfsQuery
WORK_CENTER=P00670
DATABASE=PFSMYP4
WORK_CENTER=P00670
USER_ID=bangun
PASSWORD=****
OPERATION_CODE=FCT1
PRODUCTION_ORDER=PMQ008637
SERIAL_NUM=24240038

response at 7/2/2024 3:59:22 AM:
OK




To localhost at 7/2/2024 4:08:35 AM:
REQUEST_TYPE=PfsLogin
WORK_CENTER=P00670
DATABASE=PFSMYP4
WORK_CENTER=P00670
USER_ID=bangun
PASSWORD=****
OPERATION_CODE=FCT1
PRODUCTION_ORDER=PMQ008637

response at 7/2/2024 4:08:37 AM:
OK




To localhost at 7/2/2024 4:08:38 AM:
REQUEST_TYPE=PfsSendResults
WORK_CENTER=P00670
DATABASE=PFSMYP4
WORK_CENTER=P00670
USER_ID=bangun
PASSWORD=****
OPERATION_CODE=FCT1
PRODUCTION_ORDER=PMQ008637
SERIAL_NUM=24240038
PASS_FAIL=P

response at 7/2/2024 4:08:40 AM:
OK




To localhost at 7/2/2024 4:08:54 AM:
REQUEST_TYPE=PfsGetItemInfo
DATABASE=PFSMYP4
USER_ID=bangun
PASSWORD=****
SERIAL_NUM=24240018
RETURN_VALUES=COMP_ITEM_NUMBER

response at 7/2/2024 4:08:56 AM:
OK
ROSSCMEMBUS-LFVAE
ROSSCMEMBUSPCBA-LFVAE




To localhost at 7/2/2024 4:08:56 AM:
REQUEST_TYPE=PfsQuery
WORK_CENTER=P00670
DATABASE=PFSMYP4
WORK_CENTER=P00670
USER_ID=bangun
PASSWORD=****
OPERATION_CODE=FCT1
PRODUCTION_ORDER=PMQ008637
SERIAL_NUM=24240018

response at 7/2/2024 4:08:58 AM:
OK




To localhost at 7/2/2024 4:18:02 AM:
REQUEST_TYPE=PfsLogin
WORK_CENTER=P00670
DATABASE=PFSMYP4
WORK_CENTER=P00670
USER_ID=bangun
PASSWORD=****
OPERATION_CODE=FCT1
PRODUCTION_ORDER=PMQ008637

response at 7/2/2024 4:18:04 AM:
OK




To localhost at 7/2/2024 4:18:05 AM:
REQUEST_TYPE=PfsSendResults
WORK_CENTER=P00670
DATABASE=PFSMYP4
WORK_CENTER=P00670
USER_ID=bangun
PASSWORD=****
OPERATION_CODE=FCT1
PRODUCTION_ORDER=PMQ008637
SERIAL_NUM=24240018
PASS_FAIL=P

response at 7/2/2024 4:18:07 AM:
OK




To localhost at 7/2/2024 4:18:25 AM:
REQUEST_TYPE=PfsGetItemInfo
DATABASE=PFSMYP4
USER_ID=bangun
PASSWORD=****
SERIAL_NUM=24240022
RETURN_VALUES=COMP_ITEM_NUMBER

response at 7/2/2024 4:18:28 AM:
OK
ROSSCMEMBUS-LFVAE
ROSSCMEMBUSPCBA-LFVAE




To localhost at 7/2/2024 4:18:28 AM:
REQUEST_TYPE=PfsQuery
WORK_CENTER=P00670
DATABASE=PFSMYP4
WORK_CENTER=P00670
USER_ID=bangun
PASSWORD=****
OPERATION_CODE=FCT1
PRODUCTION_ORDER=PMQ008637
SERIAL_NUM=24240022

response at 7/2/2024 4:18:30 AM:
OK




To localhost at 7/2/2024 4:28:25 AM:
REQUEST_TYPE=PfsLogin
WORK_CENTER=P00670
DATABASE=PFSMYP4
WORK_CENTER=P00670
USER_ID=bangun
PASSWORD=****
OPERATION_CODE=FCT1
PRODUCTION_ORDER=PMQ008637

response at 7/2/2024 4:28:27 AM:
OK




To localhost at 7/2/2024 4:28:29 AM:
REQUEST_TYPE=PfsSendResults
WORK_CENTER=P00670
DATABASE=PFSMYP4
WORK_CENTER=P00670
USER_ID=bangun
PASSWORD=****
OPERATION_CODE=FCT1
PRODUCTION_ORDER=PMQ008637
SERIAL_NUM=24240022
PASS_FAIL=P

response at 7/2/2024 4:28:31 AM:
OK




To localhost at 7/2/2024 4:29:05 AM:
REQUEST_TYPE=PfsGetItemInfo
DATABASE=PFSMYP4
USER_ID=bangun
PASSWORD=****
SERIAL_NUM=24240010
RETURN_VALUES=COMP_ITEM_NUMBER

response at 7/2/2024 4:29:07 AM:
OK
ROSSCMEMBUS-LFVAE
ROSSCMEMBUSPCBA-LFVAE




To localhost at 7/2/2024 4:29:07 AM:
REQUEST_TYPE=PfsQuery
WORK_CENTER=P00670
DATABASE=PFSMYP4
WORK_CENTER=P00670
USER_ID=bangun
PASSWORD=****
OPERATION_CODE=FCT1
PRODUCTION_ORDER=PMQ008637
SERIAL_NUM=24240010

response at 7/2/2024 4:29:09 AM:
OK




To localhost at 7/2/2024 4:39:24 AM:
REQUEST_TYPE=PfsLogin
WORK_CENTER=P00670
DATABASE=PFSMYP4
WORK_CENTER=P00670
USER_ID=bangun
PASSWORD=****
OPERATION_CODE=FCT1
PRODUCTION_ORDER=PMQ008637

response at 7/2/2024 4:39:26 AM:
OK




To localhost at 7/2/2024 4:39:26 AM:
REQUEST_TYPE=PfsSendResults
WORK_CENTER=P00670
DATABASE=PFSMYP4
WORK_CENTER=P00670
USER_ID=bangun
PASSWORD=****
OPERATION_CODE=FCT1
PRODUCTION_ORDER=PMQ008637
SERIAL_NUM=24240010
PASS_FAIL=P

response at 7/2/2024 4:39:28 AM:
OK




To localhost at 7/2/2024 4:40:03 AM:
REQUEST_TYPE=PfsGetItemInfo
DATABASE=PFSMYP4
USER_ID=bangun
PASSWORD=****
SERIAL_NUM=24240025
RETURN_VALUES=COMP_ITEM_NUMBER

response at 7/2/2024 4:40:05 AM:
OK
ROSSCMEMBUS-LFVAE
ROSSCMEMBUSPCBA-LFVAE




To localhost at 7/2/2024 4:40:05 AM:
REQUEST_TYPE=PfsQuery
WORK_CENTER=P00670
DATABASE=PFSMYP4
WORK_CENTER=P00670
USER_ID=bangun
PASSWORD=****
OPERATION_CODE=FCT1
PRODUCTION_ORDER=PMQ008637
SERIAL_NUM=24240025

response at 7/2/2024 4:40:07 AM:
OK




To localhost at 7/2/2024 4:49:28 AM:
REQUEST_TYPE=PfsLogin
WORK_CENTER=P00670
DATABASE=PFSMYP4
WORK_CENTER=P00670
USER_ID=bangun
PASSWORD=****
OPERATION_CODE=FCT1
PRODUCTION_ORDER=PMQ008637

response at 7/2/2024 4:49:30 AM:
OK




To localhost at 7/2/2024 4:49:31 AM:
REQUEST_TYPE=PfsSendResults
WORK_CENTER=P00670
DATABASE=PFSMYP4
WORK_CENTER=P00670
USER_ID=bangun
PASSWORD=****
OPERATION_CODE=FCT1
PRODUCTION_ORDER=PMQ008637
SERIAL_NUM=24240025
PASS_FAIL=P

response at 7/2/2024 4:49:33 AM:
OK




To localhost at 7/2/2024 4:49:56 AM:
REQUEST_TYPE=PfsGetItemInfo
DATABASE=PFSMYP4
USER_ID=bangun
PASSWORD=****
SERIAL_NUM=24240035
RETURN_VALUES=COMP_ITEM_NUMBER

response at 7/2/2024 4:49:58 AM:
OK
ROSSCMEMBUS-LFVAE
ROSSCMEMBUSPCBA-LFVAE




To localhost at 7/2/2024 4:49:58 AM:
REQUEST_TYPE=PfsQuery
WORK_CENTER=P00670
DATABASE=PFSMYP4
WORK_CENTER=P00670
USER_ID=bangun
PASSWORD=****
OPERATION_CODE=FCT1
PRODUCTION_ORDER=PMQ008637
SERIAL_NUM=24240035

response at 7/2/2024 4:50:00 AM:
OK




To localhost at 7/2/2024 4:59:07 AM:
REQUEST_TYPE=PfsLogin
WORK_CENTER=P00670
DATABASE=PFSMYP4
WORK_CENTER=P00670
USER_ID=bangun
PASSWORD=****
OPERATION_CODE=FCT1
PRODUCTION_ORDER=PMQ008637

response at 7/2/2024 4:59:09 AM:
OK




To localhost at 7/2/2024 4:59:10 AM:
REQUEST_TYPE=PfsSendResults
WORK_CENTER=P00670
DATABASE=PFSMYP4
WORK_CENTER=P00670
USER_ID=bangun
PASSWORD=****
OPERATION_CODE=FCT1
PRODUCTION_ORDER=PMQ008637
SERIAL_NUM=24240035
PASS_FAIL=P

response at 7/2/2024 4:59:12 AM:
OK




To localhost at 7/2/2024 4:59:26 AM:
REQUEST_TYPE=PfsGetItemInfo
DATABASE=PFSMYP4
USER_ID=bangun
PASSWORD=****
SERIAL_NUM=24240036
RETURN_VALUES=COMP_ITEM_NUMBER

response at 7/2/2024 4:59:28 AM:
OK
ROSSCMEMBUS-LFVAE
ROSSCMEMBUSPCBA-LFVAE




To localhost at 7/2/2024 4:59:28 AM:
REQUEST_TYPE=PfsQuery
WORK_CENTER=P00670
DATABASE=PFSMYP4
WORK_CENTER=P00670
USER_ID=bangun
PASSWORD=****
OPERATION_CODE=FCT1
PRODUCTION_ORDER=PMQ008637
SERIAL_NUM=24240036

response at 7/2/2024 4:59:30 AM:
OK




To localhost at 7/2/2024 5:09:07 AM:
REQUEST_TYPE=PfsLogin
WORK_CENTER=P00670
DATABASE=PFSMYP4
WORK_CENTER=P00670
USER_ID=bangun
PASSWORD=****
OPERATION_CODE=FCT1
PRODUCTION_ORDER=PMQ008637

response at 7/2/2024 5:09:09 AM:
OK




To localhost at 7/2/2024 5:09:10 AM:
REQUEST_TYPE=PfsSendResults
WORK_CENTER=P00670
DATABASE=PFSMYP4
WORK_CENTER=P00670
USER_ID=bangun
PASSWORD=****
OPERATION_CODE=FCT1
PRODUCTION_ORDER=PMQ008637
SERIAL_NUM=24240036
PASS_FAIL=P

response at 7/2/2024 5:09:12 AM:
OK




To localhost at 7/2/2024 5:09:27 AM:
REQUEST_TYPE=PfsGetItemInfo
DATABASE=PFSMYP4
USER_ID=bangun
PASSWORD=****
SERIAL_NUM=24240045
RETURN_VALUES=COMP_ITEM_NUMBER

response at 7/2/2024 5:09:29 AM:
OK
ROSSCMEMBUS-LFVAE
ROSSCMEMBUSPCBA-LFVAE




To localhost at 7/2/2024 5:09:29 AM:
REQUEST_TYPE=PfsQuery
WORK_CENTER=P00670
DATABASE=PFSMYP4
WORK_CENTER=P00670
USER_ID=bangun
PASSWORD=****
OPERATION_CODE=FCT1
PRODUCTION_ORDER=PMQ008637
SERIAL_NUM=24240045

response at 7/2/2024 5:09:32 AM:
OK




To localhost at 7/2/2024 5:18:57 AM:
REQUEST_TYPE=PfsLogin
WORK_CENTER=P00670
DATABASE=PFSMYP4
WORK_CENTER=P00670
USER_ID=bangun
PASSWORD=****
OPERATION_CODE=FCT1
PRODUCTION_ORDER=PMQ008637

response at 7/2/2024 5:18:59 AM:
OK




To localhost at 7/2/2024 5:18:59 AM:
REQUEST_TYPE=PfsSendResults
WORK_CENTER=P00670
DATABASE=PFSMYP4
WORK_CENTER=P00670
USER_ID=bangun
PASSWORD=****
OPERATION_CODE=FCT1
PRODUCTION_ORDER=PMQ008637
SERIAL_NUM=24240045
PASS_FAIL=P

response at 7/2/2024 5:19:01 AM:
OK




To localhost at 7/2/2024 5:19:28 AM:
REQUEST_TYPE=PfsGetItemInfo
DATABASE=PFSMYP4
USER_ID=bangun
PASSWORD=****
SERIAL_NUM=24240013
RETURN_VALUES=COMP_ITEM_NUMBER

response at 7/2/2024 5:19:30 AM:
OK
ROSSCMEMBUS-LFVAE
ROSSCMEMBUSPCBA-LFVAE




To localhost at 7/2/2024 5:19:30 AM:
REQUEST_TYPE=PfsQuery
WORK_CENTER=P00670
DATABASE=PFSMYP4
WORK_CENTER=P00670
USER_ID=bangun
PASSWORD=****
OPERATION_CODE=FCT1
PRODUCTION_ORDER=PMQ008637
SERIAL_NUM=24240013

response at 7/2/2024 5:19:32 AM:
OK




To localhost at 7/2/2024 5:28:47 AM:
REQUEST_TYPE=PfsLogin
WORK_CENTER=P00670
DATABASE=PFSMYP4
WORK_CENTER=P00670
USER_ID=bangun
PASSWORD=****
OPERATION_CODE=FCT1
PRODUCTION_ORDER=PMQ008637

response at 7/2/2024 5:28:49 AM:
OK




To localhost at 7/2/2024 5:28:49 AM:
REQUEST_TYPE=PfsSendResults
WORK_CENTER=P00670
DATABASE=PFSMYP4
WORK_CENTER=P00670
USER_ID=bangun
PASSWORD=****
OPERATION_CODE=FCT1
PRODUCTION_ORDER=PMQ008637
SERIAL_NUM=24240013
PASS_FAIL=P

response at 7/2/2024 5:28:51 AM:
OK




To localhost at 7/2/2024 5:29:20 AM:
REQUEST_TYPE=PfsGetItemInfo
DATABASE=PFSMYP4
USER_ID=bangun
PASSWORD=****
SERIAL_NUM=24240043
RETURN_VALUES=COMP_ITEM_NUMBER

response at 7/2/2024 5:29:22 AM:
OK
ROSSCMEMBUS-LFVAE
ROSSCMEMBUSPCBA-LFVAE




To localhost at 7/2/2024 5:29:22 AM:
REQUEST_TYPE=PfsQuery
WORK_CENTER=P00670
DATABASE=PFSMYP4
WORK_CENTER=P00670
USER_ID=bangun
PASSWORD=****
OPERATION_CODE=FCT1
PRODUCTION_ORDER=PMQ008637
SERIAL_NUM=24240043

response at 7/2/2024 5:29:24 AM:
OK




To localhost at 7/2/2024 5:38:40 AM:
REQUEST_TYPE=PfsLogin
WORK_CENTER=P00670
DATABASE=PFSMYP4
WORK_CENTER=P00670
USER_ID=bangun
PASSWORD=****
OPERATION_CODE=FCT1
PRODUCTION_ORDER=PMQ008637

response at 7/2/2024 5:38:42 AM:
OK




To localhost at 7/2/2024 5:38:42 AM:
REQUEST_TYPE=PfsSendResults
WORK_CENTER=P00670
DATABASE=PFSMYP4
WORK_CENTER=P00670
USER_ID=bangun
PASSWORD=****
OPERATION_CODE=FCT1
PRODUCTION_ORDER=PMQ008637
SERIAL_NUM=24240043
PASS_FAIL=P

response at 7/2/2024 5:38:44 AM:
OK




To localhost at 7/2/2024 5:39:00 AM:
REQUEST_TYPE=PfsGetItemInfo
DATABASE=PFSMYP4
USER_ID=bangun
PASSWORD=****
SERIAL_NUM=24240006
RETURN_VALUES=COMP_ITEM_NUMBER

response at 7/2/2024 5:39:02 AM:
OK
ROSSCMEMBUS-LFVAE
ROSSCMEMBUSPCBA-LFVAE




To localhost at 7/2/2024 5:39:02 AM:
REQUEST_TYPE=PfsQuery
WORK_CENTER=P00670
DATABASE=PFSMYP4
WORK_CENTER=P00670
USER_ID=bangun
PASSWORD=****
OPERATION_CODE=FCT1
PRODUCTION_ORDER=PMQ008637
SERIAL_NUM=24240006

response at 7/2/2024 5:39:05 AM:
OK




To localhost at 7/2/2024 5:48:23 AM:
REQUEST_TYPE=PfsLogin
WORK_CENTER=P00670
DATABASE=PFSMYP4
WORK_CENTER=P00670
USER_ID=bangun
PASSWORD=****
OPERATION_CODE=FCT1
PRODUCTION_ORDER=PMQ008637

response at 7/2/2024 5:48:25 AM:
OK




To localhost at 7/2/2024 5:48:25 AM:
REQUEST_TYPE=PfsSendResults
WORK_CENTER=P00670
DATABASE=PFSMYP4
WORK_CENTER=P00670
USER_ID=bangun
PASSWORD=****
OPERATION_CODE=FCT1
PRODUCTION_ORDER=PMQ008637
SERIAL_NUM=24240006
PASS_FAIL=P

response at 7/2/2024 5:48:27 AM:
OK




To localhost at 7/2/2024 5:48:42 AM:
REQUEST_TYPE=PfsGetItemInfo
DATABASE=PFSMYP4
USER_ID=bangun
PASSWORD=****
SERIAL_NUM=24240001
RETURN_VALUES=COMP_ITEM_NUMBER

response at 7/2/2024 5:48:44 AM:
OK
ROSSCMEMBUS-LFVAE
ROSSCMEMBUSPCBA-LFVAE




To localhost at 7/2/2024 5:48:44 AM:
REQUEST_TYPE=PfsQuery
WORK_CENTER=P00670
DATABASE=PFSMYP4
WORK_CENTER=P00670
USER_ID=bangun
PASSWORD=****
OPERATION_CODE=FCT1
PRODUCTION_ORDER=PMQ008637
SERIAL_NUM=24240001

response at 7/2/2024 5:48:46 AM:
OK




To localhost at 7/2/2024 5:59:15 AM:
REQUEST_TYPE=PfsLogin
WORK_CENTER=P00670
DATABASE=PFSMYP4
WORK_CENTER=P00670
USER_ID=bangun
PASSWORD=****
OPERATION_CODE=FCT1
PRODUCTION_ORDER=PMQ008637

response at 7/2/2024 5:59:17 AM:
OK




To localhost at 7/2/2024 5:59:17 AM:
REQUEST_TYPE=PfsSendResults
WORK_CENTER=P00670
DATABASE=PFSMYP4
WORK_CENTER=P00670
USER_ID=bangun
PASSWORD=****
OPERATION_CODE=FCT1
PRODUCTION_ORDER=PMQ008637
SERIAL_NUM=24240001
PASS_FAIL=P

response at 7/2/2024 5:59:19 AM:
OK




To localhost at 7/2/2024 5:59:32 AM:
REQUEST_TYPE=PfsGetItemInfo
DATABASE=PFSMYP4
USER_ID=bangun
PASSWORD=****
SERIAL_NUM=24240016
RETURN_VALUES=COMP_ITEM_NUMBER

response at 7/2/2024 5:59:34 AM:
OK
ROSSCMEMBUS-LFVAE
ROSSCMEMBUSPCBA-LFVAE




To localhost at 7/2/2024 5:59:34 AM:
REQUEST_TYPE=PfsQuery
WORK_CENTER=P00670
DATABASE=PFSMYP4
WORK_CENTER=P00670
USER_ID=bangun
PASSWORD=****
OPERATION_CODE=FCT1
PRODUCTION_ORDER=PMQ008637
SERIAL_NUM=24240016

response at 7/2/2024 5:59:36 AM:
OK




To localhost at 7/2/2024 6:09:50 AM:
REQUEST_TYPE=PfsLogin
WORK_CENTER=P00670
DATABASE=PFSMYP4
WORK_CENTER=P00670
USER_ID=bangun
PASSWORD=****
OPERATION_CODE=FCT1
PRODUCTION_ORDER=PMQ008637

response at 7/2/2024 6:09:52 AM:
OK




To localhost at 7/2/2024 6:09:53 AM:
REQUEST_TYPE=PfsSendResults
WORK_CENTER=P00670
DATABASE=PFSMYP4
WORK_CENTER=P00670
USER_ID=bangun
PASSWORD=****
OPERATION_CODE=FCT1
PRODUCTION_ORDER=PMQ008637
SERIAL_NUM=24240016
PASS_FAIL=P

response at 7/2/2024 6:09:55 AM:
OK




To localhost at 7/2/2024 6:12:13 AM:
REQUEST_TYPE=PfsGetItemInfo
DATABASE=PFSMYP4
USER_ID=bangun
PASSWORD=****
SERIAL_NUM=24240023
RETURN_VALUES=COMP_ITEM_NUMBER

response at 7/2/2024 6:12:15 AM:
OK
ROSSCMEMBUS-LFVAE
ROSSCMEMBUSPCBA-LFVAE




To localhost at 7/2/2024 6:12:15 AM:
REQUEST_TYPE=PfsQuery
WORK_CENTER=P00670
DATABASE=PFSMYP4
WORK_CENTER=P00670
USER_ID=bangun
PASSWORD=****
OPERATION_CODE=FCT1
PRODUCTION_ORDER=PMQ008637
SERIAL_NUM=24240023

response at 7/2/2024 6:12:17 AM:
OK




To localhost at 7/2/2024 6:21:29 AM:
REQUEST_TYPE=PfsLogin
WORK_CENTER=P00670
DATABASE=PFSMYP4
WORK_CENTER=P00670
USER_ID=bangun
PASSWORD=****
OPERATION_CODE=FCT1
PRODUCTION_ORDER=PMQ008637

response at 7/2/2024 6:21:31 AM:
OK




To localhost at 7/2/2024 6:21:31 AM:
REQUEST_TYPE=PfsSendResults
WORK_CENTER=P00670
DATABASE=PFSMYP4
WORK_CENTER=P00670
USER_ID=bangun
PASSWORD=****
OPERATION_CODE=FCT1
PRODUCTION_ORDER=PMQ008637
SERIAL_NUM=24240023
PASS_FAIL=P

response at 7/2/2024 6:21:34 AM:
OK




To localhost at 7/2/2024 6:22:12 AM:
REQUEST_TYPE=PfsGetItemInfo
DATABASE=PFSMYP4
USER_ID=bangun
PASSWORD=****
SERIAL_NUM=24240008
RETURN_VALUES=COMP_ITEM_NUMBER

response at 7/2/2024 6:22:14 AM:
OK
ROSSCMEMBUS-LFVAE
ROSSCMEMBUSPCBA-LFVAE




To localhost at 7/2/2024 6:22:14 AM:
REQUEST_TYPE=PfsQuery
WORK_CENTER=P00670
DATABASE=PFSMYP4
WORK_CENTER=P00670
USER_ID=bangun
PASSWORD=****
OPERATION_CODE=FCT1
PRODUCTION_ORDER=PMQ008637
SERIAL_NUM=24240008

response at 7/2/2024 6:22:16 AM:
OK




To localhost at 7/2/2024 6:34:44 AM:
REQUEST_TYPE=PfsLogin
WORK_CENTER=P00670
DATABASE=PFSMYP4
WORK_CENTER=P00670
USER_ID=bangun
PASSWORD=****
OPERATION_CODE=FCT1
PRODUCTION_ORDER=PMQ008637

response at 7/2/2024 6:34:46 AM:
OK




To localhost at 7/2/2024 6:34:48 AM:
REQUEST_TYPE=PfsSendResults
WORK_CENTER=P00670
DATABASE=PFSMYP4
WORK_CENTER=P00670
USER_ID=bangun
PASSWORD=****
OPERATION_CODE=FCT1
PRODUCTION_ORDER=PMQ008637
SERIAL_NUM=24240008
PASS_FAIL=P

response at 7/2/2024 6:34:50 AM:
OK




To localhost at 7/2/2024 6:35:42 AM:
REQUEST_TYPE=PfsGetItemInfo
DATABASE=PFSMYP4
USER_ID=bangun
PASSWORD=****
SERIAL_NUM=24240015
RETURN_VALUES=COMP_ITEM_NUMBER

response at 7/2/2024 6:35:44 AM:
OK
ROSSCMEMBUS-LFVAE
ROSSCMEMBUSPCBA-LFVAE




To localhost at 7/2/2024 6:35:44 AM:
REQUEST_TYPE=PfsQuery
WORK_CENTER=P00670
DATABASE=PFSMYP4
WORK_CENTER=P00670
USER_ID=bangun
PASSWORD=****
OPERATION_CODE=FCT1
PRODUCTION_ORDER=PMQ008637
SERIAL_NUM=24240015

response at 7/2/2024 6:35:46 AM:
OK




To localhost at 7/2/2024 6:46:20 AM:
REQUEST_TYPE=PfsLogin
WORK_CENTER=P00670
DATABASE=PFSMYP4
WORK_CENTER=P00670
USER_ID=bangun
PASSWORD=****
OPERATION_CODE=FCT1
PRODUCTION_ORDER=PMQ008637

response at 7/2/2024 6:46:22 AM:
OK




To localhost at 7/2/2024 6:46:23 AM:
REQUEST_TYPE=PfsSendResults
WORK_CENTER=P00670
DATABASE=PFSMYP4
WORK_CENTER=P00670
USER_ID=bangun
PASSWORD=****
OPERATION_CODE=FCT1
PRODUCTION_ORDER=PMQ008637
SERIAL_NUM=24240015
PASS_FAIL=P

response at 7/2/2024 6:46:25 AM:
OK




To localhost at 7/2/2024 6:46:45 AM:
REQUEST_TYPE=PfsGetItemInfo
DATABASE=PFSMYP4
USER_ID=bangun
PASSWORD=****
SERIAL_NUM=24240050
RETURN_VALUES=COMP_ITEM_NUMBER

response at 7/2/2024 6:46:47 AM:
OK
ROSSCMEMBUS-LFVAE
ROSSCMEMBUSPCBA-LFVAE




To localhost at 7/2/2024 6:46:47 AM:
REQUEST_TYPE=PfsQuery
WORK_CENTER=P00670
DATABASE=PFSMYP4
WORK_CENTER=P00670
USER_ID=bangun
PASSWORD=****
OPERATION_CODE=FCT1
PRODUCTION_ORDER=PMQ008637
SERIAL_NUM=24240050

response at 7/2/2024 6:46:49 AM:
OK




To localhost at 7/2/2024 6:56:02 AM:
REQUEST_TYPE=PfsLogin
WORK_CENTER=P00670
DATABASE=PFSMYP4
WORK_CENTER=P00670
USER_ID=bangun
PASSWORD=****
OPERATION_CODE=FCT1
PRODUCTION_ORDER=PMQ008637

response at 7/2/2024 6:56:04 AM:
OK




To localhost at 7/2/2024 6:56:05 AM:
REQUEST_TYPE=PfsSendResults
WORK_CENTER=P00670
DATABASE=PFSMYP4
WORK_CENTER=P00670
USER_ID=bangun
PASSWORD=****
OPERATION_CODE=FCT1
PRODUCTION_ORDER=PMQ008637
SERIAL_NUM=24240050
PASS_FAIL=P

response at 7/2/2024 6:56:07 AM:
OK




