    26/6/2026 3:05:05 PM ProcessModelError
Error Code: 0, Code Module/User-defined error code.
Message: 'Open Com Error
LabVIEW: (Hex 0x0) Error connecting to GPIB driver or device. The NI-488.2 driver may not be installed.
=========================
Error connecting to driver or device. The NI-488.2 driver may not be installed.
=========================
VISA:  (Hex 0x0) Operation completed successfully.' at step 'Initialize Feasa' in seq 'ProcessModelPostStepRuntimeError'

    26/6/2026 3:05:52 PM ProcessModelError
Error Code: -1074001908, Code Module/User-defined error code.
Message: 'GENser Initialize.vi -> PPS_TDK_Lambda.vi -> TDK_Set_Volt_Curr.vi  When first addressing the Genesys power supply, did not receive response.

Sent command:           "ADR 06"
Received response:    none (timeout error)

1. Check Genesys address setting
2. Check Genesys BAUD rate settings
3. Check "VISA name" control, COMn or ASRLn
4. Check Genesys setting for RS-232 or RS-485
5. Check cable type, either RS-232 or RS-485
6. Check cable to J3 IN or J3 OUT 
' at step 'Disable PPS#3' in seq 'ProcessModelPostStepRuntimeError'

    26/6/2026 3:06:05 PM ProcessModelError
Error Code: -17320, Unknown function or sequence name.
Message: 'Error calling sequence Disconnect Serial Port.
Unknown function or sequence name 'Disconnect Serial Port'.' at step 'Disconnect Serial Port' in seq 'ProcessModelPostStepRuntimeError'

    26/6/2026 3:10:38 PM ProcessModelError
Error Code: 0, Code Module/User-defined error code.
Message: 'Open Com Error
LabVIEW: (Hex 0x0) Error connecting to GPIB driver or device. The NI-488.2 driver may not be installed.
=========================
Error connecting to driver or device. The NI-488.2 driver may not be installed.
=========================
VISA:  (Hex 0x0) Operation completed successfully.' at step 'Initialize Feasa' in seq 'ProcessModelPostStepRuntimeError'

    26/6/2026 3:11:47 PM ProcessModelError
Error Code: 0, Code Module/User-defined error code.
Message: 'Open Com Error
LabVIEW: (Hex 0x0) Error connecting to GPIB driver or device. The NI-488.2 driver may not be installed.
=========================
Error connecting to driver or device. The NI-488.2 driver may not be installed.
=========================
VISA:  (Hex 0x0) Operation completed successfully.' at step 'Initialize Feasa' in seq 'ProcessModelPostStepRuntimeError'

    26/6/2026 3:11:50 PM ProcessModelError
Error Code: -1074001908, Code Module/User-defined error code.
Message: 'GENser Initialize.vi -> PPS_TDK_Lambda.vi -> TDK_Set_Volt_Curr.vi  When first addressing the Genesys power supply, did not receive response.

Sent command:           "ADR 06"
Received response:    none (timeout error)

1. Check Genesys address setting
2. Check Genesys BAUD rate settings
3. Check "VISA name" control, COMn or ASRLn
4. Check Genesys setting for RS-232 or RS-485
5. Check cable type, either RS-232 or RS-485
6. Check cable to J3 IN or J3 OUT 
' at step 'Disable PPS#3' in seq 'ProcessModelPostStepRuntimeError'

    26/6/2026 3:17:30 PM ProcessModelError
Error Code: 0, Code Module/User-defined error code.
Message: 'Open Com Error
LabVIEW: (Hex 0x0) Error connecting to GPIB driver or device. The NI-488.2 driver may not be installed.
=========================
Error connecting to driver or device. The NI-488.2 driver may not be installed.
=========================
VISA:  (Hex 0x0) Operation completed successfully.' at step 'Initialize Feasa' in seq 'ProcessModelPostStepRuntimeError'

    26/6/2026 3:20:55 PM ProcessModelError
Error Code: -1074001908, Code Module/User-defined error code.
Message: 'GENser Initialize.vi -> PPS_TDK_Lambda.vi -> TDK_Set_Volt_Curr.vi  When first addressing the Genesys power supply, did not receive response.

Sent command:           "ADR 06"
Received response:    none (timeout error)

1. Check Genesys address setting
2. Check Genesys BAUD rate settings
3. Check "VISA name" control, COMn or ASRLn
4. Check Genesys setting for RS-232 or RS-485
5. Check cable type, either RS-232 or RS-485
6. Check cable to J3 IN or J3 OUT 
' at step 'Disable PPS#3' in seq 'ProcessModelPostStepRuntimeError'

    26/6/2026 3:22:02 PM ProcessModelError
Error Code: -1074001908, Code Module/User-defined error code.
Message: 'GENser Initialize.vi -> PPS_TDK_Lambda.vi -> TDK_Set_Volt_Curr.vi  When first addressing the Genesys power supply, did not receive response.

Sent command:           "ADR 06"
Received response:    none (timeout error)

1. Check Genesys address setting
2. Check Genesys BAUD rate settings
3. Check "VISA name" control, COMn or ASRLn
4. Check Genesys setting for RS-232 or RS-485
5. Check cable type, either RS-232 or RS-485
6. Check cable to J3 IN or J3 OUT 
' at step 'Enable PPS#3' in seq 'ProcessModelPostStepRuntimeError'

    26/6/2026 3:23:36 PM ProcessModelError
Error Code: -1074001908, Code Module/User-defined error code.
Message: 'GENser Initialize.vi -> PPS_TDK_Lambda.vi -> TDK_Set_Volt_Curr.vi  When first addressing the Genesys power supply, did not receive response.

Sent command:           "ADR 06"
Received response:    none (timeout error)

1. Check Genesys address setting
2. Check Genesys BAUD rate settings
3. Check "VISA name" control, COMn or ASRLn
4. Check Genesys setting for RS-232 or RS-485
5. Check cable type, either RS-232 or RS-485
6. Check cable to J3 IN or J3 OUT 
' at step 'Disable PPS#3' in seq 'ProcessModelPostStepRuntimeError'

    26/6/2026 3:27:47 PM ProcessModelError
Error Code: -17348, Mismatched items or unmatched item.
Message: 'Error executing 'Select' step.
Error in step '' at index 6 in step group Main of sequence 'Configure PPS'.
The End step for a Case step must be followed by another Case step or by the End step for the enclosing Select block.' at step 'Select' in seq 'ProcessModelPostStepRuntimeError'

    26/6/2026 3:28:43 PM ProcessModelError
Error Code: -1074001908, Code Module/User-defined error code.
Message: 'GENser Initialize.vi -> PPS_TDK_Lambda.vi -> TDK_Set_Volt_Curr.vi  When first addressing the Genesys power supply, did not receive response.

Sent command:           "ADR 06"
Received response:    none (timeout error)

1. Check Genesys address setting
2. Check Genesys BAUD rate settings
3. Check "VISA name" control, COMn or ASRLn
4. Check Genesys setting for RS-232 or RS-485
5. Check cable type, either RS-232 or RS-485
6. Check cable to J3 IN or J3 OUT 
' at step 'Disable PPS#3' in seq 'ProcessModelPostStepRuntimeError'

    26/6/2026 3:30:25 PM ProcessModelError
Error Code: -17306, Unknown variable or property name.
Message: 'Parameter 'Port':
Unknown variable or property name 'FileGlobals.Sensor.Port3'.' at step 'Read Fixture Detected' in seq 'ProcessModelPostStepRuntimeError'

    26/6/2026 3:30:47 PM ProcessModelError
Error Code: -1074001908, Code Module/User-defined error code.
Message: 'GENser Initialize.vi -> PPS_TDK_Lambda.vi -> TDK_Set_Volt_Curr.vi  When first addressing the Genesys power supply, did not receive response.

Sent command:           "ADR 06"
Received response:    none (timeout error)

1. Check Genesys address setting
2. Check Genesys BAUD rate settings
3. Check "VISA name" control, COMn or ASRLn
4. Check Genesys setting for RS-232 or RS-485
5. Check cable type, either RS-232 or RS-485
6. Check cable to J3 IN or J3 OUT 
' at step 'Disable PPS#3' in seq 'ProcessModelPostStepRuntimeError'

    26/6/2026 3:32:11 PM ProcessModelError
Error Code: -17306, Unknown variable or property name.
Message: 'Parameter 'Port':
Unknown variable or property name 'FileGlobals.Valve.Port0'.' at step 'Enable Main Valve' in seq 'ProcessModelPostStepRuntimeError'

    26/6/2026 3:33:39 PM ProcessModelError
Error Code: -1074001908, Code Module/User-defined error code.
Message: 'GENser Initialize.vi -> PPS_TDK_Lambda.vi -> TDK_Set_Volt_Curr.vi  When first addressing the Genesys power supply, did not receive response.

Sent command:           "ADR 06"
Received response:    none (timeout error)

1. Check Genesys address setting
2. Check Genesys BAUD rate settings
3. Check "VISA name" control, COMn or ASRLn
4. Check Genesys setting for RS-232 or RS-485
5. Check cable type, either RS-232 or RS-485
6. Check cable to J3 IN or J3 OUT 
' at step 'Disable PPS#3' in seq 'ProcessModelPostStepRuntimeError'

    26/6/2026 3:36:25 PM ProcessModelError
Error Code: -1074001908, Code Module/User-defined error code.
Message: 'GENser Initialize.vi -> PPS_TDK_Lambda.vi -> TDK_Set_Volt_Curr.vi  When first addressing the Genesys power supply, did not receive response.

Sent command:           "ADR 06"
Received response:    none (timeout error)

1. Check Genesys address setting
2. Check Genesys BAUD rate settings
3. Check "VISA name" control, COMn or ASRLn
4. Check Genesys setting for RS-232 or RS-485
5. Check cable type, either RS-232 or RS-485
6. Check cable to J3 IN or J3 OUT 
' at step 'Disable PPS#3' in seq 'ProcessModelPostStepRuntimeError'

TST-C-ROS-T2935    26/6/2026 6:55:44 PM ProcessModelError
Error Code: -1074000000, Code Module/User-defined error code.
Message: 'BK Precision 8500B Series.lvlib:Error Query.vi
Instrument reports:
-200,"Execution error"
0,"No error"



Complete call chain:
     BK Precision 8500B Series.lvlib:Error Query.vi
     BK Precision 8500B Series.lvlib:Enable Input.vi
     BK Precision 8500B Series.lvlib:Enable Input.vi.ProxyCaller
LabVIEW: (Hex 0xBFFC0F80) Instrument error query failure.' at step 'Enable/Disable E-Load1' in seq 'ProcessModelPostStepRuntimeError'

TST-C-ROS-T2935    26/6/2026 6:55:50 PM ProcessModelError
Error Code: -1074000000, Code Module/User-defined error code.
Message: 'BK Precision 8500B Series.lvlib:Error Query.vi
Instrument reports:
-200,"Execution error"
0,"No error"



Complete call chain:
     BK Precision 8500B Series.lvlib:Error Query.vi
     BK Precision 8500B Series.lvlib:Enable Input.vi
     BK Precision 8500B Series.lvlib:Enable Input.vi.ProxyCaller
LabVIEW: (Hex 0xBFFC0F80) Instrument error query failure.' at step 'Enable/Disable E-Load1' in seq 'ProcessModelPostStepRuntimeError'

TST-C-ROS-T2935    26/6/2026 6:56:58 PM ProcessModelError
Error Code: -17300, Value invalid or out of range.
Message: 'Error executing step post action.
Cannot find go to target. The step 'ID#:V21KGTUk7BG6gAAwGAiQvD' is not in the current sequence.' at step 'Goto' in seq 'ProcessModelPostStepRuntimeError'

TST-C-ROS-T2935    26/6/2026 6:58:01 PM ProcessModelError
Error Code: -17306, Unknown variable or property name.
Message: 'Parameter 'Line':
Unknown variable or property name 'FileGlobals.Relay.Port1.TLA_VLoad_GND'.' at step 'Enable TLA_OUT_GND (K22)' in seq 'ProcessModelPostStepRuntimeError'

TST-C-ROS-T2935    26/6/2026 8:23:02 PM ProcessModelError
Error Code: -17306, Unknown variable or property name.
Message: 'The status expression for the step 'TRS01.1 - VLoad Voltage On ' could not be evaluated.
Error in call to expression function 'CheckLimits'.

Error in Low Limit Expression:
Unknown variable or property name 'FileGlobals.TestLimit.Power_Up_Test'.' at step 'TRS01.1 - VLoad Voltage On ' in seq 'ProcessModelPostStepRuntimeError'

TST-C-ROS-T2935    26/6/2026 8:41:27 PM ProcessModelError
Error Code: -200170, Code Module/User-defined error code.
Message: 'DAQmx Create Channel (DO-Digital Output).vi:6970006
Device: USB6509
Physical Channel Name: port/line

Task Name: _unnamedTask<AA5>
Physical channel specified does not exist on this device.

Refer to the documentation for channels available on this device.' at step 'Trigger Measured Pins' in seq 'ProcessModelPostStepRuntimeError'

TST-C-ROS-T2935    26/6/2026 8:43:50 PM ProcessModelError
Error Code: -17300, Value invalid or out of range.
Message: 'Error executing step post action.
Cannot find go to target. The step 'ID#:V21KGTUk7BG6gAAwGAiQvD' is not in the current sequence.' at step 'Goto' in seq 'ProcessModelPostStepRuntimeError'

TST-C-ROS-T2935    26/6/2026 8:48:22 PM ProcessModelError
Error Code: -1074000000, Code Module/User-defined error code.
Message: 'Agilent 3446X Series.lvlib:Error Query.vi
Instrument reports:
-222,"Data out of range"
+0,"No error"



Complete call chain:
     Agilent 3446X Series.lvlib:Error Query.vi
     Agilent 3446X Series.lvlib:Configure Voltage.vi
     Agilent 3446X Series.lvlib:Configure Voltage.vi.ProxyCaller
LabVIEW: (Hex 0xBFFC0F80) Instrument error query failure.' at step 'Configure Voltage' in seq 'ProcessModelPostStepRuntimeError'

    26/6/2026 9:42:33 PM ProcessModelError
Error Code: 0, Code Module/User-defined error code.
Message: 'Open Com Error
LabVIEW: (Hex 0x0) Error connecting to GPIB driver or device. The NI-488.2 driver may not be installed.
=========================
Error connecting to driver or device. The NI-488.2 driver may not be installed.
=========================
VISA:  (Hex 0x0) Operation completed successfully.' at step 'Initialize Feasa' in seq 'ProcessModelPostStepRuntimeError'

    26/6/2026 9:43:11 PM ProcessModelError
Error Code: 0, Code Module/User-defined error code.
Message: 'Open Com Error
LabVIEW: (Hex 0x0) Error connecting to GPIB driver or device. The NI-488.2 driver may not be installed.
=========================
Error connecting to driver or device. The NI-488.2 driver may not be installed.
=========================
VISA:  (Hex 0x0) Operation completed successfully.' at step 'Initialize Feasa' in seq 'ProcessModelPostStepRuntimeError'

    29/6/2026 10:46:04 AM ProcessModelError
Error Code: 0, Code Module/User-defined error code.
Message: 'Open Com Error
LabVIEW: (Hex 0x0) Error connecting to GPIB driver or device. The NI-488.2 driver may not be installed.
=========================
Error connecting to driver or device. The NI-488.2 driver may not be installed.
=========================
VISA:  (Hex 0x0) Operation completed successfully.' at step 'Initialize Feasa' in seq 'ProcessModelPostStepRuntimeError'

TST-C-ROS-T2935    29/6/2026 2:00:32 PM ProcessModelError
Error Code: -1074000000, Code Module/User-defined error code.
Message: 'BK Precision 8500B Series.lvlib:Error Query.vi
Instrument reports:
-200,"Execution error"
0,"No error"



Complete call chain:
     BK Precision 8500B Series.lvlib:Error Query.vi
     BK Precision 8500B Series.lvlib:Enable Input.vi
     BK Precision 8500B Series.lvlib:Enable Input.vi.ProxyCaller
LabVIEW: (Hex 0xBFFC0F80) Instrument error query failure.' at step 'Enable/Disable E-Load1' in seq 'ProcessModelPostStepRuntimeError'

TST-C-ROS-T2935    29/6/2026 2:00:40 PM ProcessModelError
Error Code: -1074000000, Code Module/User-defined error code.
Message: 'BK Precision 8500B Series.lvlib:Error Query.vi
Instrument reports:
-200,"Execution error"
0,"No error"



Complete call chain:
     BK Precision 8500B Series.lvlib:Error Query.vi
     BK Precision 8500B Series.lvlib:Enable Input.vi
     BK Precision 8500B Series.lvlib:Enable Input.vi.ProxyCaller
LabVIEW: (Hex 0xBFFC0F80) Instrument error query failure.' at step 'Enable/Disable E-Load1' in seq 'ProcessModelPostStepRuntimeError'

    30/6/2026 1:20:11 PM ProcessModelError
Error Code: -200587, Code Module/User-defined error code.
Message: 'DAQmx Start Task.vi:7220008
Device: USB6509

Task Name: _unnamedTask<3B8C>
Requested operation could not be performed, because the specified digital lines are either reserved or the device is not present in NI-DAQmx.

It is possible that these lines are reserved by another task or the device is being reset. If you are using these lines with another task, wait for the task to complete. If you want to force the other task to relinquish the device, reset the device. If you are resetting the device, wait for the reset to finish.' at step 'Enable Main Valve' in seq 'ProcessModelPostStepRuntimeError'

TST-C-ROS-T2935    30/6/2026 1:43:26 PM ProcessModelError
Error Code: -1073807339, Code Module/User-defined error code.
Message: 'VISA Read in GENser Write to Instrument.vi->GENser Config Output On-Off.vi
VISA:  (Hex 0xBFFF0015) Timeout expired before operation completed.' at step 'PPS1 Output' in seq 'ProcessModelPostStepRuntimeError'

    30/6/2026 2:42:48 PM ProcessModelError
Error Code: 0, Code Module/User-defined error code.
Message: 'Open Com Error
LabVIEW: (Hex 0x0) Error connecting to GPIB driver or device. The NI-488.2 driver may not be installed.
=========================
Error connecting to driver or device. The NI-488.2 driver may not be installed.
=========================
VISA:  (Hex 0x0) Operation completed successfully.' at step 'Initialize Feasa' in seq 'ProcessModelPostStepRuntimeError'

TST-C-ROS-T2935    30/6/2026 3:30:58 PM ProcessModelError
Error Code: -17348, Mismatched items or unmatched item.
Message: 'Error executing 'Select' step.
Error in step '' at index 5 in step group Main of sequence 'Readback PPS Current'.
The End step for a Case step must be followed by another Case step or by the End step for the enclosing Select block.' at step 'Select' in seq 'ProcessModelPostStepRuntimeError'

TST-C-ROS-T2935    30/6/2026 3:34:39 PM ProcessModelError
Error Code: -17348, Mismatched items or unmatched item.
Message: 'Error executing 'Select' step.
Error in step '' at index 5 in step group Main of sequence 'Readback PPS Current'.
The End step for a Case step must be followed by another Case step or by the End step for the enclosing Select block.' at step 'Select' in seq 'ProcessModelPostStepRuntimeError'

TST-C-ROS-T2935    30/6/2026 3:49:14 PM ProcessModelError
Error Code: -17348, Mismatched items or unmatched item.
Message: 'Error executing 'Select' step.
Error in step '' at index 5 in step group Main of sequence 'Readback PPS Current'.
The End step for a Case step must be followed by another Case step or by the End step for the enclosing Select block.' at step 'Select' in seq 'ProcessModelPostStepRuntimeError'

TST-C-ROS-T2935    30/6/2026 4:23:20 PM ProcessModelError
Error Code: -17306, Unknown variable or property name.
Message: 'The post-expression for the step 'Calculate Efficiency' could not be evaluated.
Unknown variable or property name 'FileGlobals.TestResult.Battery_Output_Power'.' at step 'Calculate Efficiency' in seq 'ProcessModelPostStepRuntimeError'

    30/6/2026 4:44:42 PM ProcessModelError
Error Code: -1073807339, Code Module/User-defined error code.
Message: 'VISA Read in BK Precision 8500B Series.lvlib:Error Query.vi->BK Precision 8500B Series.lvlib:Close.vi
VISA:  (Hex 0xBFFF0015) Timeout expired before operation completed.' at step 'Disconnect E-Load1' in seq 'ProcessModelPostStepRuntimeError'

TST-C-ROS-T2935    30/6/2026 5:14:52 PM ProcessModelError
Error Code: -1074001403, Code Module/User-defined error code.
Message: 'GENser Write to Instrument.vi -> GENser Config Current Limit.vi  Error sending command to Genesys addr 00:
"PC 30.000000"

Setting out of range.  Attempt to program a setting outside of the model rating.' at step 'PPS1 Current' in seq 'ProcessModelPostStepRuntimeError'

TST-C-ROS-T2935    30/6/2026 5:16:41 PM ProcessModelError
Error Code: -1074001403, Code Module/User-defined error code.
Message: 'GENser Write to Instrument.vi -> GENser Config Current Limit.vi  Error sending command to Genesys addr 00:
"PC 29.000000"

Setting out of range.  Attempt to program a setting outside of the model rating.' at step 'PPS1 Current' in seq 'ProcessModelPostStepRuntimeError'

    1/7/2026 9:31:42 AM ProcessModelError
Error Code: 0, Code Module/User-defined error code.
Message: 'Open Com Error
LabVIEW: (Hex 0x0) Error connecting to GPIB driver or device. The NI-488.2 driver may not be installed.
=========================
Error connecting to driver or device. The NI-488.2 driver may not be installed.
=========================
VISA:  (Hex 0x0) Operation completed successfully.' at step 'Initialize Feasa' in seq 'ProcessModelPostStepRuntimeError'

    1/7/2026 10:42:09 AM ProcessModelError
Error Code: 0, Code Module/User-defined error code.
Message: 'Open Com Error
LabVIEW: (Hex 0x0) Error connecting to GPIB driver or device. The NI-488.2 driver may not be installed.
=========================
Error connecting to driver or device. The NI-488.2 driver may not be installed.
=========================
VISA:  (Hex 0x0) Operation completed successfully.' at step 'Initialize Feasa' in seq 'ProcessModelPostStepRuntimeError'

TST-C-ROS-T2935    1/7/2026 10:48:22 AM ProcessModelError
Error Code: -17347, The expression cannot be empty.
Message: 'Error executing 'If' step.
The expression cannot be empty.' at step 'If' in seq 'ProcessModelPostStepRuntimeError'

TST-C-ROS-T2935    1/7/2026 11:00:58 AM ProcessModelError
Error Code: -17306, Unknown variable or property name.
Message: 'The post-expression for the step 'Initialize Loop' could not be evaluated.
Unknown variable or property name 'Locals.LoopIndex'.' at step 'Initialize Loop' in seq 'ProcessModelPostStepRuntimeError'

TST-C-ROS-T2935    1/7/2026 2:01:24 PM ProcessModelError
Error Code: 5000, Code Module/User-defined error code.
Message: 'Parse_pyWebscraper_Data.vi
Row specified is not found within array


Complete call chain:
     Parse_pyWebscraper_Data.vi
     Parse_pyWebscraper_Data.vi.ProxyCaller' at step 'TRS07.7.1 - SDU System Temperature' in seq 'ProcessModelPostStepRuntimeError'

TST-C-ROS-T2935    1/7/2026 2:02:51 PM ProcessModelError
Error Code: 5000, Code Module/User-defined error code.
Message: 'Parse_pyWebscraper_Data.vi
Row specified is not found within array


Complete call chain:
     Parse_pyWebscraper_Data.vi
     Parse_pyWebscraper_Data.vi.ProxyCaller' at step 'TRS07.7.1 - SDU System Temperature' in seq 'ProcessModelPostStepRuntimeError'

TST-C-ROS-T2935    1/7/2026 2:45:55 PM ProcessModelError
Error Code: -1074000000, Code Module/User-defined error code.
Message: 'BK Precision 8500B Series.lvlib:Error Query.vi
Instrument reports:
-200,"Execution error"
-200,"Execution error"
0,"No error"



Complete call chain:
     BK Precision 8500B Series.lvlib:Error Query.vi
     BK Precision 8500B Series.lvlib:Configure Operation Mode.vi
     BK Precision 8500B Series.lvlib:Configure Operation Mode.vi.ProxyCaller
LabVIEW: (Hex 0xBFFC0F80) Instrument error query failure.' at step 'Set E-Load2 Operation Mode' in seq 'ProcessModelPostStepRuntimeError'

TST-C-ROS-T2935    1/7/2026 2:46:00 PM ProcessModelError
Error Code: -1074000000, Code Module/User-defined error code.
Message: 'BK Precision 8500B Series.lvlib:Error Query.vi
Instrument reports:
-200,"Execution error"
0,"No error"



Complete call chain:
     BK Precision 8500B Series.lvlib:Error Query.vi
     BK Precision 8500B Series.lvlib:Enable Input.vi
     BK Precision 8500B Series.lvlib:Enable Input.vi.ProxyCaller
LabVIEW: (Hex 0xBFFC0F80) Instrument error query failure.' at step 'Enable/Disable E-Load2' in seq 'ProcessModelPostStepRuntimeError'

TST-C-ROS-T2935    1/7/2026 3:14:48 PM ProcessModelError
Error Code: 5000, Code Module/User-defined error code.
Message: 'Parse_pyWebscraper_Data.vi
Row specified is not found within array


Complete call chain:
     Parse_pyWebscraper_Data.vi
     Parse_pyWebscraper_Data.vi.ProxyCaller' at step 'TRS07.7.1 - SDU System Temperature' in seq 'ProcessModelPostStepRuntimeError'

TST-C-ROS-T2935    1/7/2026 3:17:29 PM ProcessModelError
Error Code: 5000, Code Module/User-defined error code.
Message: 'Parse_pyWebscraper_Data.vi
Column specified is not found within array


Complete call chain:
     Parse_pyWebscraper_Data.vi
     Parse_pyWebscraper_Data.vi.ProxyCaller' at step 'TRS07.7.1 - SDU System Temperature' in seq 'ProcessModelPostStepRuntimeError'

TST-C-ROS-T2935    1/7/2026 3:18:55 PM ProcessModelError
Error Code: 5000, Code Module/User-defined error code.
Message: 'Parse_pyWebscraper_Data.vi
Column specified is not found within array


Complete call chain:
     Parse_pyWebscraper_Data.vi
     Parse_pyWebscraper_Data.vi.ProxyCaller' at step 'TRS07.7.2 - SDU User System Name' in seq 'ProcessModelPostStepRuntimeError'

TST-C-ROS-T2935    1/7/2026 4:24:33 PM ProcessModelError
Error Code: -17306, Unknown variable or property name.
Message: 'The status expression for the step 'TRS07.4.1 - 64 Events Displayed Correctly' could not be evaluated.
Error in call to expression function 'Evaluate'.
Unknown variable or property name 'Step.Result.PassFail'.' at step 'TRS07.4.1 - 64 Events Displayed Correctly' in seq 'ProcessModelPostStepRuntimeError'

TST-C-ROS-T2935    1/7/2026 6:33:07 PM ProcessModelError
Error Code: 5000, Code Module/User-defined error code.
Message: 'Parse_pyWebscraper_Data.vi
Row specified is not found within array


Complete call chain:
     Parse_pyWebscraper_Data.vi
     Parse_pyWebscraper_Data.vi.ProxyCaller' at step 'TRS07.7.3 - SDU User Device Name' in seq 'ProcessModelPostStepRuntimeError'

TST-C-ROS-T2935    3/7/2026 6:53:43 AM ProcessModelError
Error Code: -1074000000, Code Module/User-defined error code.
Message: 'BK Precision 8500B Series.lvlib:Error Query.vi
Instrument reports:
-200,"Execution error"
0,"No error"



Complete call chain:
     BK Precision 8500B Series.lvlib:Error Query.vi
     BK Precision 8500B Series.lvlib:Enable Input.vi
     BK Precision 8500B Series.lvlib:Enable Input.vi.ProxyCaller
LabVIEW: (Hex 0xBFFC0F80) Instrument error query failure.' at step 'Enable/Disable E-Load1' in seq 'ProcessModelPostStepRuntimeError'

TST-C-ROS-T2935    3/7/2026 6:53:49 AM ProcessModelError
Error Code: -1074000000, Code Module/User-defined error code.
Message: 'BK Precision 8500B Series.lvlib:Error Query.vi
Instrument reports:
-200,"Execution error"
0,"No error"



Complete call chain:
     BK Precision 8500B Series.lvlib:Error Query.vi
     BK Precision 8500B Series.lvlib:Enable Input.vi
     BK Precision 8500B Series.lvlib:Enable Input.vi.ProxyCaller
LabVIEW: (Hex 0xBFFC0F80) Instrument error query failure.' at step 'Enable/Disable E-Load1' in seq 'ProcessModelPostStepRuntimeError'

TST-C-ROS-T2935    9/7/2026 11:50:37 AM ProcessModelError
Error Code: -17306, Unknown variable or property name.
Message: 'The post-expression for the step 'Statement' could not be evaluated.
Unknown variable or property name 'Parameters.UUTcorrect'.' at step 'Statement' in seq 'ProcessModelPostStepRuntimeError'

TST-C-ROS-T2935    9/7/2026 1:22:47 PM ProcessModelError
Error Code: -17306, Unknown variable or property name.
Message: 'The post-expression for the step 'Statement' could not be evaluated.
Unknown variable or property name 'Parameters.UUTcorrect'.' at step 'Statement' in seq 'ProcessModelPostStepRuntimeError'

TST-C-ROS-T2935    9/7/2026 1:22:48 PM ProcessModelError
Error Code: -17306, Unknown variable or property name.
Message: 'The post-expression for the step 'Statement' could not be evaluated.
Unknown variable or property name 'Parameters.UUTcorrect'.' at step 'Statement' in seq 'ProcessModelPostStepRuntimeError'

TST-C-ROS-T2935    9/7/2026 1:22:49 PM ProcessModelError
Error Code: -17306, Unknown variable or property name.
Message: 'The post-expression for the step 'Statement' could not be evaluated.
Unknown variable or property name 'Parameters.UUTcorrect'.' at step 'Statement' in seq 'ProcessModelPostStepRuntimeError'

TST-C-ROS-T2935    9/7/2026 1:22:49 PM ProcessModelError
Error Code: -17306, Unknown variable or property name.
Message: 'The post-expression for the step 'Statement' could not be evaluated.
Unknown variable or property name 'Parameters.UUTcorrect'.' at step 'Statement' in seq 'ProcessModelPostStepRuntimeError'

TST-C-ROS-T2935    9/7/2026 1:22:49 PM ProcessModelError
Error Code: -17306, Unknown variable or property name.
Message: 'The post-expression for the step 'Statement' could not be evaluated.
Unknown variable or property name 'Parameters.UUTcorrect'.' at step 'Statement' in seq 'ProcessModelPostStepRuntimeError'

TST-C-ROS-T2935    9/7/2026 1:22:50 PM ProcessModelError
Error Code: -17306, Unknown variable or property name.
Message: 'The post-expression for the step 'Statement' could not be evaluated.
Unknown variable or property name 'Parameters.UUTcorrect'.' at step 'Statement' in seq 'ProcessModelPostStepRuntimeError'

TST-C-ROS-T2935    9/7/2026 1:22:50 PM ProcessModelError
Error Code: -17306, Unknown variable or property name.
Message: 'The post-expression for the step 'Statement' could not be evaluated.
Unknown variable or property name 'Parameters.UUTcorrect'.' at step 'Statement' in seq 'ProcessModelPostStepRuntimeError'

TST-C-ROS-T2935    9/7/2026 1:22:50 PM ProcessModelError
Error Code: -17306, Unknown variable or property name.
Message: 'The post-expression for the step 'Statement' could not be evaluated.
Unknown variable or property name 'Parameters.UUTcorrect'.' at step 'Statement' in seq 'ProcessModelPostStepRuntimeError'

TST-C-ROS-T2935    9/7/2026 1:22:51 PM ProcessModelError
Error Code: -17306, Unknown variable or property name.
Message: 'The post-expression for the step 'Statement' could not be evaluated.
Unknown variable or property name 'Parameters.UUTcorrect'.' at step 'Statement' in seq 'ProcessModelPostStepRuntimeError'

TST-C-ROS-T2935    9/7/2026 1:22:51 PM ProcessModelError
Error Code: -17306, Unknown variable or property name.
Message: 'The post-expression for the step 'Statement' could not be evaluated.
Unknown variable or property name 'Parameters.UUTcorrect'.' at step 'Statement' in seq 'ProcessModelPostStepRuntimeError'

TST-C-ROS-T2935    9/7/2026 1:22:51 PM ProcessModelError
Error Code: -17306, Unknown variable or property name.
Message: 'The post-expression for the step 'Statement' could not be evaluated.
Unknown variable or property name 'Parameters.UUTcorrect'.' at step 'Statement' in seq 'ProcessModelPostStepRuntimeError'

TST-C-ROS-T2935    9/7/2026 1:22:51 PM ProcessModelError
Error Code: -17306, Unknown variable or property name.
Message: 'The post-expression for the step 'Statement' could not be evaluated.
Unknown variable or property name 'Parameters.UUTcorrect'.' at step 'Statement' in seq 'ProcessModelPostStepRuntimeError'

TST-C-ROS-T2935    9/7/2026 1:22:52 PM ProcessModelError
Error Code: -17306, Unknown variable or property name.
Message: 'The post-expression for the step 'Statement' could not be evaluated.
Unknown variable or property name 'Parameters.UUTcorrect'.' at step 'Statement' in seq 'ProcessModelPostStepRuntimeError'

TST-C-ROS-T2935    9/7/2026 1:22:52 PM ProcessModelError
Error Code: -17306, Unknown variable or property name.
Message: 'The post-expression for the step 'Statement' could not be evaluated.
Unknown variable or property name 'Parameters.UUTcorrect'.' at step 'Statement' in seq 'ProcessModelPostStepRuntimeError'

TST-C-ROS-T2935    9/7/2026 1:22:52 PM ProcessModelError
Error Code: -17306, Unknown variable or property name.
Message: 'The post-expression for the step 'Statement' could not be evaluated.
Unknown variable or property name 'Parameters.UUTcorrect'.' at step 'Statement' in seq 'ProcessModelPostStepRuntimeError'

TST-C-ROS-T2935    9/7/2026 1:22:53 PM ProcessModelError
Error Code: -17306, Unknown variable or property name.
Message: 'The post-expression for the step 'Statement' could not be evaluated.
Unknown variable or property name 'Parameters.UUTcorrect'.' at step 'Statement' in seq 'ProcessModelPostStepRuntimeError'

TST-C-ROS-T2935    9/7/2026 1:22:53 PM ProcessModelError
Error Code: -17306, Unknown variable or property name.
Message: 'The post-expression for the step 'Statement' could not be evaluated.
Unknown variable or property name 'Parameters.UUTcorrect'.' at step 'Statement' in seq 'ProcessModelPostStepRuntimeError'

TST-C-ROS-T2935    9/7/2026 1:22:53 PM ProcessModelError
Error Code: -17306, Unknown variable or property name.
Message: 'The post-expression for the step 'Statement' could not be evaluated.
Unknown variable or property name 'Parameters.UUTcorrect'.' at step 'Statement' in seq 'ProcessModelPostStepRuntimeError'

TST-C-ROS-T2935    9/7/2026 1:22:54 PM ProcessModelError
Error Code: -17306, Unknown variable or property name.
Message: 'The post-expression for the step 'Statement' could not be evaluated.
Unknown variable or property name 'Parameters.UUTcorrect'.' at step 'Statement' in seq 'ProcessModelPostStepRuntimeError'

    9/7/2026 3:24:58 PM ProcessModelError
Error Code: 0, Code Module/User-defined error code.
Message: 'Open Com Error
LabVIEW: (Hex 0x0) Error connecting to GPIB driver or device. The NI-488.2 driver may not be installed.
=========================
Error connecting to driver or device. The NI-488.2 driver may not be installed.
=========================
VISA:  (Hex 0x0) Operation completed successfully.' at step 'Initialize Feasa' in seq 'ProcessModelPostStepRuntimeError'

    9/7/2026 3:25:15 PM ProcessModelError
Error Code: 0, Code Module/User-defined error code.
Message: 'Open Com Error
LabVIEW: (Hex 0x0) Error connecting to GPIB driver or device. The NI-488.2 driver may not be installed.
=========================
Error connecting to driver or device. The NI-488.2 driver may not be installed.
=========================
VISA:  (Hex 0x0) Operation completed successfully.' at step 'Initialize Feasa' in seq 'ProcessModelPostStepRuntimeError'

TST-C-ROS-T2935    9/7/2026 3:50:41 PM ProcessModelError
Error Code: -17306, Unknown variable or property name.
Message: 'The post-expression for the step 'Statement' could not be evaluated.
Unknown variable or property name 'Parameters.UUTcorrect'.' at step 'Statement' in seq 'ProcessModelPostStepRuntimeError'

TST-C-ROS-T2935    9/7/2026 3:50:54 PM ProcessModelError
Error Code: -17306, Unknown variable or property name.
Message: 'The post-expression for the step 'Statement' could not be evaluated.
Unknown variable or property name 'Parameters.UUTcorrect'.' at step 'Statement' in seq 'ProcessModelPostStepRuntimeError'

TST-C-ROS-T2935    9/7/2026 3:50:54 PM ProcessModelError
Error Code: -17306, Unknown variable or property name.
Message: 'The post-expression for the step 'Statement' could not be evaluated.
Unknown variable or property name 'Parameters.UUTcorrect'.' at step 'Statement' in seq 'ProcessModelPostStepRuntimeError'

TST-C-ROS-T2935    9/7/2026 3:50:55 PM ProcessModelError
Error Code: -17306, Unknown variable or property name.
Message: 'The post-expression for the step 'Statement' could not be evaluated.
Unknown variable or property name 'Parameters.UUTcorrect'.' at step 'Statement' in seq 'ProcessModelPostStepRuntimeError'

TST-C-ROS-T2935    9/7/2026 3:50:55 PM ProcessModelError
Error Code: -17306, Unknown variable or property name.
Message: 'The post-expression for the step 'Statement' could not be evaluated.
Unknown variable or property name 'Parameters.UUTcorrect'.' at step 'Statement' in seq 'ProcessModelPostStepRuntimeError'

TST-C-ROS-T2935    9/7/2026 3:50:55 PM ProcessModelError
Error Code: -17306, Unknown variable or property name.
Message: 'The post-expression for the step 'Statement' could not be evaluated.
Unknown variable or property name 'Parameters.UUTcorrect'.' at step 'Statement' in seq 'ProcessModelPostStepRuntimeError'

TST-C-ROS-T2935    9/7/2026 3:50:56 PM ProcessModelError
Error Code: -17306, Unknown variable or property name.
Message: 'The post-expression for the step 'Statement' could not be evaluated.
Unknown variable or property name 'Parameters.UUTcorrect'.' at step 'Statement' in seq 'ProcessModelPostStepRuntimeError'

TST-C-ROS-T2935    9/7/2026 3:50:56 PM ProcessModelError
Error Code: -17306, Unknown variable or property name.
Message: 'The post-expression for the step 'Statement' could not be evaluated.
Unknown variable or property name 'Parameters.UUTcorrect'.' at step 'Statement' in seq 'ProcessModelPostStepRuntimeError'

TST-C-ROS-T2935    9/7/2026 3:50:56 PM ProcessModelError
Error Code: -17306, Unknown variable or property name.
Message: 'The post-expression for the step 'Statement' could not be evaluated.
Unknown variable or property name 'Parameters.UUTcorrect'.' at step 'Statement' in seq 'ProcessModelPostStepRuntimeError'

TST-C-ROS-T2935    9/7/2026 3:50:57 PM ProcessModelError
Error Code: -17306, Unknown variable or property name.
Message: 'The post-expression for the step 'Statement' could not be evaluated.
Unknown variable or property name 'Parameters.UUTcorrect'.' at step 'Statement' in seq 'ProcessModelPostStepRuntimeError'

TST-C-ROS-T2935    9/7/2026 3:50:57 PM ProcessModelError
Error Code: -17306, Unknown variable or property name.
Message: 'The post-expression for the step 'Statement' could not be evaluated.
Unknown variable or property name 'Parameters.UUTcorrect'.' at step 'Statement' in seq 'ProcessModelPostStepRuntimeError'

TST-C-ROS-T2935    9/7/2026 3:50:57 PM ProcessModelError
Error Code: -17306, Unknown variable or property name.
Message: 'The post-expression for the step 'Statement' could not be evaluated.
Unknown variable or property name 'Parameters.UUTcorrect'.' at step 'Statement' in seq 'ProcessModelPostStepRuntimeError'

TST-C-ROS-T2935    9/7/2026 3:50:58 PM ProcessModelError
Error Code: -17306, Unknown variable or property name.
Message: 'The post-expression for the step 'Statement' could not be evaluated.
Unknown variable or property name 'Parameters.UUTcorrect'.' at step 'Statement' in seq 'ProcessModelPostStepRuntimeError'

TST-C-ROS-T2935    9/7/2026 3:50:58 PM ProcessModelError
Error Code: -17306, Unknown variable or property name.
Message: 'The post-expression for the step 'Statement' could not be evaluated.
Unknown variable or property name 'Parameters.UUTcorrect'.' at step 'Statement' in seq 'ProcessModelPostStepRuntimeError'

TST-C-ROS-T2935    9/7/2026 3:50:58 PM ProcessModelError
Error Code: -17306, Unknown variable or property name.
Message: 'The post-expression for the step 'Statement' could not be evaluated.
Unknown variable or property name 'Parameters.UUTcorrect'.' at step 'Statement' in seq 'ProcessModelPostStepRuntimeError'

TST-C-ROS-T2935    9/7/2026 3:50:58 PM ProcessModelError
Error Code: -17306, Unknown variable or property name.
Message: 'The post-expression for the step 'Statement' could not be evaluated.
Unknown variable or property name 'Parameters.UUTcorrect'.' at step 'Statement' in seq 'ProcessModelPostStepRuntimeError'

TST-C-ROS-T2935    9/7/2026 3:50:59 PM ProcessModelError
Error Code: -17306, Unknown variable or property name.
Message: 'The post-expression for the step 'Statement' could not be evaluated.
Unknown variable or property name 'Parameters.UUTcorrect'.' at step 'Statement' in seq 'ProcessModelPostStepRuntimeError'

TST-C-ROS-T2935    9/7/2026 3:50:59 PM ProcessModelError
Error Code: -17306, Unknown variable or property name.
Message: 'The post-expression for the step 'Statement' could not be evaluated.
Unknown variable or property name 'Parameters.UUTcorrect'.' at step 'Statement' in seq 'ProcessModelPostStepRuntimeError'

TST-C-ROS-T2935    9/7/2026 3:50:59 PM ProcessModelError
Error Code: -17306, Unknown variable or property name.
Message: 'The post-expression for the step 'Statement' could not be evaluated.
Unknown variable or property name 'Parameters.UUTcorrect'.' at step 'Statement' in seq 'ProcessModelPostStepRuntimeError'

TST-C-ROS-T2935    9/7/2026 3:51:00 PM ProcessModelError
Error Code: -17306, Unknown variable or property name.
Message: 'The post-expression for the step 'Statement' could not be evaluated.
Unknown variable or property name 'Parameters.UUTcorrect'.' at step 'Statement' in seq 'ProcessModelPostStepRuntimeError'

TST-C-ROS-T2935    9/7/2026 3:51:00 PM ProcessModelError
Error Code: -17306, Unknown variable or property name.
Message: 'The post-expression for the step 'Statement' could not be evaluated.
Unknown variable or property name 'Parameters.UUTcorrect'.' at step 'Statement' in seq 'ProcessModelPostStepRuntimeError'

TST-C-ROS-T2935    9/7/2026 3:51:00 PM ProcessModelError
Error Code: -17306, Unknown variable or property name.
Message: 'The post-expression for the step 'Statement' could not be evaluated.
Unknown variable or property name 'Parameters.UUTcorrect'.' at step 'Statement' in seq 'ProcessModelPostStepRuntimeError'

TST-C-ROS-T2935    9/7/2026 3:51:01 PM ProcessModelError
Error Code: -17306, Unknown variable or property name.
Message: 'The post-expression for the step 'Statement' could not be evaluated.
Unknown variable or property name 'Parameters.UUTcorrect'.' at step 'Statement' in seq 'ProcessModelPostStepRuntimeError'

TST-C-ROS-T2935    9/7/2026 3:51:01 PM ProcessModelError
Error Code: -17306, Unknown variable or property name.
Message: 'The post-expression for the step 'Statement' could not be evaluated.
Unknown variable or property name 'Parameters.UUTcorrect'.' at step 'Statement' in seq 'ProcessModelPostStepRuntimeError'

TST-C-ROS-T2935    9/7/2026 3:51:01 PM ProcessModelError
Error Code: -17306, Unknown variable or property name.
Message: 'The post-expression for the step 'Statement' could not be evaluated.
Unknown variable or property name 'Parameters.UUTcorrect'.' at step 'Statement' in seq 'ProcessModelPostStepRuntimeError'

TST-C-ROS-T2935    9/7/2026 3:51:02 PM ProcessModelError
Error Code: -17306, Unknown variable or property name.
Message: 'The post-expression for the step 'Statement' could not be evaluated.
Unknown variable or property name 'Parameters.UUTcorrect'.' at step 'Statement' in seq 'ProcessModelPostStepRuntimeError'

TST-C-ROS-T2935    9/7/2026 3:51:02 PM ProcessModelError
Error Code: -17306, Unknown variable or property name.
Message: 'The post-expression for the step 'Statement' could not be evaluated.
Unknown variable or property name 'Parameters.UUTcorrect'.' at step 'Statement' in seq 'ProcessModelPostStepRuntimeError'

TST-C-ROS-T2935    9/7/2026 3:51:02 PM ProcessModelError
Error Code: -17306, Unknown variable or property name.
Message: 'The post-expression for the step 'Statement' could not be evaluated.
Unknown variable or property name 'Parameters.UUTcorrect'.' at step 'Statement' in seq 'ProcessModelPostStepRuntimeError'

TST-C-ROS-T2935    9/7/2026 3:51:03 PM ProcessModelError
Error Code: -17306, Unknown variable or property name.
Message: 'The post-expression for the step 'Statement' could not be evaluated.
Unknown variable or property name 'Parameters.UUTcorrect'.' at step 'Statement' in seq 'ProcessModelPostStepRuntimeError'

TST-C-ROS-T2935    9/7/2026 3:51:03 PM ProcessModelError
Error Code: -17306, Unknown variable or property name.
Message: 'The post-expression for the step 'Statement' could not be evaluated.
Unknown variable or property name 'Parameters.UUTcorrect'.' at step 'Statement' in seq 'ProcessModelPostStepRuntimeError'

TST-C-ROS-T2935    9/7/2026 3:51:03 PM ProcessModelError
Error Code: -17306, Unknown variable or property name.
Message: 'The post-expression for the step 'Statement' could not be evaluated.
Unknown variable or property name 'Parameters.UUTcorrect'.' at step 'Statement' in seq 'ProcessModelPostStepRuntimeError'

TST-C-ROS-T2935    9/7/2026 3:51:04 PM ProcessModelError
Error Code: -17306, Unknown variable or property name.
Message: 'The post-expression for the step 'Statement' could not be evaluated.
Unknown variable or property name 'Parameters.UUTcorrect'.' at step 'Statement' in seq 'ProcessModelPostStepRuntimeError'

TST-C-ROS-T2935    9/7/2026 3:51:04 PM ProcessModelError
Error Code: -17306, Unknown variable or property name.
Message: 'The post-expression for the step 'Statement' could not be evaluated.
Unknown variable or property name 'Parameters.UUTcorrect'.' at step 'Statement' in seq 'ProcessModelPostStepRuntimeError'

TST-C-ROS-T2935    9/7/2026 3:51:04 PM ProcessModelError
Error Code: -17306, Unknown variable or property name.
Message: 'The post-expression for the step 'Statement' could not be evaluated.
Unknown variable or property name 'Parameters.UUTcorrect'.' at step 'Statement' in seq 'ProcessModelPostStepRuntimeError'

TST-C-ROS-T2935    9/7/2026 3:51:04 PM ProcessModelError
Error Code: -17306, Unknown variable or property name.
Message: 'The post-expression for the step 'Statement' could not be evaluated.
Unknown variable or property name 'Parameters.UUTcorrect'.' at step 'Statement' in seq 'ProcessModelPostStepRuntimeError'

TST-C-ROS-T2935    9/7/2026 3:51:05 PM ProcessModelError
Error Code: -17306, Unknown variable or property name.
Message: 'The post-expression for the step 'Statement' could not be evaluated.
Unknown variable or property name 'Parameters.UUTcorrect'.' at step 'Statement' in seq 'ProcessModelPostStepRuntimeError'

TST-C-ROS-T2935    9/7/2026 3:51:05 PM ProcessModelError
Error Code: -17306, Unknown variable or property name.
Message: 'The post-expression for the step 'Statement' could not be evaluated.
Unknown variable or property name 'Parameters.UUTcorrect'.' at step 'Statement' in seq 'ProcessModelPostStepRuntimeError'

TST-C-ROS-T2935    9/7/2026 3:51:05 PM ProcessModelError
Error Code: -17306, Unknown variable or property name.
Message: 'The post-expression for the step 'Statement' could not be evaluated.
Unknown variable or property name 'Parameters.UUTcorrect'.' at step 'Statement' in seq 'ProcessModelPostStepRuntimeError'

TST-C-ROS-T2935    9/7/2026 3:51:06 PM ProcessModelError
Error Code: -17306, Unknown variable or property name.
Message: 'The post-expression for the step 'Statement' could not be evaluated.
Unknown variable or property name 'Parameters.UUTcorrect'.' at step 'Statement' in seq 'ProcessModelPostStepRuntimeError'

TST-C-ROS-T2935    9/7/2026 3:51:06 PM ProcessModelError
Error Code: -17306, Unknown variable or property name.
Message: 'The post-expression for the step 'Statement' could not be evaluated.
Unknown variable or property name 'Parameters.UUTcorrect'.' at step 'Statement' in seq 'ProcessModelPostStepRuntimeError'

TST-C-ROS-T2935    9/7/2026 3:51:06 PM ProcessModelError
Error Code: -17306, Unknown variable or property name.
Message: 'The post-expression for the step 'Statement' could not be evaluated.
Unknown variable or property name 'Parameters.UUTcorrect'.' at step 'Statement' in seq 'ProcessModelPostStepRuntimeError'

TST-C-ROS-T2935    9/7/2026 3:51:07 PM ProcessModelError
Error Code: -17306, Unknown variable or property name.
Message: 'The post-expression for the step 'Statement' could not be evaluated.
Unknown variable or property name 'Parameters.UUTcorrect'.' at step 'Statement' in seq 'ProcessModelPostStepRuntimeError'

TST-C-ROS-T2935    9/7/2026 3:51:07 PM ProcessModelError
Error Code: -17306, Unknown variable or property name.
Message: 'The post-expression for the step 'Statement' could not be evaluated.
Unknown variable or property name 'Parameters.UUTcorrect'.' at step 'Statement' in seq 'ProcessModelPostStepRuntimeError'

TST-C-ROS-T2935    9/7/2026 3:51:07 PM ProcessModelError
Error Code: -17306, Unknown variable or property name.
Message: 'The post-expression for the step 'Statement' could not be evaluated.
Unknown variable or property name 'Parameters.UUTcorrect'.' at step 'Statement' in seq 'ProcessModelPostStepRuntimeError'

TST-C-ROS-T2935    9/7/2026 3:51:08 PM ProcessModelError
Error Code: -17306, Unknown variable or property name.
Message: 'The post-expression for the step 'Statement' could not be evaluated.
Unknown variable or property name 'Parameters.UUTcorrect'.' at step 'Statement' in seq 'ProcessModelPostStepRuntimeError'

TST-C-ROS-T2935    9/7/2026 3:51:08 PM ProcessModelError
Error Code: -17306, Unknown variable or property name.
Message: 'The post-expression for the step 'Statement' could not be evaluated.
Unknown variable or property name 'Parameters.UUTcorrect'.' at step 'Statement' in seq 'ProcessModelPostStepRuntimeError'

TST-C-ROS-T2935    9/7/2026 3:51:08 PM ProcessModelError
Error Code: -17306, Unknown variable or property name.
Message: 'The post-expression for the step 'Statement' could not be evaluated.
Unknown variable or property name 'Parameters.UUTcorrect'.' at step 'Statement' in seq 'ProcessModelPostStepRuntimeError'

TST-C-ROS-T2935    9/7/2026 3:51:09 PM ProcessModelError
Error Code: -17306, Unknown variable or property name.
Message: 'The post-expression for the step 'Statement' could not be evaluated.
Unknown variable or property name 'Parameters.UUTcorrect'.' at step 'Statement' in seq 'ProcessModelPostStepRuntimeError'

TST-C-ROS-T2935    9/7/2026 3:51:09 PM ProcessModelError
Error Code: -17306, Unknown variable or property name.
Message: 'The post-expression for the step 'Statement' could not be evaluated.
Unknown variable or property name 'Parameters.UUTcorrect'.' at step 'Statement' in seq 'ProcessModelPostStepRuntimeError'

TST-C-ROS-T2935    9/7/2026 3:51:09 PM ProcessModelError
Error Code: -17306, Unknown variable or property name.
Message: 'The post-expression for the step 'Statement' could not be evaluated.
Unknown variable or property name 'Parameters.UUTcorrect'.' at step 'Statement' in seq 'ProcessModelPostStepRuntimeError'

TST-C-ROS-T2935    9/7/2026 3:51:10 PM ProcessModelError
Error Code: -17306, Unknown variable or property name.
Message: 'The post-expression for the step 'Statement' could not be evaluated.
Unknown variable or property name 'Parameters.UUTcorrect'.' at step 'Statement' in seq 'ProcessModelPostStepRuntimeError'

TST-C-ROS-T2935    9/7/2026 3:51:10 PM ProcessModelError
Error Code: -17306, Unknown variable or property name.
Message: 'The post-expression for the step 'Statement' could not be evaluated.
Unknown variable or property name 'Parameters.UUTcorrect'.' at step 'Statement' in seq 'ProcessModelPostStepRuntimeError'

TST-C-ROS-T2935    9/7/2026 3:51:10 PM ProcessModelError
Error Code: -17306, Unknown variable or property name.
Message: 'The post-expression for the step 'Statement' could not be evaluated.
Unknown variable or property name 'Parameters.UUTcorrect'.' at step 'Statement' in seq 'ProcessModelPostStepRuntimeError'

TST-C-ROS-T2935    9/7/2026 3:51:10 PM ProcessModelError
Error Code: -17306, Unknown variable or property name.
Message: 'The post-expression for the step 'Statement' could not be evaluated.
Unknown variable or property name 'Parameters.UUTcorrect'.' at step 'Statement' in seq 'ProcessModelPostStepRuntimeError'

TST-C-ROS-T2935    9/7/2026 3:51:11 PM ProcessModelError
Error Code: -17306, Unknown variable or property name.
Message: 'The post-expression for the step 'Statement' could not be evaluated.
Unknown variable or property name 'Parameters.UUTcorrect'.' at step 'Statement' in seq 'ProcessModelPostStepRuntimeError'

TST-C-ROS-T2935    9/7/2026 3:51:11 PM ProcessModelError
Error Code: -17306, Unknown variable or property name.
Message: 'The post-expression for the step 'Statement' could not be evaluated.
Unknown variable or property name 'Parameters.UUTcorrect'.' at step 'Statement' in seq 'ProcessModelPostStepRuntimeError'

TST-C-ROS-T2935    9/7/2026 3:51:11 PM ProcessModelError
Error Code: -17306, Unknown variable or property name.
Message: 'The post-expression for the step 'Statement' could not be evaluated.
Unknown variable or property name 'Parameters.UUTcorrect'.' at step 'Statement' in seq 'ProcessModelPostStepRuntimeError'

TST-C-ROS-T2935    9/7/2026 3:51:12 PM ProcessModelError
Error Code: -17306, Unknown variable or property name.
Message: 'The post-expression for the step 'Statement' could not be evaluated.
Unknown variable or property name 'Parameters.UUTcorrect'.' at step 'Statement' in seq 'ProcessModelPostStepRuntimeError'

TST-C-ROS-T2935    9/7/2026 3:51:12 PM ProcessModelError
Error Code: -17306, Unknown variable or property name.
Message: 'The post-expression for the step 'Statement' could not be evaluated.
Unknown variable or property name 'Parameters.UUTcorrect'.' at step 'Statement' in seq 'ProcessModelPostStepRuntimeError'

TST-C-ROS-T2935    9/7/2026 3:51:12 PM ProcessModelError
Error Code: -17306, Unknown variable or property name.
Message: 'The post-expression for the step 'Statement' could not be evaluated.
Unknown variable or property name 'Parameters.UUTcorrect'.' at step 'Statement' in seq 'ProcessModelPostStepRuntimeError'

TST-C-ROS-T2935    9/7/2026 3:51:13 PM ProcessModelError
Error Code: -17306, Unknown variable or property name.
Message: 'The post-expression for the step 'Statement' could not be evaluated.
Unknown variable or property name 'Parameters.UUTcorrect'.' at step 'Statement' in seq 'ProcessModelPostStepRuntimeError'

TST-C-ROS-T2935    9/7/2026 3:51:13 PM ProcessModelError
Error Code: -17306, Unknown variable or property name.
Message: 'The post-expression for the step 'Statement' could not be evaluated.
Unknown variable or property name 'Parameters.UUTcorrect'.' at step 'Statement' in seq 'ProcessModelPostStepRuntimeError'

TST-C-ROS-T2935    9/7/2026 3:51:13 PM ProcessModelError
Error Code: -17306, Unknown variable or property name.
Message: 'The post-expression for the step 'Statement' could not be evaluated.
Unknown variable or property name 'Parameters.UUTcorrect'.' at step 'Statement' in seq 'ProcessModelPostStepRuntimeError'

TST-C-ROS-T2935    9/7/2026 3:51:14 PM ProcessModelError
Error Code: -17306, Unknown variable or property name.
Message: 'The post-expression for the step 'Statement' could not be evaluated.
Unknown variable or property name 'Parameters.UUTcorrect'.' at step 'Statement' in seq 'ProcessModelPostStepRuntimeError'

TST-C-ROS-T2935    9/7/2026 3:51:14 PM ProcessModelError
Error Code: -17306, Unknown variable or property name.
Message: 'The post-expression for the step 'Statement' could not be evaluated.
Unknown variable or property name 'Parameters.UUTcorrect'.' at step 'Statement' in seq 'ProcessModelPostStepRuntimeError'

TST-C-ROS-T2935    9/7/2026 3:51:14 PM ProcessModelError
Error Code: -17306, Unknown variable or property name.
Message: 'The post-expression for the step 'Statement' could not be evaluated.
Unknown variable or property name 'Parameters.UUTcorrect'.' at step 'Statement' in seq 'ProcessModelPostStepRuntimeError'

TST-C-ROS-T2935    9/7/2026 3:51:15 PM ProcessModelError
Error Code: -17306, Unknown variable or property name.
Message: 'The post-expression for the step 'Statement' could not be evaluated.
Unknown variable or property name 'Parameters.UUTcorrect'.' at step 'Statement' in seq 'ProcessModelPostStepRuntimeError'

TST-C-ROS-T2935    9/7/2026 3:51:15 PM ProcessModelError
Error Code: -17306, Unknown variable or property name.
Message: 'The post-expression for the step 'Statement' could not be evaluated.
Unknown variable or property name 'Parameters.UUTcorrect'.' at step 'Statement' in seq 'ProcessModelPostStepRuntimeError'

TST-C-ROS-T2935    9/7/2026 3:51:15 PM ProcessModelError
Error Code: -17306, Unknown variable or property name.
Message: 'The post-expression for the step 'Statement' could not be evaluated.
Unknown variable or property name 'Parameters.UUTcorrect'.' at step 'Statement' in seq 'ProcessModelPostStepRuntimeError'

TST-C-ROS-T2935    9/7/2026 3:51:16 PM ProcessModelError
Error Code: -17306, Unknown variable or property name.
Message: 'The post-expression for the step 'Statement' could not be evaluated.
Unknown variable or property name 'Parameters.UUTcorrect'.' at step 'Statement' in seq 'ProcessModelPostStepRuntimeError'

TST-C-ROS-T2935    9/7/2026 3:51:16 PM ProcessModelError
Error Code: -17306, Unknown variable or property name.
Message: 'The post-expression for the step 'Statement' could not be evaluated.
Unknown variable or property name 'Parameters.UUTcorrect'.' at step 'Statement' in seq 'ProcessModelPostStepRuntimeError'

TST-C-ROS-T2935    9/7/2026 3:51:16 PM ProcessModelError
Error Code: -17306, Unknown variable or property name.
Message: 'The post-expression for the step 'Statement' could not be evaluated.
Unknown variable or property name 'Parameters.UUTcorrect'.' at step 'Statement' in seq 'ProcessModelPostStepRuntimeError'

TST-C-ROS-T2935    9/7/2026 3:51:17 PM ProcessModelError
Error Code: -17306, Unknown variable or property name.
Message: 'The post-expression for the step 'Statement' could not be evaluated.
Unknown variable or property name 'Parameters.UUTcorrect'.' at step 'Statement' in seq 'ProcessModelPostStepRuntimeError'

TST-C-ROS-T2935    9/7/2026 3:51:17 PM ProcessModelError
Error Code: -17306, Unknown variable or property name.
Message: 'The post-expression for the step 'Statement' could not be evaluated.
Unknown variable or property name 'Parameters.UUTcorrect'.' at step 'Statement' in seq 'ProcessModelPostStepRuntimeError'

TST-C-ROS-T2935    9/7/2026 3:51:17 PM ProcessModelError
Error Code: -17306, Unknown variable or property name.
Message: 'The post-expression for the step 'Statement' could not be evaluated.
Unknown variable or property name 'Parameters.UUTcorrect'.' at step 'Statement' in seq 'ProcessModelPostStepRuntimeError'

TST-C-ROS-T2935    9/7/2026 3:51:17 PM ProcessModelError
Error Code: -17306, Unknown variable or property name.
Message: 'The post-expression for the step 'Statement' could not be evaluated.
Unknown variable or property name 'Parameters.UUTcorrect'.' at step 'Statement' in seq 'ProcessModelPostStepRuntimeError'

TST-C-ROS-T2935    9/7/2026 3:51:18 PM ProcessModelError
Error Code: -17306, Unknown variable or property name.
Message: 'The post-expression for the step 'Statement' could not be evaluated.
Unknown variable or property name 'Parameters.UUTcorrect'.' at step 'Statement' in seq 'ProcessModelPostStepRuntimeError'

TST-C-ROS-T2935    9/7/2026 3:51:18 PM ProcessModelError
Error Code: -17306, Unknown variable or property name.
Message: 'The post-expression for the step 'Statement' could not be evaluated.
Unknown variable or property name 'Parameters.UUTcorrect'.' at step 'Statement' in seq 'ProcessModelPostStepRuntimeError'

TST-C-ROS-T2935    9/7/2026 3:51:18 PM ProcessModelError
Error Code: -17306, Unknown variable or property name.
Message: 'The post-expression for the step 'Statement' could not be evaluated.
Unknown variable or property name 'Parameters.UUTcorrect'.' at step 'Statement' in seq 'ProcessModelPostStepRuntimeError'

TST-C-ROS-T2935    9/7/2026 3:51:19 PM ProcessModelError
Error Code: -17306, Unknown variable or property name.
Message: 'The post-expression for the step 'Statement' could not be evaluated.
Unknown variable or property name 'Parameters.UUTcorrect'.' at step 'Statement' in seq 'ProcessModelPostStepRuntimeError'

TST-C-ROS-T2935    9/7/2026 3:51:19 PM ProcessModelError
Error Code: -17306, Unknown variable or property name.
Message: 'The post-expression for the step 'Statement' could not be evaluated.
Unknown variable or property name 'Parameters.UUTcorrect'.' at step 'Statement' in seq 'ProcessModelPostStepRuntimeError'

TST-C-ROS-T2935    9/7/2026 3:51:19 PM ProcessModelError
Error Code: -17306, Unknown variable or property name.
Message: 'The post-expression for the step 'Statement' could not be evaluated.
Unknown variable or property name 'Parameters.UUTcorrect'.' at step 'Statement' in seq 'ProcessModelPostStepRuntimeError'

TST-C-ROS-T2935    9/7/2026 3:51:20 PM ProcessModelError
Error Code: -17306, Unknown variable or property name.
Message: 'The post-expression for the step 'Statement' could not be evaluated.
Unknown variable or property name 'Parameters.UUTcorrect'.' at step 'Statement' in seq 'ProcessModelPostStepRuntimeError'

TST-C-ROS-T2935    9/7/2026 3:51:20 PM ProcessModelError
Error Code: -17306, Unknown variable or property name.
Message: 'The post-expression for the step 'Statement' could not be evaluated.
Unknown variable or property name 'Parameters.UUTcorrect'.' at step 'Statement' in seq 'ProcessModelPostStepRuntimeError'

TST-C-ROS-T2935    9/7/2026 3:51:20 PM ProcessModelError
Error Code: -17306, Unknown variable or property name.
Message: 'The post-expression for the step 'Statement' could not be evaluated.
Unknown variable or property name 'Parameters.UUTcorrect'.' at step 'Statement' in seq 'ProcessModelPostStepRuntimeError'

TST-C-ROS-T2935    9/7/2026 3:51:21 PM ProcessModelError
Error Code: -17306, Unknown variable or property name.
Message: 'The post-expression for the step 'Statement' could not be evaluated.
Unknown variable or property name 'Parameters.UUTcorrect'.' at step 'Statement' in seq 'ProcessModelPostStepRuntimeError'

TST-C-ROS-T2935    9/7/2026 3:51:21 PM ProcessModelError
Error Code: -17306, Unknown variable or property name.
Message: 'The post-expression for the step 'Statement' could not be evaluated.
Unknown variable or property name 'Parameters.UUTcorrect'.' at step 'Statement' in seq 'ProcessModelPostStepRuntimeError'

TST-C-ROS-T2935    9/7/2026 3:51:21 PM ProcessModelError
Error Code: -17306, Unknown variable or property name.
Message: 'The post-expression for the step 'Statement' could not be evaluated.
Unknown variable or property name 'Parameters.UUTcorrect'.' at step 'Statement' in seq 'ProcessModelPostStepRuntimeError'

TST-C-ROS-T2935    9/7/2026 3:51:22 PM ProcessModelError
Error Code: -17306, Unknown variable or property name.
Message: 'The post-expression for the step 'Statement' could not be evaluated.
Unknown variable or property name 'Parameters.UUTcorrect'.' at step 'Statement' in seq 'ProcessModelPostStepRuntimeError'

TST-C-ROS-T2935    9/7/2026 3:51:22 PM ProcessModelError
Error Code: -17306, Unknown variable or property name.
Message: 'The post-expression for the step 'Statement' could not be evaluated.
Unknown variable or property name 'Parameters.UUTcorrect'.' at step 'Statement' in seq 'ProcessModelPostStepRuntimeError'

TST-C-ROS-T2935    9/7/2026 3:51:22 PM ProcessModelError
Error Code: -17306, Unknown variable or property name.
Message: 'The post-expression for the step 'Statement' could not be evaluated.
Unknown variable or property name 'Parameters.UUTcorrect'.' at step 'Statement' in seq 'ProcessModelPostStepRuntimeError'

TST-C-ROS-T2935    9/7/2026 3:51:23 PM ProcessModelError
Error Code: -17306, Unknown variable or property name.
Message: 'The post-expression for the step 'Statement' could not be evaluated.
Unknown variable or property name 'Parameters.UUTcorrect'.' at step 'Statement' in seq 'ProcessModelPostStepRuntimeError'

TST-C-ROS-T2935    9/7/2026 3:51:23 PM ProcessModelError
Error Code: -17306, Unknown variable or property name.
Message: 'The post-expression for the step 'Statement' could not be evaluated.
Unknown variable or property name 'Parameters.UUTcorrect'.' at step 'Statement' in seq 'ProcessModelPostStepRuntimeError'

TST-C-ROS-T2935    9/7/2026 3:51:23 PM ProcessModelError
Error Code: -17306, Unknown variable or property name.
Message: 'The post-expression for the step 'Statement' could not be evaluated.
Unknown variable or property name 'Parameters.UUTcorrect'.' at step 'Statement' in seq 'ProcessModelPostStepRuntimeError'

TST-C-ROS-T2935    9/7/2026 3:51:23 PM ProcessModelError
Error Code: -17306, Unknown variable or property name.
Message: 'The post-expression for the step 'Statement' could not be evaluated.
Unknown variable or property name 'Parameters.UUTcorrect'.' at step 'Statement' in seq 'ProcessModelPostStepRuntimeError'

TST-C-ROS-T2935    9/7/2026 3:51:24 PM ProcessModelError
Error Code: -17306, Unknown variable or property name.
Message: 'The post-expression for the step 'Statement' could not be evaluated.
Unknown variable or property name 'Parameters.UUTcorrect'.' at step 'Statement' in seq 'ProcessModelPostStepRuntimeError'

TST-C-ROS-T2935    9/7/2026 3:51:24 PM ProcessModelError
Error Code: -17306, Unknown variable or property name.
Message: 'The post-expression for the step 'Statement' could not be evaluated.
Unknown variable or property name 'Parameters.UUTcorrect'.' at step 'Statement' in seq 'ProcessModelPostStepRuntimeError'

TST-C-ROS-T2935    9/7/2026 3:51:24 PM ProcessModelError
Error Code: -17306, Unknown variable or property name.
Message: 'The post-expression for the step 'Statement' could not be evaluated.
Unknown variable or property name 'Parameters.UUTcorrect'.' at step 'Statement' in seq 'ProcessModelPostStepRuntimeError'

TST-C-ROS-T2935    9/7/2026 3:51:25 PM ProcessModelError
Error Code: -17306, Unknown variable or property name.
Message: 'The post-expression for the step 'Statement' could not be evaluated.
Unknown variable or property name 'Parameters.UUTcorrect'.' at step 'Statement' in seq 'ProcessModelPostStepRuntimeError'

TST-C-ROS-T2935    9/7/2026 3:51:25 PM ProcessModelError
Error Code: -17306, Unknown variable or property name.
Message: 'The post-expression for the step 'Statement' could not be evaluated.
Unknown variable or property name 'Parameters.UUTcorrect'.' at step 'Statement' in seq 'ProcessModelPostStepRuntimeError'

TST-C-ROS-T2935    9/7/2026 3:51:25 PM ProcessModelError
Error Code: -17306, Unknown variable or property name.
Message: 'The post-expression for the step 'Statement' could not be evaluated.
Unknown variable or property name 'Parameters.UUTcorrect'.' at step 'Statement' in seq 'ProcessModelPostStepRuntimeError'

TST-C-ROS-T2935    9/7/2026 3:51:26 PM ProcessModelError
Error Code: -17306, Unknown variable or property name.
Message: 'The post-expression for the step 'Statement' could not be evaluated.
Unknown variable or property name 'Parameters.UUTcorrect'.' at step 'Statement' in seq 'ProcessModelPostStepRuntimeError'

TST-C-ROS-T2935    9/7/2026 3:51:26 PM ProcessModelError
Error Code: -17306, Unknown variable or property name.
Message: 'The post-expression for the step 'Statement' could not be evaluated.
Unknown variable or property name 'Parameters.UUTcorrect'.' at step 'Statement' in seq 'ProcessModelPostStepRuntimeError'

TST-C-ROS-T2935    9/7/2026 3:51:26 PM ProcessModelError
Error Code: -17306, Unknown variable or property name.
Message: 'The post-expression for the step 'Statement' could not be evaluated.
Unknown variable or property name 'Parameters.UUTcorrect'.' at step 'Statement' in seq 'ProcessModelPostStepRuntimeError'

TST-C-ROS-T2935    9/7/2026 3:51:27 PM ProcessModelError
Error Code: -17306, Unknown variable or property name.
Message: 'The post-expression for the step 'Statement' could not be evaluated.
Unknown variable or property name 'Parameters.UUTcorrect'.' at step 'Statement' in seq 'ProcessModelPostStepRuntimeError'

TST-C-ROS-T2935    9/7/2026 3:51:27 PM ProcessModelError
Error Code: -17306, Unknown variable or property name.
Message: 'The post-expression for the step 'Statement' could not be evaluated.
Unknown variable or property name 'Parameters.UUTcorrect'.' at step 'Statement' in seq 'ProcessModelPostStepRuntimeError'

TST-C-ROS-T2935    9/7/2026 3:51:27 PM ProcessModelError
Error Code: -17306, Unknown variable or property name.
Message: 'The post-expression for the step 'Statement' could not be evaluated.
Unknown variable or property name 'Parameters.UUTcorrect'.' at step 'Statement' in seq 'ProcessModelPostStepRuntimeError'

TST-C-ROS-T2935    9/7/2026 3:51:28 PM ProcessModelError
Error Code: -17306, Unknown variable or property name.
Message: 'The post-expression for the step 'Statement' could not be evaluated.
Unknown variable or property name 'Parameters.UUTcorrect'.' at step 'Statement' in seq 'ProcessModelPostStepRuntimeError'

TST-C-ROS-T2935    9/7/2026 3:51:28 PM ProcessModelError
Error Code: -17306, Unknown variable or property name.
Message: 'The post-expression for the step 'Statement' could not be evaluated.
Unknown variable or property name 'Parameters.UUTcorrect'.' at step 'Statement' in seq 'ProcessModelPostStepRuntimeError'

TST-C-ROS-T2935    9/7/2026 3:51:28 PM ProcessModelError
Error Code: -17306, Unknown variable or property name.
Message: 'The post-expression for the step 'Statement' could not be evaluated.
Unknown variable or property name 'Parameters.UUTcorrect'.' at step 'Statement' in seq 'ProcessModelPostStepRuntimeError'

TST-C-ROS-T2935    9/7/2026 3:51:29 PM ProcessModelError
Error Code: -17306, Unknown variable or property name.
Message: 'The post-expression for the step 'Statement' could not be evaluated.
Unknown variable or property name 'Parameters.UUTcorrect'.' at step 'Statement' in seq 'ProcessModelPostStepRuntimeError'

TST-C-ROS-T2935    9/7/2026 3:51:29 PM ProcessModelError
Error Code: -17306, Unknown variable or property name.
Message: 'The post-expression for the step 'Statement' could not be evaluated.
Unknown variable or property name 'Parameters.UUTcorrect'.' at step 'Statement' in seq 'ProcessModelPostStepRuntimeError'

TST-C-ROS-T2935    9/7/2026 3:51:29 PM ProcessModelError
Error Code: -17306, Unknown variable or property name.
Message: 'The post-expression for the step 'Statement' could not be evaluated.
Unknown variable or property name 'Parameters.UUTcorrect'.' at step 'Statement' in seq 'ProcessModelPostStepRuntimeError'

TST-C-ROS-T2935    9/7/2026 3:51:30 PM ProcessModelError
Error Code: -17306, Unknown variable or property name.
Message: 'The post-expression for the step 'Statement' could not be evaluated.
Unknown variable or property name 'Parameters.UUTcorrect'.' at step 'Statement' in seq 'ProcessModelPostStepRuntimeError'

TST-C-ROS-T2935    9/7/2026 3:51:30 PM ProcessModelError
Error Code: -17306, Unknown variable or property name.
Message: 'The post-expression for the step 'Statement' could not be evaluated.
Unknown variable or property name 'Parameters.UUTcorrect'.' at step 'Statement' in seq 'ProcessModelPostStepRuntimeError'

TST-C-ROS-T2935    9/7/2026 3:51:30 PM ProcessModelError
Error Code: -17306, Unknown variable or property name.
Message: 'The post-expression for the step 'Statement' could not be evaluated.
Unknown variable or property name 'Parameters.UUTcorrect'.' at step 'Statement' in seq 'ProcessModelPostStepRuntimeError'

TST-C-ROS-T2935    9/7/2026 3:51:30 PM ProcessModelError
Error Code: -17306, Unknown variable or property name.
Message: 'The post-expression for the step 'Statement' could not be evaluated.
Unknown variable or property name 'Parameters.UUTcorrect'.' at step 'Statement' in seq 'ProcessModelPostStepRuntimeError'

TST-C-ROS-T2935    9/7/2026 3:51:31 PM ProcessModelError
Error Code: -17306, Unknown variable or property name.
Message: 'The post-expression for the step 'Statement' could not be evaluated.
Unknown variable or property name 'Parameters.UUTcorrect'.' at step 'Statement' in seq 'ProcessModelPostStepRuntimeError'

TST-C-ROS-T2935    9/7/2026 3:51:31 PM ProcessModelError
Error Code: -17306, Unknown variable or property name.
Message: 'The post-expression for the step 'Statement' could not be evaluated.
Unknown variable or property name 'Parameters.UUTcorrect'.' at step 'Statement' in seq 'ProcessModelPostStepRuntimeError'

TST-C-ROS-T2935    9/7/2026 3:51:31 PM ProcessModelError
Error Code: -17306, Unknown variable or property name.
Message: 'The post-expression for the step 'Statement' could not be evaluated.
Unknown variable or property name 'Parameters.UUTcorrect'.' at step 'Statement' in seq 'ProcessModelPostStepRuntimeError'

TST-C-ROS-T2935    9/7/2026 3:51:32 PM ProcessModelError
Error Code: -17306, Unknown variable or property name.
Message: 'The post-expression for the step 'Statement' could not be evaluated.
Unknown variable or property name 'Parameters.UUTcorrect'.' at step 'Statement' in seq 'ProcessModelPostStepRuntimeError'

TST-C-ROS-T2935    9/7/2026 3:51:32 PM ProcessModelError
Error Code: -17306, Unknown variable or property name.
Message: 'The post-expression for the step 'Statement' could not be evaluated.
Unknown variable or property name 'Parameters.UUTcorrect'.' at step 'Statement' in seq 'ProcessModelPostStepRuntimeError'

TST-C-ROS-T2935    9/7/2026 3:51:32 PM ProcessModelError
Error Code: -17306, Unknown variable or property name.
Message: 'The post-expression for the step 'Statement' could not be evaluated.
Unknown variable or property name 'Parameters.UUTcorrect'.' at step 'Statement' in seq 'ProcessModelPostStepRuntimeError'

TST-C-ROS-T2935    9/7/2026 3:51:33 PM ProcessModelError
Error Code: -17306, Unknown variable or property name.
Message: 'The post-expression for the step 'Statement' could not be evaluated.
Unknown variable or property name 'Parameters.UUTcorrect'.' at step 'Statement' in seq 'ProcessModelPostStepRuntimeError'

TST-C-ROS-T2935    9/7/2026 3:51:33 PM ProcessModelError
Error Code: -17306, Unknown variable or property name.
Message: 'The post-expression for the step 'Statement' could not be evaluated.
Unknown variable or property name 'Parameters.UUTcorrect'.' at step 'Statement' in seq 'ProcessModelPostStepRuntimeError'

TST-C-ROS-T2935    9/7/2026 3:51:33 PM ProcessModelError
Error Code: -17306, Unknown variable or property name.
Message: 'The post-expression for the step 'Statement' could not be evaluated.
Unknown variable or property name 'Parameters.UUTcorrect'.' at step 'Statement' in seq 'ProcessModelPostStepRuntimeError'

TST-C-ROS-T2935    9/7/2026 3:51:34 PM ProcessModelError
Error Code: -17306, Unknown variable or property name.
Message: 'The post-expression for the step 'Statement' could not be evaluated.
Unknown variable or property name 'Parameters.UUTcorrect'.' at step 'Statement' in seq 'ProcessModelPostStepRuntimeError'

TST-C-ROS-T2935    9/7/2026 3:51:34 PM ProcessModelError
Error Code: -17306, Unknown variable or property name.
Message: 'The post-expression for the step 'Statement' could not be evaluated.
Unknown variable or property name 'Parameters.UUTcorrect'.' at step 'Statement' in seq 'ProcessModelPostStepRuntimeError'

TST-C-ROS-T2935    9/7/2026 3:51:34 PM ProcessModelError
Error Code: -17306, Unknown variable or property name.
Message: 'The post-expression for the step 'Statement' could not be evaluated.
Unknown variable or property name 'Parameters.UUTcorrect'.' at step 'Statement' in seq 'ProcessModelPostStepRuntimeError'

TST-C-ROS-T2935    9/7/2026 3:51:35 PM ProcessModelError
Error Code: -17306, Unknown variable or property name.
Message: 'The post-expression for the step 'Statement' could not be evaluated.
Unknown variable or property name 'Parameters.UUTcorrect'.' at step 'Statement' in seq 'ProcessModelPostStepRuntimeError'

TST-C-ROS-T2935    9/7/2026 3:51:35 PM ProcessModelError
Error Code: -17306, Unknown variable or property name.
Message: 'The post-expression for the step 'Statement' could not be evaluated.
Unknown variable or property name 'Parameters.UUTcorrect'.' at step 'Statement' in seq 'ProcessModelPostStepRuntimeError'

TST-C-ROS-T2935    9/7/2026 3:51:35 PM ProcessModelError
Error Code: -17306, Unknown variable or property name.
Message: 'The post-expression for the step 'Statement' could not be evaluated.
Unknown variable or property name 'Parameters.UUTcorrect'.' at step 'Statement' in seq 'ProcessModelPostStepRuntimeError'

TST-C-ROS-T2935    9/7/2026 3:51:36 PM ProcessModelError
Error Code: -17306, Unknown variable or property name.
Message: 'The post-expression for the step 'Statement' could not be evaluated.
Unknown variable or property name 'Parameters.UUTcorrect'.' at step 'Statement' in seq 'ProcessModelPostStepRuntimeError'

TST-C-ROS-T2935    9/7/2026 3:51:36 PM ProcessModelError
Error Code: -17306, Unknown variable or property name.
Message: 'The post-expression for the step 'Statement' could not be evaluated.
Unknown variable or property name 'Parameters.UUTcorrect'.' at step 'Statement' in seq 'ProcessModelPostStepRuntimeError'

TST-C-ROS-T2935    9/7/2026 3:51:36 PM ProcessModelError
Error Code: -17306, Unknown variable or property name.
Message: 'The post-expression for the step 'Statement' could not be evaluated.
Unknown variable or property name 'Parameters.UUTcorrect'.' at step 'Statement' in seq 'ProcessModelPostStepRuntimeError'

TST-C-ROS-T2935    9/7/2026 3:51:37 PM ProcessModelError
Error Code: -17306, Unknown variable or property name.
Message: 'The post-expression for the step 'Statement' could not be evaluated.
Unknown variable or property name 'Parameters.UUTcorrect'.' at step 'Statement' in seq 'ProcessModelPostStepRuntimeError'

TST-C-ROS-T2935    9/7/2026 3:51:37 PM ProcessModelError
Error Code: -17306, Unknown variable or property name.
Message: 'The post-expression for the step 'Statement' could not be evaluated.
Unknown variable or property name 'Parameters.UUTcorrect'.' at step 'Statement' in seq 'ProcessModelPostStepRuntimeError'

TST-C-ROS-T2935    9/7/2026 3:51:37 PM ProcessModelError
Error Code: -17306, Unknown variable or property name.
Message: 'The post-expression for the step 'Statement' could not be evaluated.
Unknown variable or property name 'Parameters.UUTcorrect'.' at step 'Statement' in seq 'ProcessModelPostStepRuntimeError'

TST-C-ROS-T2935    9/7/2026 3:51:37 PM ProcessModelError
Error Code: -17306, Unknown variable or property name.
Message: 'The post-expression for the step 'Statement' could not be evaluated.
Unknown variable or property name 'Parameters.UUTcorrect'.' at step 'Statement' in seq 'ProcessModelPostStepRuntimeError'

TST-C-ROS-T2935    9/7/2026 3:51:38 PM ProcessModelError
Error Code: -17306, Unknown variable or property name.
Message: 'The post-expression for the step 'Statement' could not be evaluated.
Unknown variable or property name 'Parameters.UUTcorrect'.' at step 'Statement' in seq 'ProcessModelPostStepRuntimeError'

TST-C-ROS-T2935    9/7/2026 3:51:38 PM ProcessModelError
Error Code: -17306, Unknown variable or property name.
Message: 'The post-expression for the step 'Statement' could not be evaluated.
Unknown variable or property name 'Parameters.UUTcorrect'.' at step 'Statement' in seq 'ProcessModelPostStepRuntimeError'

TST-C-ROS-T2935    9/7/2026 3:51:38 PM ProcessModelError
Error Code: -17306, Unknown variable or property name.
Message: 'The post-expression for the step 'Statement' could not be evaluated.
Unknown variable or property name 'Parameters.UUTcorrect'.' at step 'Statement' in seq 'ProcessModelPostStepRuntimeError'

TST-C-ROS-T2935    9/7/2026 3:51:39 PM ProcessModelError
Error Code: -17306, Unknown variable or property name.
Message: 'The post-expression for the step 'Statement' could not be evaluated.
Unknown variable or property name 'Parameters.UUTcorrect'.' at step 'Statement' in seq 'ProcessModelPostStepRuntimeError'

TST-C-ROS-T2935    9/7/2026 3:51:39 PM ProcessModelError
Error Code: -17306, Unknown variable or property name.
Message: 'The post-expression for the step 'Statement' could not be evaluated.
Unknown variable or property name 'Parameters.UUTcorrect'.' at step 'Statement' in seq 'ProcessModelPostStepRuntimeError'

TST-C-ROS-T2935    9/7/2026 3:51:39 PM ProcessModelError
Error Code: -17306, Unknown variable or property name.
Message: 'The post-expression for the step 'Statement' could not be evaluated.
Unknown variable or property name 'Parameters.UUTcorrect'.' at step 'Statement' in seq 'ProcessModelPostStepRuntimeError'

TST-C-ROS-T2935    9/7/2026 3:51:40 PM ProcessModelError
Error Code: -17306, Unknown variable or property name.
Message: 'The post-expression for the step 'Statement' could not be evaluated.
Unknown variable or property name 'Parameters.UUTcorrect'.' at step 'Statement' in seq 'ProcessModelPostStepRuntimeError'

TST-C-ROS-T2935    9/7/2026 3:51:40 PM ProcessModelError
Error Code: -17306, Unknown variable or property name.
Message: 'The post-expression for the step 'Statement' could not be evaluated.
Unknown variable or property name 'Parameters.UUTcorrect'.' at step 'Statement' in seq 'ProcessModelPostStepRuntimeError'

TST-C-ROS-T2935    9/7/2026 3:51:40 PM ProcessModelError
Error Code: -17306, Unknown variable or property name.
Message: 'The post-expression for the step 'Statement' could not be evaluated.
Unknown variable or property name 'Parameters.UUTcorrect'.' at step 'Statement' in seq 'ProcessModelPostStepRuntimeError'

TST-C-ROS-T2935    9/7/2026 3:51:41 PM ProcessModelError
Error Code: -17306, Unknown variable or property name.
Message: 'The post-expression for the step 'Statement' could not be evaluated.
Unknown variable or property name 'Parameters.UUTcorrect'.' at step 'Statement' in seq 'ProcessModelPostStepRuntimeError'

TST-C-ROS-T2935    9/7/2026 3:51:41 PM ProcessModelError
Error Code: -17306, Unknown variable or property name.
Message: 'The post-expression for the step 'Statement' could not be evaluated.
Unknown variable or property name 'Parameters.UUTcorrect'.' at step 'Statement' in seq 'ProcessModelPostStepRuntimeError'

TST-C-ROS-T2935    9/7/2026 3:51:41 PM ProcessModelError
Error Code: -17306, Unknown variable or property name.
Message: 'The post-expression for the step 'Statement' could not be evaluated.
Unknown variable or property name 'Parameters.UUTcorrect'.' at step 'Statement' in seq 'ProcessModelPostStepRuntimeError'

TST-C-ROS-T2935    9/7/2026 3:51:42 PM ProcessModelError
Error Code: -17306, Unknown variable or property name.
Message: 'The post-expression for the step 'Statement' could not be evaluated.
Unknown variable or property name 'Parameters.UUTcorrect'.' at step 'Statement' in seq 'ProcessModelPostStepRuntimeError'

TST-C-ROS-T2935    9/7/2026 3:51:42 PM ProcessModelError
Error Code: -17306, Unknown variable or property name.
Message: 'The post-expression for the step 'Statement' could not be evaluated.
Unknown variable or property name 'Parameters.UUTcorrect'.' at step 'Statement' in seq 'ProcessModelPostStepRuntimeError'

TST-C-ROS-T2935    9/7/2026 3:51:42 PM ProcessModelError
Error Code: -17306, Unknown variable or property name.
Message: 'The post-expression for the step 'Statement' could not be evaluated.
Unknown variable or property name 'Parameters.UUTcorrect'.' at step 'Statement' in seq 'ProcessModelPostStepRuntimeError'

TST-C-ROS-T2935    9/7/2026 3:51:43 PM ProcessModelError
Error Code: -17306, Unknown variable or property name.
Message: 'The post-expression for the step 'Statement' could not be evaluated.
Unknown variable or property name 'Parameters.UUTcorrect'.' at step 'Statement' in seq 'ProcessModelPostStepRuntimeError'

TST-C-ROS-T2935    9/7/2026 3:51:43 PM ProcessModelError
Error Code: -17306, Unknown variable or property name.
Message: 'The post-expression for the step 'Statement' could not be evaluated.
Unknown variable or property name 'Parameters.UUTcorrect'.' at step 'Statement' in seq 'ProcessModelPostStepRuntimeError'

TST-C-ROS-T2935    9/7/2026 3:51:43 PM ProcessModelError
Error Code: -17306, Unknown variable or property name.
Message: 'The post-expression for the step 'Statement' could not be evaluated.
Unknown variable or property name 'Parameters.UUTcorrect'.' at step 'Statement' in seq 'ProcessModelPostStepRuntimeError'

TST-C-ROS-T2935    9/7/2026 3:51:44 PM ProcessModelError
Error Code: -17306, Unknown variable or property name.
Message: 'The post-expression for the step 'Statement' could not be evaluated.
Unknown variable or property name 'Parameters.UUTcorrect'.' at step 'Statement' in seq 'ProcessModelPostStepRuntimeError'

TST-C-ROS-T2935    9/7/2026 3:51:44 PM ProcessModelError
Error Code: -17306, Unknown variable or property name.
Message: 'The post-expression for the step 'Statement' could not be evaluated.
Unknown variable or property name 'Parameters.UUTcorrect'.' at step 'Statement' in seq 'ProcessModelPostStepRuntimeError'

TST-C-ROS-T2935    9/7/2026 3:51:44 PM ProcessModelError
Error Code: -17306, Unknown variable or property name.
Message: 'The post-expression for the step 'Statement' could not be evaluated.
Unknown variable or property name 'Parameters.UUTcorrect'.' at step 'Statement' in seq 'ProcessModelPostStepRuntimeError'

TST-C-ROS-T2935    9/7/2026 3:51:44 PM ProcessModelError
Error Code: -17306, Unknown variable or property name.
Message: 'The post-expression for the step 'Statement' could not be evaluated.
Unknown variable or property name 'Parameters.UUTcorrect'.' at step 'Statement' in seq 'ProcessModelPostStepRuntimeError'

TST-C-ROS-T2935    9/7/2026 3:51:45 PM ProcessModelError
Error Code: -17306, Unknown variable or property name.
Message: 'The post-expression for the step 'Statement' could not be evaluated.
Unknown variable or property name 'Parameters.UUTcorrect'.' at step 'Statement' in seq 'ProcessModelPostStepRuntimeError'

TST-C-ROS-T2935    9/7/2026 3:51:45 PM ProcessModelError
Error Code: -17306, Unknown variable or property name.
Message: 'The post-expression for the step 'Statement' could not be evaluated.
Unknown variable or property name 'Parameters.UUTcorrect'.' at step 'Statement' in seq 'ProcessModelPostStepRuntimeError'

TST-C-ROS-T2935    9/7/2026 3:51:45 PM ProcessModelError
Error Code: -17306, Unknown variable or property name.
Message: 'The post-expression for the step 'Statement' could not be evaluated.
Unknown variable or property name 'Parameters.UUTcorrect'.' at step 'Statement' in seq 'ProcessModelPostStepRuntimeError'

TST-C-ROS-T2935    9/7/2026 3:51:46 PM ProcessModelError
Error Code: -17306, Unknown variable or property name.
Message: 'The post-expression for the step 'Statement' could not be evaluated.
Unknown variable or property name 'Parameters.UUTcorrect'.' at step 'Statement' in seq 'ProcessModelPostStepRuntimeError'

TST-C-ROS-T2935    9/7/2026 3:51:46 PM ProcessModelError
Error Code: -17306, Unknown variable or property name.
Message: 'The post-expression for the step 'Statement' could not be evaluated.
Unknown variable or property name 'Parameters.UUTcorrect'.' at step 'Statement' in seq 'ProcessModelPostStepRuntimeError'

TST-C-ROS-T2935    9/7/2026 3:51:46 PM ProcessModelError
Error Code: -17306, Unknown variable or property name.
Message: 'The post-expression for the step 'Statement' could not be evaluated.
Unknown variable or property name 'Parameters.UUTcorrect'.' at step 'Statement' in seq 'ProcessModelPostStepRuntimeError'

TST-C-ROS-T2935    9/7/2026 3:51:47 PM ProcessModelError
Error Code: -17306, Unknown variable or property name.
Message: 'The post-expression for the step 'Statement' could not be evaluated.
Unknown variable or property name 'Parameters.UUTcorrect'.' at step 'Statement' in seq 'ProcessModelPostStepRuntimeError'

TST-C-ROS-T2935    9/7/2026 3:51:47 PM ProcessModelError
Error Code: -17306, Unknown variable or property name.
Message: 'The post-expression for the step 'Statement' could not be evaluated.
Unknown variable or property name 'Parameters.UUTcorrect'.' at step 'Statement' in seq 'ProcessModelPostStepRuntimeError'

TST-C-ROS-T2935    9/7/2026 3:51:47 PM ProcessModelError
Error Code: -17306, Unknown variable or property name.
Message: 'The post-expression for the step 'Statement' could not be evaluated.
Unknown variable or property name 'Parameters.UUTcorrect'.' at step 'Statement' in seq 'ProcessModelPostStepRuntimeError'

TST-C-ROS-T2935    9/7/2026 3:51:48 PM ProcessModelError
Error Code: -17306, Unknown variable or property name.
Message: 'The post-expression for the step 'Statement' could not be evaluated.
Unknown variable or property name 'Parameters.UUTcorrect'.' at step 'Statement' in seq 'ProcessModelPostStepRuntimeError'

TST-C-ROS-T2935    9/7/2026 3:51:48 PM ProcessModelError
Error Code: -17306, Unknown variable or property name.
Message: 'The post-expression for the step 'Statement' could not be evaluated.
Unknown variable or property name 'Parameters.UUTcorrect'.' at step 'Statement' in seq 'ProcessModelPostStepRuntimeError'

TST-C-ROS-T2935    9/7/2026 3:51:48 PM ProcessModelError
Error Code: -17306, Unknown variable or property name.
Message: 'The post-expression for the step 'Statement' could not be evaluated.
Unknown variable or property name 'Parameters.UUTcorrect'.' at step 'Statement' in seq 'ProcessModelPostStepRuntimeError'

TST-C-ROS-T2935    9/7/2026 3:51:49 PM ProcessModelError
Error Code: -17306, Unknown variable or property name.
Message: 'The post-expression for the step 'Statement' could not be evaluated.
Unknown variable or property name 'Parameters.UUTcorrect'.' at step 'Statement' in seq 'ProcessModelPostStepRuntimeError'

TST-C-ROS-T2935    9/7/2026 3:51:49 PM ProcessModelError
Error Code: -17306, Unknown variable or property name.
Message: 'The post-expression for the step 'Statement' could not be evaluated.
Unknown variable or property name 'Parameters.UUTcorrect'.' at step 'Statement' in seq 'ProcessModelPostStepRuntimeError'

TST-C-ROS-T2935    9/7/2026 3:51:49 PM ProcessModelError
Error Code: -17306, Unknown variable or property name.
Message: 'The post-expression for the step 'Statement' could not be evaluated.
Unknown variable or property name 'Parameters.UUTcorrect'.' at step 'Statement' in seq 'ProcessModelPostStepRuntimeError'

TST-C-ROS-T2935    9/7/2026 3:51:50 PM ProcessModelError
Error Code: -17306, Unknown variable or property name.
Message: 'The post-expression for the step 'Statement' could not be evaluated.
Unknown variable or property name 'Parameters.UUTcorrect'.' at step 'Statement' in seq 'ProcessModelPostStepRuntimeError'

TST-C-ROS-T2935    9/7/2026 3:51:50 PM ProcessModelError
Error Code: -17306, Unknown variable or property name.
Message: 'The post-expression for the step 'Statement' could not be evaluated.
Unknown variable or property name 'Parameters.UUTcorrect'.' at step 'Statement' in seq 'ProcessModelPostStepRuntimeError'

TST-C-ROS-T2935    9/7/2026 3:51:50 PM ProcessModelError
Error Code: -17306, Unknown variable or property name.
Message: 'The post-expression for the step 'Statement' could not be evaluated.
Unknown variable or property name 'Parameters.UUTcorrect'.' at step 'Statement' in seq 'ProcessModelPostStepRuntimeError'

TST-C-ROS-T2935    9/7/2026 3:51:51 PM ProcessModelError
Error Code: -17306, Unknown variable or property name.
Message: 'The post-expression for the step 'Statement' could not be evaluated.
Unknown variable or property name 'Parameters.UUTcorrect'.' at step 'Statement' in seq 'ProcessModelPostStepRuntimeError'

TST-C-ROS-T2935    9/7/2026 3:51:51 PM ProcessModelError
Error Code: -17306, Unknown variable or property name.
Message: 'The post-expression for the step 'Statement' could not be evaluated.
Unknown variable or property name 'Parameters.UUTcorrect'.' at step 'Statement' in seq 'ProcessModelPostStepRuntimeError'

TST-C-ROS-T2935    9/7/2026 3:51:51 PM ProcessModelError
Error Code: -17306, Unknown variable or property name.
Message: 'The post-expression for the step 'Statement' could not be evaluated.
Unknown variable or property name 'Parameters.UUTcorrect'.' at step 'Statement' in seq 'ProcessModelPostStepRuntimeError'

TST-C-ROS-T2935    9/7/2026 3:51:51 PM ProcessModelError
Error Code: -17306, Unknown variable or property name.
Message: 'The post-expression for the step 'Statement' could not be evaluated.
Unknown variable or property name 'Parameters.UUTcorrect'.' at step 'Statement' in seq 'ProcessModelPostStepRuntimeError'

TST-C-ROS-T2935    9/7/2026 3:51:52 PM ProcessModelError
Error Code: -17306, Unknown variable or property name.
Message: 'The post-expression for the step 'Statement' could not be evaluated.
Unknown variable or property name 'Parameters.UUTcorrect'.' at step 'Statement' in seq 'ProcessModelPostStepRuntimeError'

TST-C-ROS-T2935    9/7/2026 3:51:52 PM ProcessModelError
Error Code: -17306, Unknown variable or property name.
Message: 'The post-expression for the step 'Statement' could not be evaluated.
Unknown variable or property name 'Parameters.UUTcorrect'.' at step 'Statement' in seq 'ProcessModelPostStepRuntimeError'

TST-C-ROS-T2935    9/7/2026 3:51:52 PM ProcessModelError
Error Code: -17306, Unknown variable or property name.
Message: 'The post-expression for the step 'Statement' could not be evaluated.
Unknown variable or property name 'Parameters.UUTcorrect'.' at step 'Statement' in seq 'ProcessModelPostStepRuntimeError'

TST-C-ROS-T2935    9/7/2026 3:51:53 PM ProcessModelError
Error Code: -17306, Unknown variable or property name.
Message: 'The post-expression for the step 'Statement' could not be evaluated.
Unknown variable or property name 'Parameters.UUTcorrect'.' at step 'Statement' in seq 'ProcessModelPostStepRuntimeError'

TST-C-ROS-T2935    9/7/2026 3:51:53 PM ProcessModelError
Error Code: -17306, Unknown variable or property name.
Message: 'The post-expression for the step 'Statement' could not be evaluated.
Unknown variable or property name 'Parameters.UUTcorrect'.' at step 'Statement' in seq 'ProcessModelPostStepRuntimeError'

TST-C-ROS-T2935    9/7/2026 3:51:53 PM ProcessModelError
Error Code: -17306, Unknown variable or property name.
Message: 'The post-expression for the step 'Statement' could not be evaluated.
Unknown variable or property name 'Parameters.UUTcorrect'.' at step 'Statement' in seq 'ProcessModelPostStepRuntimeError'

TST-C-ROS-T2935    9/7/2026 3:51:54 PM ProcessModelError
Error Code: -17306, Unknown variable or property name.
Message: 'The post-expression for the step 'Statement' could not be evaluated.
Unknown variable or property name 'Parameters.UUTcorrect'.' at step 'Statement' in seq 'ProcessModelPostStepRuntimeError'

TST-C-ROS-T2935    9/7/2026 3:51:54 PM ProcessModelError
Error Code: -17306, Unknown variable or property name.
Message: 'The post-expression for the step 'Statement' could not be evaluated.
Unknown variable or property name 'Parameters.UUTcorrect'.' at step 'Statement' in seq 'ProcessModelPostStepRuntimeError'

TST-C-ROS-T2935    9/7/2026 3:51:54 PM ProcessModelError
Error Code: -17306, Unknown variable or property name.
Message: 'The post-expression for the step 'Statement' could not be evaluated.
Unknown variable or property name 'Parameters.UUTcorrect'.' at step 'Statement' in seq 'ProcessModelPostStepRuntimeError'

TST-C-ROS-T2935    9/7/2026 3:51:55 PM ProcessModelError
Error Code: -17306, Unknown variable or property name.
Message: 'The post-expression for the step 'Statement' could not be evaluated.
Unknown variable or property name 'Parameters.UUTcorrect'.' at step 'Statement' in seq 'ProcessModelPostStepRuntimeError'

TST-C-ROS-T2935    9/7/2026 3:51:55 PM ProcessModelError
Error Code: -17306, Unknown variable or property name.
Message: 'The post-expression for the step 'Statement' could not be evaluated.
Unknown variable or property name 'Parameters.UUTcorrect'.' at step 'Statement' in seq 'ProcessModelPostStepRuntimeError'

TST-C-ROS-T2935    9/7/2026 3:51:55 PM ProcessModelError
Error Code: -17306, Unknown variable or property name.
Message: 'The post-expression for the step 'Statement' could not be evaluated.
Unknown variable or property name 'Parameters.UUTcorrect'.' at step 'Statement' in seq 'ProcessModelPostStepRuntimeError'

TST-C-ROS-T2935    9/7/2026 3:51:56 PM ProcessModelError
Error Code: -17306, Unknown variable or property name.
Message: 'The post-expression for the step 'Statement' could not be evaluated.
Unknown variable or property name 'Parameters.UUTcorrect'.' at step 'Statement' in seq 'ProcessModelPostStepRuntimeError'

TST-C-ROS-T2935    9/7/2026 3:51:56 PM ProcessModelError
Error Code: -17306, Unknown variable or property name.
Message: 'The post-expression for the step 'Statement' could not be evaluated.
Unknown variable or property name 'Parameters.UUTcorrect'.' at step 'Statement' in seq 'ProcessModelPostStepRuntimeError'

TST-C-ROS-T2935    9/7/2026 3:51:56 PM ProcessModelError
Error Code: -17306, Unknown variable or property name.
Message: 'The post-expression for the step 'Statement' could not be evaluated.
Unknown variable or property name 'Parameters.UUTcorrect'.' at step 'Statement' in seq 'ProcessModelPostStepRuntimeError'

TST-C-ROS-T2935    9/7/2026 3:51:57 PM ProcessModelError
Error Code: -17306, Unknown variable or property name.
Message: 'The post-expression for the step 'Statement' could not be evaluated.
Unknown variable or property name 'Parameters.UUTcorrect'.' at step 'Statement' in seq 'ProcessModelPostStepRuntimeError'

TST-C-ROS-T2935    9/7/2026 3:51:57 PM ProcessModelError
Error Code: -17306, Unknown variable or property name.
Message: 'The post-expression for the step 'Statement' could not be evaluated.
Unknown variable or property name 'Parameters.UUTcorrect'.' at step 'Statement' in seq 'ProcessModelPostStepRuntimeError'

TST-C-ROS-T2935    9/7/2026 3:51:57 PM ProcessModelError
Error Code: -17306, Unknown variable or property name.
Message: 'The post-expression for the step 'Statement' could not be evaluated.
Unknown variable or property name 'Parameters.UUTcorrect'.' at step 'Statement' in seq 'ProcessModelPostStepRuntimeError'

TST-C-ROS-T2935    9/7/2026 3:51:57 PM ProcessModelError
Error Code: -17306, Unknown variable or property name.
Message: 'The post-expression for the step 'Statement' could not be evaluated.
Unknown variable or property name 'Parameters.UUTcorrect'.' at step 'Statement' in seq 'ProcessModelPostStepRuntimeError'

TST-C-ROS-T2935    9/7/2026 3:51:58 PM ProcessModelError
Error Code: -17306, Unknown variable or property name.
Message: 'The post-expression for the step 'Statement' could not be evaluated.
Unknown variable or property name 'Parameters.UUTcorrect'.' at step 'Statement' in seq 'ProcessModelPostStepRuntimeError'

TST-C-ROS-T2935    9/7/2026 3:51:58 PM ProcessModelError
Error Code: -17306, Unknown variable or property name.
Message: 'The post-expression for the step 'Statement' could not be evaluated.
Unknown variable or property name 'Parameters.UUTcorrect'.' at step 'Statement' in seq 'ProcessModelPostStepRuntimeError'

TST-C-ROS-T2935    9/7/2026 3:51:58 PM ProcessModelError
Error Code: -17306, Unknown variable or property name.
Message: 'The post-expression for the step 'Statement' could not be evaluated.
Unknown variable or property name 'Parameters.UUTcorrect'.' at step 'Statement' in seq 'ProcessModelPostStepRuntimeError'

TST-C-ROS-T2935    9/7/2026 3:51:59 PM ProcessModelError
Error Code: -17306, Unknown variable or property name.
Message: 'The post-expression for the step 'Statement' could not be evaluated.
Unknown variable or property name 'Parameters.UUTcorrect'.' at step 'Statement' in seq 'ProcessModelPostStepRuntimeError'

TST-C-ROS-T2935    9/7/2026 3:51:59 PM ProcessModelError
Error Code: -17306, Unknown variable or property name.
Message: 'The post-expression for the step 'Statement' could not be evaluated.
Unknown variable or property name 'Parameters.UUTcorrect'.' at step 'Statement' in seq 'ProcessModelPostStepRuntimeError'

TST-C-ROS-T2935    9/7/2026 3:51:59 PM ProcessModelError
Error Code: -17306, Unknown variable or property name.
Message: 'The post-expression for the step 'Statement' could not be evaluated.
Unknown variable or property name 'Parameters.UUTcorrect'.' at step 'Statement' in seq 'ProcessModelPostStepRuntimeError'

TST-C-ROS-T2935    9/7/2026 3:52:00 PM ProcessModelError
Error Code: -17306, Unknown variable or property name.
Message: 'The post-expression for the step 'Statement' could not be evaluated.
Unknown variable or property name 'Parameters.UUTcorrect'.' at step 'Statement' in seq 'ProcessModelPostStepRuntimeError'

TST-C-ROS-T2935    9/7/2026 3:52:00 PM ProcessModelError
Error Code: -17306, Unknown variable or property name.
Message: 'The post-expression for the step 'Statement' could not be evaluated.
Unknown variable or property name 'Parameters.UUTcorrect'.' at step 'Statement' in seq 'ProcessModelPostStepRuntimeError'

TST-C-ROS-T2935    9/7/2026 3:52:00 PM ProcessModelError
Error Code: -17306, Unknown variable or property name.
Message: 'The post-expression for the step 'Statement' could not be evaluated.
Unknown variable or property name 'Parameters.UUTcorrect'.' at step 'Statement' in seq 'ProcessModelPostStepRuntimeError'

TST-C-ROS-T2935    9/7/2026 3:52:01 PM ProcessModelError
Error Code: -17306, Unknown variable or property name.
Message: 'The post-expression for the step 'Statement' could not be evaluated.
Unknown variable or property name 'Parameters.UUTcorrect'.' at step 'Statement' in seq 'ProcessModelPostStepRuntimeError'

TST-C-ROS-T2935    9/7/2026 3:52:01 PM ProcessModelError
Error Code: -17306, Unknown variable or property name.
Message: 'The post-expression for the step 'Statement' could not be evaluated.
Unknown variable or property name 'Parameters.UUTcorrect'.' at step 'Statement' in seq 'ProcessModelPostStepRuntimeError'

TST-C-ROS-T2935    9/7/2026 3:52:01 PM ProcessModelError
Error Code: -17306, Unknown variable or property name.
Message: 'The post-expression for the step 'Statement' could not be evaluated.
Unknown variable or property name 'Parameters.UUTcorrect'.' at step 'Statement' in seq 'ProcessModelPostStepRuntimeError'

TST-C-ROS-T2935    9/7/2026 3:52:02 PM ProcessModelError
Error Code: -17306, Unknown variable or property name.
Message: 'The post-expression for the step 'Statement' could not be evaluated.
Unknown variable or property name 'Parameters.UUTcorrect'.' at step 'Statement' in seq 'ProcessModelPostStepRuntimeError'

TST-C-ROS-T2935    9/7/2026 3:52:02 PM ProcessModelError
Error Code: -17306, Unknown variable or property name.
Message: 'The post-expression for the step 'Statement' could not be evaluated.
Unknown variable or property name 'Parameters.UUTcorrect'.' at step 'Statement' in seq 'ProcessModelPostStepRuntimeError'

TST-C-ROS-T2935    9/7/2026 3:52:02 PM ProcessModelError
Error Code: -17306, Unknown variable or property name.
Message: 'The post-expression for the step 'Statement' could not be evaluated.
Unknown variable or property name 'Parameters.UUTcorrect'.' at step 'Statement' in seq 'ProcessModelPostStepRuntimeError'

TST-C-ROS-T2935    9/7/2026 3:52:03 PM ProcessModelError
Error Code: -17306, Unknown variable or property name.
Message: 'The post-expression for the step 'Statement' could not be evaluated.
Unknown variable or property name 'Parameters.UUTcorrect'.' at step 'Statement' in seq 'ProcessModelPostStepRuntimeError'

TST-C-ROS-T2935    9/7/2026 3:52:03 PM ProcessModelError
Error Code: -17306, Unknown variable or property name.
Message: 'The post-expression for the step 'Statement' could not be evaluated.
Unknown variable or property name 'Parameters.UUTcorrect'.' at step 'Statement' in seq 'ProcessModelPostStepRuntimeError'

TST-C-ROS-T2935    9/7/2026 3:52:03 PM ProcessModelError
Error Code: -17306, Unknown variable or property name.
Message: 'The post-expression for the step 'Statement' could not be evaluated.
Unknown variable or property name 'Parameters.UUTcorrect'.' at step 'Statement' in seq 'ProcessModelPostStepRuntimeError'

TST-C-ROS-T2935    9/7/2026 3:52:04 PM ProcessModelError
Error Code: -17306, Unknown variable or property name.
Message: 'The post-expression for the step 'Statement' could not be evaluated.
Unknown variable or property name 'Parameters.UUTcorrect'.' at step 'Statement' in seq 'ProcessModelPostStepRuntimeError'

TST-C-ROS-T2935    9/7/2026 3:52:04 PM ProcessModelError
Error Code: -17306, Unknown variable or property name.
Message: 'The post-expression for the step 'Statement' could not be evaluated.
Unknown variable or property name 'Parameters.UUTcorrect'.' at step 'Statement' in seq 'ProcessModelPostStepRuntimeError'

TST-C-ROS-T2935    9/7/2026 3:52:04 PM ProcessModelError
Error Code: -17306, Unknown variable or property name.
Message: 'The post-expression for the step 'Statement' could not be evaluated.
Unknown variable or property name 'Parameters.UUTcorrect'.' at step 'Statement' in seq 'ProcessModelPostStepRuntimeError'

TST-C-ROS-T2935    9/7/2026 3:52:04 PM ProcessModelError
Error Code: -17306, Unknown variable or property name.
Message: 'The post-expression for the step 'Statement' could not be evaluated.
Unknown variable or property name 'Parameters.UUTcorrect'.' at step 'Statement' in seq 'ProcessModelPostStepRuntimeError'

TST-C-ROS-T2935    9/7/2026 3:52:05 PM ProcessModelError
Error Code: -17306, Unknown variable or property name.
Message: 'The post-expression for the step 'Statement' could not be evaluated.
Unknown variable or property name 'Parameters.UUTcorrect'.' at step 'Statement' in seq 'ProcessModelPostStepRuntimeError'

TST-C-ROS-T2935    9/7/2026 3:52:05 PM ProcessModelError
Error Code: -17306, Unknown variable or property name.
Message: 'The post-expression for the step 'Statement' could not be evaluated.
Unknown variable or property name 'Parameters.UUTcorrect'.' at step 'Statement' in seq 'ProcessModelPostStepRuntimeError'

TST-C-ROS-T2935    9/7/2026 3:52:05 PM ProcessModelError
Error Code: -17306, Unknown variable or property name.
Message: 'The post-expression for the step 'Statement' could not be evaluated.
Unknown variable or property name 'Parameters.UUTcorrect'.' at step 'Statement' in seq 'ProcessModelPostStepRuntimeError'

TST-C-ROS-T2935    9/7/2026 3:52:06 PM ProcessModelError
Error Code: -17306, Unknown variable or property name.
Message: 'The post-expression for the step 'Statement' could not be evaluated.
Unknown variable or property name 'Parameters.UUTcorrect'.' at step 'Statement' in seq 'ProcessModelPostStepRuntimeError'

TST-C-ROS-T2935    9/7/2026 3:52:06 PM ProcessModelError
Error Code: -17306, Unknown variable or property name.
Message: 'The post-expression for the step 'Statement' could not be evaluated.
Unknown variable or property name 'Parameters.UUTcorrect'.' at step 'Statement' in seq 'ProcessModelPostStepRuntimeError'

TST-C-ROS-T2935    9/7/2026 3:52:06 PM ProcessModelError
Error Code: -17306, Unknown variable or property name.
Message: 'The post-expression for the step 'Statement' could not be evaluated.
Unknown variable or property name 'Parameters.UUTcorrect'.' at step 'Statement' in seq 'ProcessModelPostStepRuntimeError'

TST-C-ROS-T2935    9/7/2026 3:52:07 PM ProcessModelError
Error Code: -17306, Unknown variable or property name.
Message: 'The post-expression for the step 'Statement' could not be evaluated.
Unknown variable or property name 'Parameters.UUTcorrect'.' at step 'Statement' in seq 'ProcessModelPostStepRuntimeError'

TST-C-ROS-T2935    9/7/2026 3:52:07 PM ProcessModelError
Error Code: -17306, Unknown variable or property name.
Message: 'The post-expression for the step 'Statement' could not be evaluated.
Unknown variable or property name 'Parameters.UUTcorrect'.' at step 'Statement' in seq 'ProcessModelPostStepRuntimeError'

TST-C-ROS-T2935    9/7/2026 3:52:07 PM ProcessModelError
Error Code: -17306, Unknown variable or property name.
Message: 'The post-expression for the step 'Statement' could not be evaluated.
Unknown variable or property name 'Parameters.UUTcorrect'.' at step 'Statement' in seq 'ProcessModelPostStepRuntimeError'

TST-C-ROS-T2935    9/7/2026 3:52:08 PM ProcessModelError
Error Code: -17306, Unknown variable or property name.
Message: 'The post-expression for the step 'Statement' could not be evaluated.
Unknown variable or property name 'Parameters.UUTcorrect'.' at step 'Statement' in seq 'ProcessModelPostStepRuntimeError'

TST-C-ROS-T2935    9/7/2026 3:52:08 PM ProcessModelError
Error Code: -17306, Unknown variable or property name.
Message: 'The post-expression for the step 'Statement' could not be evaluated.
Unknown variable or property name 'Parameters.UUTcorrect'.' at step 'Statement' in seq 'ProcessModelPostStepRuntimeError'

TST-C-ROS-T2935    9/7/2026 3:52:08 PM ProcessModelError
Error Code: -17306, Unknown variable or property name.
Message: 'The post-expression for the step 'Statement' could not be evaluated.
Unknown variable or property name 'Parameters.UUTcorrect'.' at step 'Statement' in seq 'ProcessModelPostStepRuntimeError'

TST-C-ROS-T2935    9/7/2026 3:52:09 PM ProcessModelError
Error Code: -17306, Unknown variable or property name.
Message: 'The post-expression for the step 'Statement' could not be evaluated.
Unknown variable or property name 'Parameters.UUTcorrect'.' at step 'Statement' in seq 'ProcessModelPostStepRuntimeError'

TST-C-ROS-T2935    9/7/2026 3:52:09 PM ProcessModelError
Error Code: -17306, Unknown variable or property name.
Message: 'The post-expression for the step 'Statement' could not be evaluated.
Unknown variable or property name 'Parameters.UUTcorrect'.' at step 'Statement' in seq 'ProcessModelPostStepRuntimeError'

TST-C-ROS-T2935    9/7/2026 3:52:09 PM ProcessModelError
Error Code: -17306, Unknown variable or property name.
Message: 'The post-expression for the step 'Statement' could not be evaluated.
Unknown variable or property name 'Parameters.UUTcorrect'.' at step 'Statement' in seq 'ProcessModelPostStepRuntimeError'

TST-C-ROS-T2935    9/7/2026 3:52:10 PM ProcessModelError
Error Code: -17306, Unknown variable or property name.
Message: 'The post-expression for the step 'Statement' could not be evaluated.
Unknown variable or property name 'Parameters.UUTcorrect'.' at step 'Statement' in seq 'ProcessModelPostStepRuntimeError'

TST-C-ROS-T2935    9/7/2026 3:52:10 PM ProcessModelError
Error Code: -17306, Unknown variable or property name.
Message: 'The post-expression for the step 'Statement' could not be evaluated.
Unknown variable or property name 'Parameters.UUTcorrect'.' at step 'Statement' in seq 'ProcessModelPostStepRuntimeError'

TST-C-ROS-T2935    9/7/2026 3:52:10 PM ProcessModelError
Error Code: -17306, Unknown variable or property name.
Message: 'The post-expression for the step 'Statement' could not be evaluated.
Unknown variable or property name 'Parameters.UUTcorrect'.' at step 'Statement' in seq 'ProcessModelPostStepRuntimeError'

TST-C-ROS-T2935    9/7/2026 3:52:11 PM ProcessModelError
Error Code: -17306, Unknown variable or property name.
Message: 'The post-expression for the step 'Statement' could not be evaluated.
Unknown variable or property name 'Parameters.UUTcorrect'.' at step 'Statement' in seq 'ProcessModelPostStepRuntimeError'

TST-C-ROS-T2935    9/7/2026 3:52:11 PM ProcessModelError
Error Code: -17306, Unknown variable or property name.
Message: 'The post-expression for the step 'Statement' could not be evaluated.
Unknown variable or property name 'Parameters.UUTcorrect'.' at step 'Statement' in seq 'ProcessModelPostStepRuntimeError'

TST-C-ROS-T2935    9/7/2026 3:52:11 PM ProcessModelError
Error Code: -17306, Unknown variable or property name.
Message: 'The post-expression for the step 'Statement' could not be evaluated.
Unknown variable or property name 'Parameters.UUTcorrect'.' at step 'Statement' in seq 'ProcessModelPostStepRuntimeError'

TST-C-ROS-T2935    9/7/2026 3:52:11 PM ProcessModelError
Error Code: -17306, Unknown variable or property name.
Message: 'The post-expression for the step 'Statement' could not be evaluated.
Unknown variable or property name 'Parameters.UUTcorrect'.' at step 'Statement' in seq 'ProcessModelPostStepRuntimeError'

TST-C-ROS-T2935    9/7/2026 3:52:12 PM ProcessModelError
Error Code: -17306, Unknown variable or property name.
Message: 'The post-expression for the step 'Statement' could not be evaluated.
Unknown variable or property name 'Parameters.UUTcorrect'.' at step 'Statement' in seq 'ProcessModelPostStepRuntimeError'

TST-C-ROS-T2935    9/7/2026 3:52:12 PM ProcessModelError
Error Code: -17306, Unknown variable or property name.
Message: 'The post-expression for the step 'Statement' could not be evaluated.
Unknown variable or property name 'Parameters.UUTcorrect'.' at step 'Statement' in seq 'ProcessModelPostStepRuntimeError'

TST-C-ROS-T2935    9/7/2026 3:52:12 PM ProcessModelError
Error Code: -17306, Unknown variable or property name.
Message: 'The post-expression for the step 'Statement' could not be evaluated.
Unknown variable or property name 'Parameters.UUTcorrect'.' at step 'Statement' in seq 'ProcessModelPostStepRuntimeError'

TST-C-ROS-T2935    9/7/2026 3:52:13 PM ProcessModelError
Error Code: -17306, Unknown variable or property name.
Message: 'The post-expression for the step 'Statement' could not be evaluated.
Unknown variable or property name 'Parameters.UUTcorrect'.' at step 'Statement' in seq 'ProcessModelPostStepRuntimeError'

TST-C-ROS-T2935    9/7/2026 3:52:13 PM ProcessModelError
Error Code: -17306, Unknown variable or property name.
Message: 'The post-expression for the step 'Statement' could not be evaluated.
Unknown variable or property name 'Parameters.UUTcorrect'.' at step 'Statement' in seq 'ProcessModelPostStepRuntimeError'

TST-C-ROS-T2935    9/7/2026 3:52:13 PM ProcessModelError
Error Code: -17306, Unknown variable or property name.
Message: 'The post-expression for the step 'Statement' could not be evaluated.
Unknown variable or property name 'Parameters.UUTcorrect'.' at step 'Statement' in seq 'ProcessModelPostStepRuntimeError'

TST-C-ROS-T2935    9/7/2026 3:52:14 PM ProcessModelError
Error Code: -17306, Unknown variable or property name.
Message: 'The post-expression for the step 'Statement' could not be evaluated.
Unknown variable or property name 'Parameters.UUTcorrect'.' at step 'Statement' in seq 'ProcessModelPostStepRuntimeError'

TST-C-ROS-T2935    9/7/2026 3:52:14 PM ProcessModelError
Error Code: -17306, Unknown variable or property name.
Message: 'The post-expression for the step 'Statement' could not be evaluated.
Unknown variable or property name 'Parameters.UUTcorrect'.' at step 'Statement' in seq 'ProcessModelPostStepRuntimeError'

TST-C-ROS-T2935    9/7/2026 3:52:14 PM ProcessModelError
Error Code: -17306, Unknown variable or property name.
Message: 'The post-expression for the step 'Statement' could not be evaluated.
Unknown variable or property name 'Parameters.UUTcorrect'.' at step 'Statement' in seq 'ProcessModelPostStepRuntimeError'

TST-C-ROS-T2935    9/7/2026 3:52:15 PM ProcessModelError
Error Code: -17306, Unknown variable or property name.
Message: 'The post-expression for the step 'Statement' could not be evaluated.
Unknown variable or property name 'Parameters.UUTcorrect'.' at step 'Statement' in seq 'ProcessModelPostStepRuntimeError'

TST-C-ROS-T2935    9/7/2026 3:52:15 PM ProcessModelError
Error Code: -17306, Unknown variable or property name.
Message: 'The post-expression for the step 'Statement' could not be evaluated.
Unknown variable or property name 'Parameters.UUTcorrect'.' at step 'Statement' in seq 'ProcessModelPostStepRuntimeError'

TST-C-ROS-T2935    9/7/2026 3:52:15 PM ProcessModelError
Error Code: -17306, Unknown variable or property name.
Message: 'The post-expression for the step 'Statement' could not be evaluated.
Unknown variable or property name 'Parameters.UUTcorrect'.' at step 'Statement' in seq 'ProcessModelPostStepRuntimeError'

TST-C-ROS-T2935    9/7/2026 3:52:16 PM ProcessModelError
Error Code: -17306, Unknown variable or property name.
Message: 'The post-expression for the step 'Statement' could not be evaluated.
Unknown variable or property name 'Parameters.UUTcorrect'.' at step 'Statement' in seq 'ProcessModelPostStepRuntimeError'

TST-C-ROS-T2935    9/7/2026 3:52:16 PM ProcessModelError
Error Code: -17306, Unknown variable or property name.
Message: 'The post-expression for the step 'Statement' could not be evaluated.
Unknown variable or property name 'Parameters.UUTcorrect'.' at step 'Statement' in seq 'ProcessModelPostStepRuntimeError'

TST-C-ROS-T2935    9/7/2026 3:52:16 PM ProcessModelError
Error Code: -17306, Unknown variable or property name.
Message: 'The post-expression for the step 'Statement' could not be evaluated.
Unknown variable or property name 'Parameters.UUTcorrect'.' at step 'Statement' in seq 'ProcessModelPostStepRuntimeError'

TST-C-ROS-T2935    9/7/2026 3:52:17 PM ProcessModelError
Error Code: -17306, Unknown variable or property name.
Message: 'The post-expression for the step 'Statement' could not be evaluated.
Unknown variable or property name 'Parameters.UUTcorrect'.' at step 'Statement' in seq 'ProcessModelPostStepRuntimeError'

TST-C-ROS-T2935    9/7/2026 3:52:17 PM ProcessModelError
Error Code: -17306, Unknown variable or property name.
Message: 'The post-expression for the step 'Statement' could not be evaluated.
Unknown variable or property name 'Parameters.UUTcorrect'.' at step 'Statement' in seq 'ProcessModelPostStepRuntimeError'

TST-C-ROS-T2935    9/7/2026 3:52:17 PM ProcessModelError
Error Code: -17306, Unknown variable or property name.
Message: 'The post-expression for the step 'Statement' could not be evaluated.
Unknown variable or property name 'Parameters.UUTcorrect'.' at step 'Statement' in seq 'ProcessModelPostStepRuntimeError'

TST-C-ROS-T2935    9/7/2026 3:52:18 PM ProcessModelError
Error Code: -17306, Unknown variable or property name.
Message: 'The post-expression for the step 'Statement' could not be evaluated.
Unknown variable or property name 'Parameters.UUTcorrect'.' at step 'Statement' in seq 'ProcessModelPostStepRuntimeError'

TST-C-ROS-T2935    9/7/2026 3:52:18 PM ProcessModelError
Error Code: -17306, Unknown variable or property name.
Message: 'The post-expression for the step 'Statement' could not be evaluated.
Unknown variable or property name 'Parameters.UUTcorrect'.' at step 'Statement' in seq 'ProcessModelPostStepRuntimeError'

TST-C-ROS-T2935    9/7/2026 3:52:18 PM ProcessModelError
Error Code: -17306, Unknown variable or property name.
Message: 'The post-expression for the step 'Statement' could not be evaluated.
Unknown variable or property name 'Parameters.UUTcorrect'.' at step 'Statement' in seq 'ProcessModelPostStepRuntimeError'

TST-C-ROS-T2935    9/7/2026 3:52:18 PM ProcessModelError
Error Code: -17306, Unknown variable or property name.
Message: 'The post-expression for the step 'Statement' could not be evaluated.
Unknown variable or property name 'Parameters.UUTcorrect'.' at step 'Statement' in seq 'ProcessModelPostStepRuntimeError'

TST-C-ROS-T2935    9/7/2026 3:52:19 PM ProcessModelError
Error Code: -17306, Unknown variable or property name.
Message: 'The post-expression for the step 'Statement' could not be evaluated.
Unknown variable or property name 'Parameters.UUTcorrect'.' at step 'Statement' in seq 'ProcessModelPostStepRuntimeError'

TST-C-ROS-T2935    9/7/2026 3:52:19 PM ProcessModelError
Error Code: -17306, Unknown variable or property name.
Message: 'The post-expression for the step 'Statement' could not be evaluated.
Unknown variable or property name 'Parameters.UUTcorrect'.' at step 'Statement' in seq 'ProcessModelPostStepRuntimeError'

TST-C-ROS-T2935    9/7/2026 3:52:19 PM ProcessModelError
Error Code: -17306, Unknown variable or property name.
Message: 'The post-expression for the step 'Statement' could not be evaluated.
Unknown variable or property name 'Parameters.UUTcorrect'.' at step 'Statement' in seq 'ProcessModelPostStepRuntimeError'

TST-C-ROS-T2935    9/7/2026 3:52:20 PM ProcessModelError
Error Code: -17306, Unknown variable or property name.
Message: 'The post-expression for the step 'Statement' could not be evaluated.
Unknown variable or property name 'Parameters.UUTcorrect'.' at step 'Statement' in seq 'ProcessModelPostStepRuntimeError'

TST-C-ROS-T2935    9/7/2026 3:52:20 PM ProcessModelError
Error Code: -17306, Unknown variable or property name.
Message: 'The post-expression for the step 'Statement' could not be evaluated.
Unknown variable or property name 'Parameters.UUTcorrect'.' at step 'Statement' in seq 'ProcessModelPostStepRuntimeError'

TST-C-ROS-T2935    9/7/2026 3:52:20 PM ProcessModelError
Error Code: -17306, Unknown variable or property name.
Message: 'The post-expression for the step 'Statement' could not be evaluated.
Unknown variable or property name 'Parameters.UUTcorrect'.' at step 'Statement' in seq 'ProcessModelPostStepRuntimeError'

TST-C-ROS-T2935    9/7/2026 3:52:21 PM ProcessModelError
Error Code: -17306, Unknown variable or property name.
Message: 'The post-expression for the step 'Statement' could not be evaluated.
Unknown variable or property name 'Parameters.UUTcorrect'.' at step 'Statement' in seq 'ProcessModelPostStepRuntimeError'

TST-C-ROS-T2935    9/7/2026 3:52:21 PM ProcessModelError
Error Code: -17306, Unknown variable or property name.
Message: 'The post-expression for the step 'Statement' could not be evaluated.
Unknown variable or property name 'Parameters.UUTcorrect'.' at step 'Statement' in seq 'ProcessModelPostStepRuntimeError'

TST-C-ROS-T2935    9/7/2026 3:52:21 PM ProcessModelError
Error Code: -17306, Unknown variable or property name.
Message: 'The post-expression for the step 'Statement' could not be evaluated.
Unknown variable or property name 'Parameters.UUTcorrect'.' at step 'Statement' in seq 'ProcessModelPostStepRuntimeError'

TST-C-ROS-T2935    9/7/2026 3:52:22 PM ProcessModelError
Error Code: -17306, Unknown variable or property name.
Message: 'The post-expression for the step 'Statement' could not be evaluated.
Unknown variable or property name 'Parameters.UUTcorrect'.' at step 'Statement' in seq 'ProcessModelPostStepRuntimeError'

TST-C-ROS-T2935    9/7/2026 3:52:22 PM ProcessModelError
Error Code: -17306, Unknown variable or property name.
Message: 'The post-expression for the step 'Statement' could not be evaluated.
Unknown variable or property name 'Parameters.UUTcorrect'.' at step 'Statement' in seq 'ProcessModelPostStepRuntimeError'

TST-C-ROS-T2935    9/7/2026 3:52:22 PM ProcessModelError
Error Code: -17306, Unknown variable or property name.
Message: 'The post-expression for the step 'Statement' could not be evaluated.
Unknown variable or property name 'Parameters.UUTcorrect'.' at step 'Statement' in seq 'ProcessModelPostStepRuntimeError'

TST-C-ROS-T2935    9/7/2026 3:52:23 PM ProcessModelError
Error Code: -17306, Unknown variable or property name.
Message: 'The post-expression for the step 'Statement' could not be evaluated.
Unknown variable or property name 'Parameters.UUTcorrect'.' at step 'Statement' in seq 'ProcessModelPostStepRuntimeError'

TST-C-ROS-T2935    9/7/2026 3:52:23 PM ProcessModelError
Error Code: -17306, Unknown variable or property name.
Message: 'The post-expression for the step 'Statement' could not be evaluated.
Unknown variable or property name 'Parameters.UUTcorrect'.' at step 'Statement' in seq 'ProcessModelPostStepRuntimeError'

TST-C-ROS-T2935    9/7/2026 3:52:23 PM ProcessModelError
Error Code: -17306, Unknown variable or property name.
Message: 'The post-expression for the step 'Statement' could not be evaluated.
Unknown variable or property name 'Parameters.UUTcorrect'.' at step 'Statement' in seq 'ProcessModelPostStepRuntimeError'

TST-C-ROS-T2935    9/7/2026 3:52:24 PM ProcessModelError
Error Code: -17306, Unknown variable or property name.
Message: 'The post-expression for the step 'Statement' could not be evaluated.
Unknown variable or property name 'Parameters.UUTcorrect'.' at step 'Statement' in seq 'ProcessModelPostStepRuntimeError'

TST-C-ROS-T2935    9/7/2026 3:52:24 PM ProcessModelError
Error Code: -17306, Unknown variable or property name.
Message: 'The post-expression for the step 'Statement' could not be evaluated.
Unknown variable or property name 'Parameters.UUTcorrect'.' at step 'Statement' in seq 'ProcessModelPostStepRuntimeError'

TST-C-ROS-T2935    9/7/2026 3:52:24 PM ProcessModelError
Error Code: -17306, Unknown variable or property name.
Message: 'The post-expression for the step 'Statement' could not be evaluated.
Unknown variable or property name 'Parameters.UUTcorrect'.' at step 'Statement' in seq 'ProcessModelPostStepRuntimeError'

TST-C-ROS-T2935    9/7/2026 3:52:25 PM ProcessModelError
Error Code: -17306, Unknown variable or property name.
Message: 'The post-expression for the step 'Statement' could not be evaluated.
Unknown variable or property name 'Parameters.UUTcorrect'.' at step 'Statement' in seq 'ProcessModelPostStepRuntimeError'

TST-C-ROS-T2935    9/7/2026 3:52:25 PM ProcessModelError
Error Code: -17306, Unknown variable or property name.
Message: 'The post-expression for the step 'Statement' could not be evaluated.
Unknown variable or property name 'Parameters.UUTcorrect'.' at step 'Statement' in seq 'ProcessModelPostStepRuntimeError'

TST-C-ROS-T2935    9/7/2026 3:52:25 PM ProcessModelError
Error Code: -17306, Unknown variable or property name.
Message: 'The post-expression for the step 'Statement' could not be evaluated.
Unknown variable or property name 'Parameters.UUTcorrect'.' at step 'Statement' in seq 'ProcessModelPostStepRuntimeError'

TST-C-ROS-T2935    9/7/2026 3:52:26 PM ProcessModelError
Error Code: -17306, Unknown variable or property name.
Message: 'The post-expression for the step 'Statement' could not be evaluated.
Unknown variable or property name 'Parameters.UUTcorrect'.' at step 'Statement' in seq 'ProcessModelPostStepRuntimeError'

TST-C-ROS-T2935    9/7/2026 3:52:26 PM ProcessModelError
Error Code: -17306, Unknown variable or property name.
Message: 'The post-expression for the step 'Statement' could not be evaluated.
Unknown variable or property name 'Parameters.UUTcorrect'.' at step 'Statement' in seq 'ProcessModelPostStepRuntimeError'

TST-C-ROS-T2935    9/7/2026 3:52:26 PM ProcessModelError
Error Code: -17306, Unknown variable or property name.
Message: 'The post-expression for the step 'Statement' could not be evaluated.
Unknown variable or property name 'Parameters.UUTcorrect'.' at step 'Statement' in seq 'ProcessModelPostStepRuntimeError'

TST-C-ROS-T2935    9/7/2026 3:52:26 PM ProcessModelError
Error Code: -17306, Unknown variable or property name.
Message: 'The post-expression for the step 'Statement' could not be evaluated.
Unknown variable or property name 'Parameters.UUTcorrect'.' at step 'Statement' in seq 'ProcessModelPostStepRuntimeError'

TST-C-ROS-T2935    9/7/2026 3:52:27 PM ProcessModelError
Error Code: -17306, Unknown variable or property name.
Message: 'The post-expression for the step 'Statement' could not be evaluated.
Unknown variable or property name 'Parameters.UUTcorrect'.' at step 'Statement' in seq 'ProcessModelPostStepRuntimeError'

TST-C-ROS-T2935    9/7/2026 3:52:27 PM ProcessModelError
Error Code: -17306, Unknown variable or property name.
Message: 'The post-expression for the step 'Statement' could not be evaluated.
Unknown variable or property name 'Parameters.UUTcorrect'.' at step 'Statement' in seq 'ProcessModelPostStepRuntimeError'

TST-C-ROS-T2935    9/7/2026 3:52:27 PM ProcessModelError
Error Code: -17306, Unknown variable or property name.
Message: 'The post-expression for the step 'Statement' could not be evaluated.
Unknown variable or property name 'Parameters.UUTcorrect'.' at step 'Statement' in seq 'ProcessModelPostStepRuntimeError'

TST-C-ROS-T2935    9/7/2026 3:52:28 PM ProcessModelError
Error Code: -17306, Unknown variable or property name.
Message: 'The post-expression for the step 'Statement' could not be evaluated.
Unknown variable or property name 'Parameters.UUTcorrect'.' at step 'Statement' in seq 'ProcessModelPostStepRuntimeError'

TST-C-ROS-T2935    9/7/2026 3:52:28 PM ProcessModelError
Error Code: -17306, Unknown variable or property name.
Message: 'The post-expression for the step 'Statement' could not be evaluated.
Unknown variable or property name 'Parameters.UUTcorrect'.' at step 'Statement' in seq 'ProcessModelPostStepRuntimeError'

TST-C-ROS-T2935    9/7/2026 3:52:28 PM ProcessModelError
Error Code: -17306, Unknown variable or property name.
Message: 'The post-expression for the step 'Statement' could not be evaluated.
Unknown variable or property name 'Parameters.UUTcorrect'.' at step 'Statement' in seq 'ProcessModelPostStepRuntimeError'

TST-C-ROS-T2935    9/7/2026 3:52:29 PM ProcessModelError
Error Code: -17306, Unknown variable or property name.
Message: 'The post-expression for the step 'Statement' could not be evaluated.
Unknown variable or property name 'Parameters.UUTcorrect'.' at step 'Statement' in seq 'ProcessModelPostStepRuntimeError'

TST-C-ROS-T2935    9/7/2026 3:52:29 PM ProcessModelError
Error Code: -17306, Unknown variable or property name.
Message: 'The post-expression for the step 'Statement' could not be evaluated.
Unknown variable or property name 'Parameters.UUTcorrect'.' at step 'Statement' in seq 'ProcessModelPostStepRuntimeError'

TST-C-ROS-T2935    9/7/2026 3:52:29 PM ProcessModelError
Error Code: -17306, Unknown variable or property name.
Message: 'The post-expression for the step 'Statement' could not be evaluated.
Unknown variable or property name 'Parameters.UUTcorrect'.' at step 'Statement' in seq 'ProcessModelPostStepRuntimeError'

TST-C-ROS-T2935    9/7/2026 3:52:30 PM ProcessModelError
Error Code: -17306, Unknown variable or property name.
Message: 'The post-expression for the step 'Statement' could not be evaluated.
Unknown variable or property name 'Parameters.UUTcorrect'.' at step 'Statement' in seq 'ProcessModelPostStepRuntimeError'

TST-C-ROS-T2935    9/7/2026 3:52:30 PM ProcessModelError
Error Code: -17306, Unknown variable or property name.
Message: 'The post-expression for the step 'Statement' could not be evaluated.
Unknown variable or property name 'Parameters.UUTcorrect'.' at step 'Statement' in seq 'ProcessModelPostStepRuntimeError'

TST-C-ROS-T2935    9/7/2026 3:52:30 PM ProcessModelError
Error Code: -17306, Unknown variable or property name.
Message: 'The post-expression for the step 'Statement' could not be evaluated.
Unknown variable or property name 'Parameters.UUTcorrect'.' at step 'Statement' in seq 'ProcessModelPostStepRuntimeError'

TST-C-ROS-T2935    9/7/2026 3:52:31 PM ProcessModelError
Error Code: -17306, Unknown variable or property name.
Message: 'The post-expression for the step 'Statement' could not be evaluated.
Unknown variable or property name 'Parameters.UUTcorrect'.' at step 'Statement' in seq 'ProcessModelPostStepRuntimeError'

TST-C-ROS-T2935    9/7/2026 3:52:31 PM ProcessModelError
Error Code: -17306, Unknown variable or property name.
Message: 'The post-expression for the step 'Statement' could not be evaluated.
Unknown variable or property name 'Parameters.UUTcorrect'.' at step 'Statement' in seq 'ProcessModelPostStepRuntimeError'

TST-C-ROS-T2935    9/7/2026 3:52:31 PM ProcessModelError
Error Code: -17306, Unknown variable or property name.
Message: 'The post-expression for the step 'Statement' could not be evaluated.
Unknown variable or property name 'Parameters.UUTcorrect'.' at step 'Statement' in seq 'ProcessModelPostStepRuntimeError'

TST-C-ROS-T2935    9/7/2026 3:52:32 PM ProcessModelError
Error Code: -17306, Unknown variable or property name.
Message: 'The post-expression for the step 'Statement' could not be evaluated.
Unknown variable or property name 'Parameters.UUTcorrect'.' at step 'Statement' in seq 'ProcessModelPostStepRuntimeError'

TST-C-ROS-T2935    9/7/2026 3:52:32 PM ProcessModelError
Error Code: -17306, Unknown variable or property name.
Message: 'The post-expression for the step 'Statement' could not be evaluated.
Unknown variable or property name 'Parameters.UUTcorrect'.' at step 'Statement' in seq 'ProcessModelPostStepRuntimeError'

TST-C-ROS-T2935    9/7/2026 3:52:32 PM ProcessModelError
Error Code: -17306, Unknown variable or property name.
Message: 'The post-expression for the step 'Statement' could not be evaluated.
Unknown variable or property name 'Parameters.UUTcorrect'.' at step 'Statement' in seq 'ProcessModelPostStepRuntimeError'

TST-C-ROS-T2935    9/7/2026 3:52:33 PM ProcessModelError
Error Code: -17306, Unknown variable or property name.
Message: 'The post-expression for the step 'Statement' could not be evaluated.
Unknown variable or property name 'Parameters.UUTcorrect'.' at step 'Statement' in seq 'ProcessModelPostStepRuntimeError'

TST-C-ROS-T2935    9/7/2026 3:52:33 PM ProcessModelError
Error Code: -17306, Unknown variable or property name.
Message: 'The post-expression for the step 'Statement' could not be evaluated.
Unknown variable or property name 'Parameters.UUTcorrect'.' at step 'Statement' in seq 'ProcessModelPostStepRuntimeError'

TST-C-ROS-T2935    9/7/2026 3:52:33 PM ProcessModelError
Error Code: -17306, Unknown variable or property name.
Message: 'The post-expression for the step 'Statement' could not be evaluated.
Unknown variable or property name 'Parameters.UUTcorrect'.' at step 'Statement' in seq 'ProcessModelPostStepRuntimeError'

TST-C-ROS-T2935    9/7/2026 3:52:33 PM ProcessModelError
Error Code: -17306, Unknown variable or property name.
Message: 'The post-expression for the step 'Statement' could not be evaluated.
Unknown variable or property name 'Parameters.UUTcorrect'.' at step 'Statement' in seq 'ProcessModelPostStepRuntimeError'

TST-C-ROS-T2935    9/7/2026 3:52:34 PM ProcessModelError
Error Code: -17306, Unknown variable or property name.
Message: 'The post-expression for the step 'Statement' could not be evaluated.
Unknown variable or property name 'Parameters.UUTcorrect'.' at step 'Statement' in seq 'ProcessModelPostStepRuntimeError'

TST-C-ROS-T2935    9/7/2026 3:52:34 PM ProcessModelError
Error Code: -17306, Unknown variable or property name.
Message: 'The post-expression for the step 'Statement' could not be evaluated.
Unknown variable or property name 'Parameters.UUTcorrect'.' at step 'Statement' in seq 'ProcessModelPostStepRuntimeError'

TST-C-ROS-T2935    9/7/2026 3:52:34 PM ProcessModelError
Error Code: -17306, Unknown variable or property name.
Message: 'The post-expression for the step 'Statement' could not be evaluated.
Unknown variable or property name 'Parameters.UUTcorrect'.' at step 'Statement' in seq 'ProcessModelPostStepRuntimeError'

TST-C-ROS-T2935    9/7/2026 3:52:35 PM ProcessModelError
Error Code: -17306, Unknown variable or property name.
Message: 'The post-expression for the step 'Statement' could not be evaluated.
Unknown variable or property name 'Parameters.UUTcorrect'.' at step 'Statement' in seq 'ProcessModelPostStepRuntimeError'

TST-C-ROS-T2935    9/7/2026 3:52:35 PM ProcessModelError
Error Code: -17306, Unknown variable or property name.
Message: 'The post-expression for the step 'Statement' could not be evaluated.
Unknown variable or property name 'Parameters.UUTcorrect'.' at step 'Statement' in seq 'ProcessModelPostStepRuntimeError'

TST-C-ROS-T2935    9/7/2026 3:52:35 PM ProcessModelError
Error Code: -17306, Unknown variable or property name.
Message: 'The post-expression for the step 'Statement' could not be evaluated.
Unknown variable or property name 'Parameters.UUTcorrect'.' at step 'Statement' in seq 'ProcessModelPostStepRuntimeError'

TST-C-ROS-T2935    9/7/2026 3:52:36 PM ProcessModelError
Error Code: -17306, Unknown variable or property name.
Message: 'The post-expression for the step 'Statement' could not be evaluated.
Unknown variable or property name 'Parameters.UUTcorrect'.' at step 'Statement' in seq 'ProcessModelPostStepRuntimeError'

TST-C-ROS-T2935    9/7/2026 3:52:36 PM ProcessModelError
Error Code: -17306, Unknown variable or property name.
Message: 'The post-expression for the step 'Statement' could not be evaluated.
Unknown variable or property name 'Parameters.UUTcorrect'.' at step 'Statement' in seq 'ProcessModelPostStepRuntimeError'

TST-C-ROS-T2935    9/7/2026 3:52:36 PM ProcessModelError
Error Code: -17306, Unknown variable or property name.
Message: 'The post-expression for the step 'Statement' could not be evaluated.
Unknown variable or property name 'Parameters.UUTcorrect'.' at step 'Statement' in seq 'ProcessModelPostStepRuntimeError'

TST-C-ROS-T2935    9/7/2026 3:52:37 PM ProcessModelError
Error Code: -17306, Unknown variable or property name.
Message: 'The post-expression for the step 'Statement' could not be evaluated.
Unknown variable or property name 'Parameters.UUTcorrect'.' at step 'Statement' in seq 'ProcessModelPostStepRuntimeError'

TST-C-ROS-T2935    9/7/2026 3:52:37 PM ProcessModelError
Error Code: -17306, Unknown variable or property name.
Message: 'The post-expression for the step 'Statement' could not be evaluated.
Unknown variable or property name 'Parameters.UUTcorrect'.' at step 'Statement' in seq 'ProcessModelPostStepRuntimeError'

TST-C-ROS-T2935    9/7/2026 3:52:37 PM ProcessModelError
Error Code: -17306, Unknown variable or property name.
Message: 'The post-expression for the step 'Statement' could not be evaluated.
Unknown variable or property name 'Parameters.UUTcorrect'.' at step 'Statement' in seq 'ProcessModelPostStepRuntimeError'

TST-C-ROS-T2935    9/7/2026 3:52:38 PM ProcessModelError
Error Code: -17306, Unknown variable or property name.
Message: 'The post-expression for the step 'Statement' could not be evaluated.
Unknown variable or property name 'Parameters.UUTcorrect'.' at step 'Statement' in seq 'ProcessModelPostStepRuntimeError'

TST-C-ROS-T2935    9/7/2026 3:52:38 PM ProcessModelError
Error Code: -17306, Unknown variable or property name.
Message: 'The post-expression for the step 'Statement' could not be evaluated.
Unknown variable or property name 'Parameters.UUTcorrect'.' at step 'Statement' in seq 'ProcessModelPostStepRuntimeError'

TST-C-ROS-T2935    9/7/2026 3:52:38 PM ProcessModelError
Error Code: -17306, Unknown variable or property name.
Message: 'The post-expression for the step 'Statement' could not be evaluated.
Unknown variable or property name 'Parameters.UUTcorrect'.' at step 'Statement' in seq 'ProcessModelPostStepRuntimeError'

TST-C-ROS-T2935    9/7/2026 3:52:39 PM ProcessModelError
Error Code: -17306, Unknown variable or property name.
Message: 'The post-expression for the step 'Statement' could not be evaluated.
Unknown variable or property name 'Parameters.UUTcorrect'.' at step 'Statement' in seq 'ProcessModelPostStepRuntimeError'

TST-C-ROS-T2935    9/7/2026 3:52:39 PM ProcessModelError
Error Code: -17306, Unknown variable or property name.
Message: 'The post-expression for the step 'Statement' could not be evaluated.
Unknown variable or property name 'Parameters.UUTcorrect'.' at step 'Statement' in seq 'ProcessModelPostStepRuntimeError'

TST-C-ROS-T2935    9/7/2026 3:52:39 PM ProcessModelError
Error Code: -17306, Unknown variable or property name.
Message: 'The post-expression for the step 'Statement' could not be evaluated.
Unknown variable or property name 'Parameters.UUTcorrect'.' at step 'Statement' in seq 'ProcessModelPostStepRuntimeError'

TST-C-ROS-T2935    9/7/2026 3:52:40 PM ProcessModelError
Error Code: -17306, Unknown variable or property name.
Message: 'The post-expression for the step 'Statement' could not be evaluated.
Unknown variable or property name 'Parameters.UUTcorrect'.' at step 'Statement' in seq 'ProcessModelPostStepRuntimeError'

TST-C-ROS-T2935    9/7/2026 3:52:40 PM ProcessModelError
Error Code: -17306, Unknown variable or property name.
Message: 'The post-expression for the step 'Statement' could not be evaluated.
Unknown variable or property name 'Parameters.UUTcorrect'.' at step 'Statement' in seq 'ProcessModelPostStepRuntimeError'

TST-C-ROS-T2935    9/7/2026 3:52:40 PM ProcessModelError
Error Code: -17306, Unknown variable or property name.
Message: 'The post-expression for the step 'Statement' could not be evaluated.
Unknown variable or property name 'Parameters.UUTcorrect'.' at step 'Statement' in seq 'ProcessModelPostStepRuntimeError'

TST-C-ROS-T2935    9/7/2026 3:52:40 PM ProcessModelError
Error Code: -17306, Unknown variable or property name.
Message: 'The post-expression for the step 'Statement' could not be evaluated.
Unknown variable or property name 'Parameters.UUTcorrect'.' at step 'Statement' in seq 'ProcessModelPostStepRuntimeError'

TST-C-ROS-T2935    9/7/2026 3:52:41 PM ProcessModelError
Error Code: -17306, Unknown variable or property name.
Message: 'The post-expression for the step 'Statement' could not be evaluated.
Unknown variable or property name 'Parameters.UUTcorrect'.' at step 'Statement' in seq 'ProcessModelPostStepRuntimeError'

TST-C-ROS-T2935    9/7/2026 3:52:41 PM ProcessModelError
Error Code: -17306, Unknown variable or property name.
Message: 'The post-expression for the step 'Statement' could not be evaluated.
Unknown variable or property name 'Parameters.UUTcorrect'.' at step 'Statement' in seq 'ProcessModelPostStepRuntimeError'

TST-C-ROS-T2935    9/7/2026 3:52:41 PM ProcessModelError
Error Code: -17306, Unknown variable or property name.
Message: 'The post-expression for the step 'Statement' could not be evaluated.
Unknown variable or property name 'Parameters.UUTcorrect'.' at step 'Statement' in seq 'ProcessModelPostStepRuntimeError'

TST-C-ROS-T2935    9/7/2026 3:52:42 PM ProcessModelError
Error Code: -17306, Unknown variable or property name.
Message: 'The post-expression for the step 'Statement' could not be evaluated.
Unknown variable or property name 'Parameters.UUTcorrect'.' at step 'Statement' in seq 'ProcessModelPostStepRuntimeError'

TST-C-ROS-T2935    9/7/2026 3:52:42 PM ProcessModelError
Error Code: -17306, Unknown variable or property name.
Message: 'The post-expression for the step 'Statement' could not be evaluated.
Unknown variable or property name 'Parameters.UUTcorrect'.' at step 'Statement' in seq 'ProcessModelPostStepRuntimeError'

TST-C-ROS-T2935    9/7/2026 3:52:42 PM ProcessModelError
Error Code: -17306, Unknown variable or property name.
Message: 'The post-expression for the step 'Statement' could not be evaluated.
Unknown variable or property name 'Parameters.UUTcorrect'.' at step 'Statement' in seq 'ProcessModelPostStepRuntimeError'

TST-C-ROS-T2935    9/7/2026 3:52:43 PM ProcessModelError
Error Code: -17306, Unknown variable or property name.
Message: 'The post-expression for the step 'Statement' could not be evaluated.
Unknown variable or property name 'Parameters.UUTcorrect'.' at step 'Statement' in seq 'ProcessModelPostStepRuntimeError'

TST-C-ROS-T2935    9/7/2026 3:52:43 PM ProcessModelError
Error Code: -17306, Unknown variable or property name.
Message: 'The post-expression for the step 'Statement' could not be evaluated.
Unknown variable or property name 'Parameters.UUTcorrect'.' at step 'Statement' in seq 'ProcessModelPostStepRuntimeError'

TST-C-ROS-T2935    9/7/2026 3:52:43 PM ProcessModelError
Error Code: -17306, Unknown variable or property name.
Message: 'The post-expression for the step 'Statement' could not be evaluated.
Unknown variable or property name 'Parameters.UUTcorrect'.' at step 'Statement' in seq 'ProcessModelPostStepRuntimeError'

TST-C-ROS-T2935    9/7/2026 3:52:44 PM ProcessModelError
Error Code: -17306, Unknown variable or property name.
Message: 'The post-expression for the step 'Statement' could not be evaluated.
Unknown variable or property name 'Parameters.UUTcorrect'.' at step 'Statement' in seq 'ProcessModelPostStepRuntimeError'

TST-C-ROS-T2935    9/7/2026 3:52:44 PM ProcessModelError
Error Code: -17306, Unknown variable or property name.
Message: 'The post-expression for the step 'Statement' could not be evaluated.
Unknown variable or property name 'Parameters.UUTcorrect'.' at step 'Statement' in seq 'ProcessModelPostStepRuntimeError'

TST-C-ROS-T2935    9/7/2026 3:52:44 PM ProcessModelError
Error Code: -17306, Unknown variable or property name.
Message: 'The post-expression for the step 'Statement' could not be evaluated.
Unknown variable or property name 'Parameters.UUTcorrect'.' at step 'Statement' in seq 'ProcessModelPostStepRuntimeError'

TST-C-ROS-T2935    9/7/2026 3:52:45 PM ProcessModelError
Error Code: -17306, Unknown variable or property name.
Message: 'The post-expression for the step 'Statement' could not be evaluated.
Unknown variable or property name 'Parameters.UUTcorrect'.' at step 'Statement' in seq 'ProcessModelPostStepRuntimeError'

TST-C-ROS-T2935    9/7/2026 3:52:45 PM ProcessModelError
Error Code: -17306, Unknown variable or property name.
Message: 'The post-expression for the step 'Statement' could not be evaluated.
Unknown variable or property name 'Parameters.UUTcorrect'.' at step 'Statement' in seq 'ProcessModelPostStepRuntimeError'

TST-C-ROS-T2935    9/7/2026 3:52:45 PM ProcessModelError
Error Code: -17306, Unknown variable or property name.
Message: 'The post-expression for the step 'Statement' could not be evaluated.
Unknown variable or property name 'Parameters.UUTcorrect'.' at step 'Statement' in seq 'ProcessModelPostStepRuntimeError'

TST-C-ROS-T2935    9/7/2026 3:52:46 PM ProcessModelError
Error Code: -17306, Unknown variable or property name.
Message: 'The post-expression for the step 'Statement' could not be evaluated.
Unknown variable or property name 'Parameters.UUTcorrect'.' at step 'Statement' in seq 'ProcessModelPostStepRuntimeError'

TST-C-ROS-T2935    9/7/2026 3:52:46 PM ProcessModelError
Error Code: -17306, Unknown variable or property name.
Message: 'The post-expression for the step 'Statement' could not be evaluated.
Unknown variable or property name 'Parameters.UUTcorrect'.' at step 'Statement' in seq 'ProcessModelPostStepRuntimeError'

TST-C-ROS-T2935    9/7/2026 3:52:46 PM ProcessModelError
Error Code: -17306, Unknown variable or property name.
Message: 'The post-expression for the step 'Statement' could not be evaluated.
Unknown variable or property name 'Parameters.UUTcorrect'.' at step 'Statement' in seq 'ProcessModelPostStepRuntimeError'

TST-C-ROS-T2935    9/7/2026 3:52:47 PM ProcessModelError
Error Code: -17306, Unknown variable or property name.
Message: 'The post-expression for the step 'Statement' could not be evaluated.
Unknown variable or property name 'Parameters.UUTcorrect'.' at step 'Statement' in seq 'ProcessModelPostStepRuntimeError'

TST-C-ROS-T2935    9/7/2026 3:52:47 PM ProcessModelError
Error Code: -17306, Unknown variable or property name.
Message: 'The post-expression for the step 'Statement' could not be evaluated.
Unknown variable or property name 'Parameters.UUTcorrect'.' at step 'Statement' in seq 'ProcessModelPostStepRuntimeError'

TST-C-ROS-T2935    9/7/2026 3:52:47 PM ProcessModelError
Error Code: -17306, Unknown variable or property name.
Message: 'The post-expression for the step 'Statement' could not be evaluated.
Unknown variable or property name 'Parameters.UUTcorrect'.' at step 'Statement' in seq 'ProcessModelPostStepRuntimeError'

TST-C-ROS-T2935    9/7/2026 3:52:47 PM ProcessModelError
Error Code: -17306, Unknown variable or property name.
Message: 'The post-expression for the step 'Statement' could not be evaluated.
Unknown variable or property name 'Parameters.UUTcorrect'.' at step 'Statement' in seq 'ProcessModelPostStepRuntimeError'

TST-C-ROS-T2935    9/7/2026 3:52:48 PM ProcessModelError
Error Code: -17306, Unknown variable or property name.
Message: 'The post-expression for the step 'Statement' could not be evaluated.
Unknown variable or property name 'Parameters.UUTcorrect'.' at step 'Statement' in seq 'ProcessModelPostStepRuntimeError'

TST-C-ROS-T2935    9/7/2026 3:52:48 PM ProcessModelError
Error Code: -17306, Unknown variable or property name.
Message: 'The post-expression for the step 'Statement' could not be evaluated.
Unknown variable or property name 'Parameters.UUTcorrect'.' at step 'Statement' in seq 'ProcessModelPostStepRuntimeError'

TST-C-ROS-T2935    9/7/2026 3:52:48 PM ProcessModelError
Error Code: -17306, Unknown variable or property name.
Message: 'The post-expression for the step 'Statement' could not be evaluated.
Unknown variable or property name 'Parameters.UUTcorrect'.' at step 'Statement' in seq 'ProcessModelPostStepRuntimeError'

TST-C-ROS-T2935    9/7/2026 3:52:49 PM ProcessModelError
Error Code: -17306, Unknown variable or property name.
Message: 'The post-expression for the step 'Statement' could not be evaluated.
Unknown variable or property name 'Parameters.UUTcorrect'.' at step 'Statement' in seq 'ProcessModelPostStepRuntimeError'

TST-C-ROS-T2935    9/7/2026 3:52:49 PM ProcessModelError
Error Code: -17306, Unknown variable or property name.
Message: 'The post-expression for the step 'Statement' could not be evaluated.
Unknown variable or property name 'Parameters.UUTcorrect'.' at step 'Statement' in seq 'ProcessModelPostStepRuntimeError'

TST-C-ROS-T2935    9/7/2026 3:52:49 PM ProcessModelError
Error Code: -17306, Unknown variable or property name.
Message: 'The post-expression for the step 'Statement' could not be evaluated.
Unknown variable or property name 'Parameters.UUTcorrect'.' at step 'Statement' in seq 'ProcessModelPostStepRuntimeError'

TST-C-ROS-T2935    9/7/2026 3:52:50 PM ProcessModelError
Error Code: -17306, Unknown variable or property name.
Message: 'The post-expression for the step 'Statement' could not be evaluated.
Unknown variable or property name 'Parameters.UUTcorrect'.' at step 'Statement' in seq 'ProcessModelPostStepRuntimeError'

TST-C-ROS-T2935    9/7/2026 3:52:50 PM ProcessModelError
Error Code: -17306, Unknown variable or property name.
Message: 'The post-expression for the step 'Statement' could not be evaluated.
Unknown variable or property name 'Parameters.UUTcorrect'.' at step 'Statement' in seq 'ProcessModelPostStepRuntimeError'

TST-C-ROS-T2935    9/7/2026 3:52:50 PM ProcessModelError
Error Code: -17306, Unknown variable or property name.
Message: 'The post-expression for the step 'Statement' could not be evaluated.
Unknown variable or property name 'Parameters.UUTcorrect'.' at step 'Statement' in seq 'ProcessModelPostStepRuntimeError'

TST-C-ROS-T2935    9/7/2026 3:52:51 PM ProcessModelError
Error Code: -17306, Unknown variable or property name.
Message: 'The post-expression for the step 'Statement' could not be evaluated.
Unknown variable or property name 'Parameters.UUTcorrect'.' at step 'Statement' in seq 'ProcessModelPostStepRuntimeError'

TST-C-ROS-T2935    9/7/2026 3:52:51 PM ProcessModelError
Error Code: -17306, Unknown variable or property name.
Message: 'The post-expression for the step 'Statement' could not be evaluated.
Unknown variable or property name 'Parameters.UUTcorrect'.' at step 'Statement' in seq 'ProcessModelPostStepRuntimeError'

TST-C-ROS-T2935    9/7/2026 3:52:51 PM ProcessModelError
Error Code: -17306, Unknown variable or property name.
Message: 'The post-expression for the step 'Statement' could not be evaluated.
Unknown variable or property name 'Parameters.UUTcorrect'.' at step 'Statement' in seq 'ProcessModelPostStepRuntimeError'

TST-C-ROS-T2935    9/7/2026 3:52:52 PM ProcessModelError
Error Code: -17306, Unknown variable or property name.
Message: 'The post-expression for the step 'Statement' could not be evaluated.
Unknown variable or property name 'Parameters.UUTcorrect'.' at step 'Statement' in seq 'ProcessModelPostStepRuntimeError'

TST-C-ROS-T2935    9/7/2026 3:52:52 PM ProcessModelError
Error Code: -17306, Unknown variable or property name.
Message: 'The post-expression for the step 'Statement' could not be evaluated.
Unknown variable or property name 'Parameters.UUTcorrect'.' at step 'Statement' in seq 'ProcessModelPostStepRuntimeError'

TST-C-ROS-T2935    9/7/2026 3:52:52 PM ProcessModelError
Error Code: -17306, Unknown variable or property name.
Message: 'The post-expression for the step 'Statement' could not be evaluated.
Unknown variable or property name 'Parameters.UUTcorrect'.' at step 'Statement' in seq 'ProcessModelPostStepRuntimeError'

TST-C-ROS-T2935    9/7/2026 3:52:53 PM ProcessModelError
Error Code: -17306, Unknown variable or property name.
Message: 'The post-expression for the step 'Statement' could not be evaluated.
Unknown variable or property name 'Parameters.UUTcorrect'.' at step 'Statement' in seq 'ProcessModelPostStepRuntimeError'

TST-C-ROS-T2935    9/7/2026 3:52:53 PM ProcessModelError
Error Code: -17306, Unknown variable or property name.
Message: 'The post-expression for the step 'Statement' could not be evaluated.
Unknown variable or property name 'Parameters.UUTcorrect'.' at step 'Statement' in seq 'ProcessModelPostStepRuntimeError'

TST-C-ROS-T2935    9/7/2026 3:52:53 PM ProcessModelError
Error Code: -17306, Unknown variable or property name.
Message: 'The post-expression for the step 'Statement' could not be evaluated.
Unknown variable or property name 'Parameters.UUTcorrect'.' at step 'Statement' in seq 'ProcessModelPostStepRuntimeError'

TST-C-ROS-T2935    9/7/2026 3:52:54 PM ProcessModelError
Error Code: -17306, Unknown variable or property name.
Message: 'The post-expression for the step 'Statement' could not be evaluated.
Unknown variable or property name 'Parameters.UUTcorrect'.' at step 'Statement' in seq 'ProcessModelPostStepRuntimeError'

TST-C-ROS-T2935    9/7/2026 3:52:54 PM ProcessModelError
Error Code: -17306, Unknown variable or property name.
Message: 'The post-expression for the step 'Statement' could not be evaluated.
Unknown variable or property name 'Parameters.UUTcorrect'.' at step 'Statement' in seq 'ProcessModelPostStepRuntimeError'

TST-C-ROS-T2935    9/7/2026 3:52:54 PM ProcessModelError
Error Code: -17306, Unknown variable or property name.
Message: 'The post-expression for the step 'Statement' could not be evaluated.
Unknown variable or property name 'Parameters.UUTcorrect'.' at step 'Statement' in seq 'ProcessModelPostStepRuntimeError'

TST-C-ROS-T2935    9/7/2026 3:52:54 PM ProcessModelError
Error Code: -17306, Unknown variable or property name.
Message: 'The post-expression for the step 'Statement' could not be evaluated.
Unknown variable or property name 'Parameters.UUTcorrect'.' at step 'Statement' in seq 'ProcessModelPostStepRuntimeError'

TST-C-ROS-T2935    9/7/2026 3:52:55 PM ProcessModelError
Error Code: -17306, Unknown variable or property name.
Message: 'The post-expression for the step 'Statement' could not be evaluated.
Unknown variable or property name 'Parameters.UUTcorrect'.' at step 'Statement' in seq 'ProcessModelPostStepRuntimeError'

TST-C-ROS-T2935    9/7/2026 3:52:55 PM ProcessModelError
Error Code: -17306, Unknown variable or property name.
Message: 'The post-expression for the step 'Statement' could not be evaluated.
Unknown variable or property name 'Parameters.UUTcorrect'.' at step 'Statement' in seq 'ProcessModelPostStepRuntimeError'

TST-C-ROS-T2935    9/7/2026 3:52:55 PM ProcessModelError
Error Code: -17306, Unknown variable or property name.
Message: 'The post-expression for the step 'Statement' could not be evaluated.
Unknown variable or property name 'Parameters.UUTcorrect'.' at step 'Statement' in seq 'ProcessModelPostStepRuntimeError'

TST-C-ROS-T2935    9/7/2026 3:52:56 PM ProcessModelError
Error Code: -17306, Unknown variable or property name.
Message: 'The post-expression for the step 'Statement' could not be evaluated.
Unknown variable or property name 'Parameters.UUTcorrect'.' at step 'Statement' in seq 'ProcessModelPostStepRuntimeError'

TST-C-ROS-T2935    9/7/2026 3:52:56 PM ProcessModelError
Error Code: -17306, Unknown variable or property name.
Message: 'The post-expression for the step 'Statement' could not be evaluated.
Unknown variable or property name 'Parameters.UUTcorrect'.' at step 'Statement' in seq 'ProcessModelPostStepRuntimeError'

TST-C-ROS-T2935    9/7/2026 3:52:56 PM ProcessModelError
Error Code: -17306, Unknown variable or property name.
Message: 'The post-expression for the step 'Statement' could not be evaluated.
Unknown variable or property name 'Parameters.UUTcorrect'.' at step 'Statement' in seq 'ProcessModelPostStepRuntimeError'

TST-C-ROS-T2935    9/7/2026 3:52:57 PM ProcessModelError
Error Code: -17306, Unknown variable or property name.
Message: 'The post-expression for the step 'Statement' could not be evaluated.
Unknown variable or property name 'Parameters.UUTcorrect'.' at step 'Statement' in seq 'ProcessModelPostStepRuntimeError'

TST-C-ROS-T2935    9/7/2026 3:52:57 PM ProcessModelError
Error Code: -17306, Unknown variable or property name.
Message: 'The post-expression for the step 'Statement' could not be evaluated.
Unknown variable or property name 'Parameters.UUTcorrect'.' at step 'Statement' in seq 'ProcessModelPostStepRuntimeError'

TST-C-ROS-T2935    9/7/2026 3:52:57 PM ProcessModelError
Error Code: -17306, Unknown variable or property name.
Message: 'The post-expression for the step 'Statement' could not be evaluated.
Unknown variable or property name 'Parameters.UUTcorrect'.' at step 'Statement' in seq 'ProcessModelPostStepRuntimeError'

TST-C-ROS-T2935    9/7/2026 3:52:58 PM ProcessModelError
Error Code: -17306, Unknown variable or property name.
Message: 'The post-expression for the step 'Statement' could not be evaluated.
Unknown variable or property name 'Parameters.UUTcorrect'.' at step 'Statement' in seq 'ProcessModelPostStepRuntimeError'

TST-C-ROS-T2935    9/7/2026 3:52:58 PM ProcessModelError
Error Code: -17306, Unknown variable or property name.
Message: 'The post-expression for the step 'Statement' could not be evaluated.
Unknown variable or property name 'Parameters.UUTcorrect'.' at step 'Statement' in seq 'ProcessModelPostStepRuntimeError'

TST-C-ROS-T2935    9/7/2026 3:52:58 PM ProcessModelError
Error Code: -17306, Unknown variable or property name.
Message: 'The post-expression for the step 'Statement' could not be evaluated.
Unknown variable or property name 'Parameters.UUTcorrect'.' at step 'Statement' in seq 'ProcessModelPostStepRuntimeError'

TST-C-ROS-T2935    9/7/2026 3:52:59 PM ProcessModelError
Error Code: -17306, Unknown variable or property name.
Message: 'The post-expression for the step 'Statement' could not be evaluated.
Unknown variable or property name 'Parameters.UUTcorrect'.' at step 'Statement' in seq 'ProcessModelPostStepRuntimeError'

TST-C-ROS-T2935    9/7/2026 3:52:59 PM ProcessModelError
Error Code: -17306, Unknown variable or property name.
Message: 'The post-expression for the step 'Statement' could not be evaluated.
Unknown variable or property name 'Parameters.UUTcorrect'.' at step 'Statement' in seq 'ProcessModelPostStepRuntimeError'

TST-C-ROS-T2935    9/7/2026 3:52:59 PM ProcessModelError
Error Code: -17306, Unknown variable or property name.
Message: 'The post-expression for the step 'Statement' could not be evaluated.
Unknown variable or property name 'Parameters.UUTcorrect'.' at step 'Statement' in seq 'ProcessModelPostStepRuntimeError'

TST-C-ROS-T2935    9/7/2026 3:53:00 PM ProcessModelError
Error Code: -17306, Unknown variable or property name.
Message: 'The post-expression for the step 'Statement' could not be evaluated.
Unknown variable or property name 'Parameters.UUTcorrect'.' at step 'Statement' in seq 'ProcessModelPostStepRuntimeError'

TST-C-ROS-T2935    9/7/2026 3:53:00 PM ProcessModelError
Error Code: -17306, Unknown variable or property name.
Message: 'The post-expression for the step 'Statement' could not be evaluated.
Unknown variable or property name 'Parameters.UUTcorrect'.' at step 'Statement' in seq 'ProcessModelPostStepRuntimeError'

TST-C-ROS-T2935    9/7/2026 3:53:00 PM ProcessModelError
Error Code: -17306, Unknown variable or property name.
Message: 'The post-expression for the step 'Statement' could not be evaluated.
Unknown variable or property name 'Parameters.UUTcorrect'.' at step 'Statement' in seq 'ProcessModelPostStepRuntimeError'

TST-C-ROS-T2935    9/7/2026 3:53:01 PM ProcessModelError
Error Code: -17306, Unknown variable or property name.
Message: 'The post-expression for the step 'Statement' could not be evaluated.
Unknown variable or property name 'Parameters.UUTcorrect'.' at step 'Statement' in seq 'ProcessModelPostStepRuntimeError'

TST-C-ROS-T2935    9/7/2026 3:53:01 PM ProcessModelError
Error Code: -17306, Unknown variable or property name.
Message: 'The post-expression for the step 'Statement' could not be evaluated.
Unknown variable or property name 'Parameters.UUTcorrect'.' at step 'Statement' in seq 'ProcessModelPostStepRuntimeError'

TST-C-ROS-T2935    9/7/2026 3:53:01 PM ProcessModelError
Error Code: -17306, Unknown variable or property name.
Message: 'The post-expression for the step 'Statement' could not be evaluated.
Unknown variable or property name 'Parameters.UUTcorrect'.' at step 'Statement' in seq 'ProcessModelPostStepRuntimeError'

TST-C-ROS-T2935    9/7/2026 3:53:02 PM ProcessModelError
Error Code: -17306, Unknown variable or property name.
Message: 'The post-expression for the step 'Statement' could not be evaluated.
Unknown variable or property name 'Parameters.UUTcorrect'.' at step 'Statement' in seq 'ProcessModelPostStepRuntimeError'

TST-C-ROS-T2935    9/7/2026 3:53:02 PM ProcessModelError
Error Code: -17306, Unknown variable or property name.
Message: 'The post-expression for the step 'Statement' could not be evaluated.
Unknown variable or property name 'Parameters.UUTcorrect'.' at step 'Statement' in seq 'ProcessModelPostStepRuntimeError'

TST-C-ROS-T2935    9/7/2026 3:53:02 PM ProcessModelError
Error Code: -17306, Unknown variable or property name.
Message: 'The post-expression for the step 'Statement' could not be evaluated.
Unknown variable or property name 'Parameters.UUTcorrect'.' at step 'Statement' in seq 'ProcessModelPostStepRuntimeError'

TST-C-ROS-T2935    9/7/2026 3:53:02 PM ProcessModelError
Error Code: -17306, Unknown variable or property name.
Message: 'The post-expression for the step 'Statement' could not be evaluated.
Unknown variable or property name 'Parameters.UUTcorrect'.' at step 'Statement' in seq 'ProcessModelPostStepRuntimeError'

TST-C-ROS-T2935    9/7/2026 3:53:03 PM ProcessModelError
Error Code: -17306, Unknown variable or property name.
Message: 'The post-expression for the step 'Statement' could not be evaluated.
Unknown variable or property name 'Parameters.UUTcorrect'.' at step 'Statement' in seq 'ProcessModelPostStepRuntimeError'

TST-C-ROS-T2935    9/7/2026 3:53:03 PM ProcessModelError
Error Code: -17306, Unknown variable or property name.
Message: 'The post-expression for the step 'Statement' could not be evaluated.
Unknown variable or property name 'Parameters.UUTcorrect'.' at step 'Statement' in seq 'ProcessModelPostStepRuntimeError'

TST-C-ROS-T2935    9/7/2026 3:53:03 PM ProcessModelError
Error Code: -17306, Unknown variable or property name.
Message: 'The post-expression for the step 'Statement' could not be evaluated.
Unknown variable or property name 'Parameters.UUTcorrect'.' at step 'Statement' in seq 'ProcessModelPostStepRuntimeError'

TST-C-ROS-T2935    9/7/2026 3:53:04 PM ProcessModelError
Error Code: -17306, Unknown variable or property name.
Message: 'The post-expression for the step 'Statement' could not be evaluated.
Unknown variable or property name 'Parameters.UUTcorrect'.' at step 'Statement' in seq 'ProcessModelPostStepRuntimeError'

TST-C-ROS-T2935    9/7/2026 3:53:04 PM ProcessModelError
Error Code: -17306, Unknown variable or property name.
Message: 'The post-expression for the step 'Statement' could not be evaluated.
Unknown variable or property name 'Parameters.UUTcorrect'.' at step 'Statement' in seq 'ProcessModelPostStepRuntimeError'

TST-C-ROS-T2935    9/7/2026 3:53:04 PM ProcessModelError
Error Code: -17306, Unknown variable or property name.
Message: 'The post-expression for the step 'Statement' could not be evaluated.
Unknown variable or property name 'Parameters.UUTcorrect'.' at step 'Statement' in seq 'ProcessModelPostStepRuntimeError'

TST-C-ROS-T2935    9/7/2026 3:53:05 PM ProcessModelError
Error Code: -17306, Unknown variable or property name.
Message: 'The post-expression for the step 'Statement' could not be evaluated.
Unknown variable or property name 'Parameters.UUTcorrect'.' at step 'Statement' in seq 'ProcessModelPostStepRuntimeError'

TST-C-ROS-T2935    9/7/2026 3:53:05 PM ProcessModelError
Error Code: -17306, Unknown variable or property name.
Message: 'The post-expression for the step 'Statement' could not be evaluated.
Unknown variable or property name 'Parameters.UUTcorrect'.' at step 'Statement' in seq 'ProcessModelPostStepRuntimeError'

TST-C-ROS-T2935    9/7/2026 3:53:05 PM ProcessModelError
Error Code: -17306, Unknown variable or property name.
Message: 'The post-expression for the step 'Statement' could not be evaluated.
Unknown variable or property name 'Parameters.UUTcorrect'.' at step 'Statement' in seq 'ProcessModelPostStepRuntimeError'

TST-C-ROS-T2935    9/7/2026 3:53:06 PM ProcessModelError
Error Code: -17306, Unknown variable or property name.
Message: 'The post-expression for the step 'Statement' could not be evaluated.
Unknown variable or property name 'Parameters.UUTcorrect'.' at step 'Statement' in seq 'ProcessModelPostStepRuntimeError'

TST-C-ROS-T2935    9/7/2026 3:53:06 PM ProcessModelError
Error Code: -17306, Unknown variable or property name.
Message: 'The post-expression for the step 'Statement' could not be evaluated.
Unknown variable or property name 'Parameters.UUTcorrect'.' at step 'Statement' in seq 'ProcessModelPostStepRuntimeError'

TST-C-ROS-T2935    9/7/2026 3:53:06 PM ProcessModelError
Error Code: -17306, Unknown variable or property name.
Message: 'The post-expression for the step 'Statement' could not be evaluated.
Unknown variable or property name 'Parameters.UUTcorrect'.' at step 'Statement' in seq 'ProcessModelPostStepRuntimeError'

TST-C-ROS-T2935    9/7/2026 3:53:07 PM ProcessModelError
Error Code: -17306, Unknown variable or property name.
Message: 'The post-expression for the step 'Statement' could not be evaluated.
Unknown variable or property name 'Parameters.UUTcorrect'.' at step 'Statement' in seq 'ProcessModelPostStepRuntimeError'

TST-C-ROS-T2935    9/7/2026 3:53:07 PM ProcessModelError
Error Code: -17306, Unknown variable or property name.
Message: 'The post-expression for the step 'Statement' could not be evaluated.
Unknown variable or property name 'Parameters.UUTcorrect'.' at step 'Statement' in seq 'ProcessModelPostStepRuntimeError'

TST-C-ROS-T2935    9/7/2026 3:53:07 PM ProcessModelError
Error Code: -17306, Unknown variable or property name.
Message: 'The post-expression for the step 'Statement' could not be evaluated.
Unknown variable or property name 'Parameters.UUTcorrect'.' at step 'Statement' in seq 'ProcessModelPostStepRuntimeError'

TST-C-ROS-T2935    9/7/2026 3:53:08 PM ProcessModelError
Error Code: -17306, Unknown variable or property name.
Message: 'The post-expression for the step 'Statement' could not be evaluated.
Unknown variable or property name 'Parameters.UUTcorrect'.' at step 'Statement' in seq 'ProcessModelPostStepRuntimeError'

TST-C-ROS-T2935    9/7/2026 3:53:08 PM ProcessModelError
Error Code: -17306, Unknown variable or property name.
Message: 'The post-expression for the step 'Statement' could not be evaluated.
Unknown variable or property name 'Parameters.UUTcorrect'.' at step 'Statement' in seq 'ProcessModelPostStepRuntimeError'

TST-C-ROS-T2935    9/7/2026 3:53:08 PM ProcessModelError
Error Code: -17306, Unknown variable or property name.
Message: 'The post-expression for the step 'Statement' could not be evaluated.
Unknown variable or property name 'Parameters.UUTcorrect'.' at step 'Statement' in seq 'ProcessModelPostStepRuntimeError'

TST-C-ROS-T2935    9/7/2026 3:53:09 PM ProcessModelError
Error Code: -17306, Unknown variable or property name.
Message: 'The post-expression for the step 'Statement' could not be evaluated.
Unknown variable or property name 'Parameters.UUTcorrect'.' at step 'Statement' in seq 'ProcessModelPostStepRuntimeError'

TST-C-ROS-T2935    9/7/2026 3:53:09 PM ProcessModelError
Error Code: -17306, Unknown variable or property name.
Message: 'The post-expression for the step 'Statement' could not be evaluated.
Unknown variable or property name 'Parameters.UUTcorrect'.' at step 'Statement' in seq 'ProcessModelPostStepRuntimeError'

TST-C-ROS-T2935    9/7/2026 3:53:09 PM ProcessModelError
Error Code: -17306, Unknown variable or property name.
Message: 'The post-expression for the step 'Statement' could not be evaluated.
Unknown variable or property name 'Parameters.UUTcorrect'.' at step 'Statement' in seq 'ProcessModelPostStepRuntimeError'

TST-C-ROS-T2935    9/7/2026 3:53:09 PM ProcessModelError
Error Code: -17306, Unknown variable or property name.
Message: 'The post-expression for the step 'Statement' could not be evaluated.
Unknown variable or property name 'Parameters.UUTcorrect'.' at step 'Statement' in seq 'ProcessModelPostStepRuntimeError'

TST-C-ROS-T2935    9/7/2026 3:53:10 PM ProcessModelError
Error Code: -17306, Unknown variable or property name.
Message: 'The post-expression for the step 'Statement' could not be evaluated.
Unknown variable or property name 'Parameters.UUTcorrect'.' at step 'Statement' in seq 'ProcessModelPostStepRuntimeError'

TST-C-ROS-T2935    9/7/2026 3:53:10 PM ProcessModelError
Error Code: -17306, Unknown variable or property name.
Message: 'The post-expression for the step 'Statement' could not be evaluated.
Unknown variable or property name 'Parameters.UUTcorrect'.' at step 'Statement' in seq 'ProcessModelPostStepRuntimeError'

TST-C-ROS-T2935    9/7/2026 3:53:10 PM ProcessModelError
Error Code: -17306, Unknown variable or property name.
Message: 'The post-expression for the step 'Statement' could not be evaluated.
Unknown variable or property name 'Parameters.UUTcorrect'.' at step 'Statement' in seq 'ProcessModelPostStepRuntimeError'

TST-C-ROS-T2935    9/7/2026 3:53:11 PM ProcessModelError
Error Code: -17306, Unknown variable or property name.
Message: 'The post-expression for the step 'Statement' could not be evaluated.
Unknown variable or property name 'Parameters.UUTcorrect'.' at step 'Statement' in seq 'ProcessModelPostStepRuntimeError'

TST-C-ROS-T2935    9/7/2026 3:53:11 PM ProcessModelError
Error Code: -17306, Unknown variable or property name.
Message: 'The post-expression for the step 'Statement' could not be evaluated.
Unknown variable or property name 'Parameters.UUTcorrect'.' at step 'Statement' in seq 'ProcessModelPostStepRuntimeError'

TST-C-ROS-T2935    9/7/2026 3:53:11 PM ProcessModelError
Error Code: -17306, Unknown variable or property name.
Message: 'The post-expression for the step 'Statement' could not be evaluated.
Unknown variable or property name 'Parameters.UUTcorrect'.' at step 'Statement' in seq 'ProcessModelPostStepRuntimeError'

TST-C-ROS-T2935    9/7/2026 3:53:12 PM ProcessModelError
Error Code: -17306, Unknown variable or property name.
Message: 'The post-expression for the step 'Statement' could not be evaluated.
Unknown variable or property name 'Parameters.UUTcorrect'.' at step 'Statement' in seq 'ProcessModelPostStepRuntimeError'

TST-C-ROS-T2935    9/7/2026 3:53:12 PM ProcessModelError
Error Code: -17306, Unknown variable or property name.
Message: 'The post-expression for the step 'Statement' could not be evaluated.
Unknown variable or property name 'Parameters.UUTcorrect'.' at step 'Statement' in seq 'ProcessModelPostStepRuntimeError'

TST-C-ROS-T2935    9/7/2026 3:53:12 PM ProcessModelError
Error Code: -17306, Unknown variable or property name.
Message: 'The post-expression for the step 'Statement' could not be evaluated.
Unknown variable or property name 'Parameters.UUTcorrect'.' at step 'Statement' in seq 'ProcessModelPostStepRuntimeError'

TST-C-ROS-T2935    9/7/2026 3:53:13 PM ProcessModelError
Error Code: -17306, Unknown variable or property name.
Message: 'The post-expression for the step 'Statement' could not be evaluated.
Unknown variable or property name 'Parameters.UUTcorrect'.' at step 'Statement' in seq 'ProcessModelPostStepRuntimeError'

TST-C-ROS-T2935    9/7/2026 3:53:13 PM ProcessModelError
Error Code: -17306, Unknown variable or property name.
Message: 'The post-expression for the step 'Statement' could not be evaluated.
Unknown variable or property name 'Parameters.UUTcorrect'.' at step 'Statement' in seq 'ProcessModelPostStepRuntimeError'

TST-C-ROS-T2935    9/7/2026 3:53:13 PM ProcessModelError
Error Code: -17306, Unknown variable or property name.
Message: 'The post-expression for the step 'Statement' could not be evaluated.
Unknown variable or property name 'Parameters.UUTcorrect'.' at step 'Statement' in seq 'ProcessModelPostStepRuntimeError'

TST-C-ROS-T2935    9/7/2026 3:53:14 PM ProcessModelError
Error Code: -17306, Unknown variable or property name.
Message: 'The post-expression for the step 'Statement' could not be evaluated.
Unknown variable or property name 'Parameters.UUTcorrect'.' at step 'Statement' in seq 'ProcessModelPostStepRuntimeError'

TST-C-ROS-T2935    9/7/2026 3:53:14 PM ProcessModelError
Error Code: -17306, Unknown variable or property name.
Message: 'The post-expression for the step 'Statement' could not be evaluated.
Unknown variable or property name 'Parameters.UUTcorrect'.' at step 'Statement' in seq 'ProcessModelPostStepRuntimeError'

TST-C-ROS-T2935    9/7/2026 3:53:14 PM ProcessModelError
Error Code: -17306, Unknown variable or property name.
Message: 'The post-expression for the step 'Statement' could not be evaluated.
Unknown variable or property name 'Parameters.UUTcorrect'.' at step 'Statement' in seq 'ProcessModelPostStepRuntimeError'

TST-C-ROS-T2935    9/7/2026 3:53:15 PM ProcessModelError
Error Code: -17306, Unknown variable or property name.
Message: 'The post-expression for the step 'Statement' could not be evaluated.
Unknown variable or property name 'Parameters.UUTcorrect'.' at step 'Statement' in seq 'ProcessModelPostStepRuntimeError'

TST-C-ROS-T2935    9/7/2026 3:53:15 PM ProcessModelError
Error Code: -17306, Unknown variable or property name.
Message: 'The post-expression for the step 'Statement' could not be evaluated.
Unknown variable or property name 'Parameters.UUTcorrect'.' at step 'Statement' in seq 'ProcessModelPostStepRuntimeError'

TST-C-ROS-T2935    9/7/2026 3:53:15 PM ProcessModelError
Error Code: -17306, Unknown variable or property name.
Message: 'The post-expression for the step 'Statement' could not be evaluated.
Unknown variable or property name 'Parameters.UUTcorrect'.' at step 'Statement' in seq 'ProcessModelPostStepRuntimeError'

TST-C-ROS-T2935    9/7/2026 3:53:16 PM ProcessModelError
Error Code: -17306, Unknown variable or property name.
Message: 'The post-expression for the step 'Statement' could not be evaluated.
Unknown variable or property name 'Parameters.UUTcorrect'.' at step 'Statement' in seq 'ProcessModelPostStepRuntimeError'

TST-C-ROS-T2935    9/7/2026 3:53:16 PM ProcessModelError
Error Code: -17306, Unknown variable or property name.
Message: 'The post-expression for the step 'Statement' could not be evaluated.
Unknown variable or property name 'Parameters.UUTcorrect'.' at step 'Statement' in seq 'ProcessModelPostStepRuntimeError'

TST-C-ROS-T2935    9/7/2026 3:53:16 PM ProcessModelError
Error Code: -17306, Unknown variable or property name.
Message: 'The post-expression for the step 'Statement' could not be evaluated.
Unknown variable or property name 'Parameters.UUTcorrect'.' at step 'Statement' in seq 'ProcessModelPostStepRuntimeError'

TST-C-ROS-T2935    9/7/2026 3:53:17 PM ProcessModelError
Error Code: -17306, Unknown variable or property name.
Message: 'The post-expression for the step 'Statement' could not be evaluated.
Unknown variable or property name 'Parameters.UUTcorrect'.' at step 'Statement' in seq 'ProcessModelPostStepRuntimeError'

TST-C-ROS-T2935    9/7/2026 3:53:17 PM ProcessModelError
Error Code: -17306, Unknown variable or property name.
Message: 'The post-expression for the step 'Statement' could not be evaluated.
Unknown variable or property name 'Parameters.UUTcorrect'.' at step 'Statement' in seq 'ProcessModelPostStepRuntimeError'

TST-C-ROS-T2935    9/7/2026 3:53:17 PM ProcessModelError
Error Code: -17306, Unknown variable or property name.
Message: 'The post-expression for the step 'Statement' could not be evaluated.
Unknown variable or property name 'Parameters.UUTcorrect'.' at step 'Statement' in seq 'ProcessModelPostStepRuntimeError'

TST-C-ROS-T2935    9/7/2026 3:53:17 PM ProcessModelError
Error Code: -17306, Unknown variable or property name.
Message: 'The post-expression for the step 'Statement' could not be evaluated.
Unknown variable or property name 'Parameters.UUTcorrect'.' at step 'Statement' in seq 'ProcessModelPostStepRuntimeError'

TST-C-ROS-T2935    9/7/2026 3:53:18 PM ProcessModelError
Error Code: -17306, Unknown variable or property name.
Message: 'The post-expression for the step 'Statement' could not be evaluated.
Unknown variable or property name 'Parameters.UUTcorrect'.' at step 'Statement' in seq 'ProcessModelPostStepRuntimeError'

TST-C-ROS-T2935    9/7/2026 3:53:18 PM ProcessModelError
Error Code: -17306, Unknown variable or property name.
Message: 'The post-expression for the step 'Statement' could not be evaluated.
Unknown variable or property name 'Parameters.UUTcorrect'.' at step 'Statement' in seq 'ProcessModelPostStepRuntimeError'

TST-C-ROS-T2935    9/7/2026 3:53:18 PM ProcessModelError
Error Code: -17306, Unknown variable or property name.
Message: 'The post-expression for the step 'Statement' could not be evaluated.
Unknown variable or property name 'Parameters.UUTcorrect'.' at step 'Statement' in seq 'ProcessModelPostStepRuntimeError'

TST-C-ROS-T2935    9/7/2026 3:53:19 PM ProcessModelError
Error Code: -17306, Unknown variable or property name.
Message: 'The post-expression for the step 'Statement' could not be evaluated.
Unknown variable or property name 'Parameters.UUTcorrect'.' at step 'Statement' in seq 'ProcessModelPostStepRuntimeError'

TST-C-ROS-T2935    9/7/2026 3:53:19 PM ProcessModelError
Error Code: -17306, Unknown variable or property name.
Message: 'The post-expression for the step 'Statement' could not be evaluated.
Unknown variable or property name 'Parameters.UUTcorrect'.' at step 'Statement' in seq 'ProcessModelPostStepRuntimeError'

TST-C-ROS-T2935    9/7/2026 3:53:19 PM ProcessModelError
Error Code: -17306, Unknown variable or property name.
Message: 'The post-expression for the step 'Statement' could not be evaluated.
Unknown variable or property name 'Parameters.UUTcorrect'.' at step 'Statement' in seq 'ProcessModelPostStepRuntimeError'

TST-C-ROS-T2935    9/7/2026 3:53:20 PM ProcessModelError
Error Code: -17306, Unknown variable or property name.
Message: 'The post-expression for the step 'Statement' could not be evaluated.
Unknown variable or property name 'Parameters.UUTcorrect'.' at step 'Statement' in seq 'ProcessModelPostStepRuntimeError'

TST-C-ROS-T2935    9/7/2026 3:53:20 PM ProcessModelError
Error Code: -17306, Unknown variable or property name.
Message: 'The post-expression for the step 'Statement' could not be evaluated.
Unknown variable or property name 'Parameters.UUTcorrect'.' at step 'Statement' in seq 'ProcessModelPostStepRuntimeError'

TST-C-ROS-T2935    9/7/2026 3:53:20 PM ProcessModelError
Error Code: -17306, Unknown variable or property name.
Message: 'The post-expression for the step 'Statement' could not be evaluated.
Unknown variable or property name 'Parameters.UUTcorrect'.' at step 'Statement' in seq 'ProcessModelPostStepRuntimeError'

TST-C-ROS-T2935    9/7/2026 3:53:21 PM ProcessModelError
Error Code: -17306, Unknown variable or property name.
Message: 'The post-expression for the step 'Statement' could not be evaluated.
Unknown variable or property name 'Parameters.UUTcorrect'.' at step 'Statement' in seq 'ProcessModelPostStepRuntimeError'

TST-C-ROS-T2935    9/7/2026 3:53:21 PM ProcessModelError
Error Code: -17306, Unknown variable or property name.
Message: 'The post-expression for the step 'Statement' could not be evaluated.
Unknown variable or property name 'Parameters.UUTcorrect'.' at step 'Statement' in seq 'ProcessModelPostStepRuntimeError'

TST-C-ROS-T2935    9/7/2026 3:53:21 PM ProcessModelError
Error Code: -17306, Unknown variable or property name.
Message: 'The post-expression for the step 'Statement' could not be evaluated.
Unknown variable or property name 'Parameters.UUTcorrect'.' at step 'Statement' in seq 'ProcessModelPostStepRuntimeError'

TST-C-ROS-T2935    9/7/2026 3:53:22 PM ProcessModelError
Error Code: -17306, Unknown variable or property name.
Message: 'The post-expression for the step 'Statement' could not be evaluated.
Unknown variable or property name 'Parameters.UUTcorrect'.' at step 'Statement' in seq 'ProcessModelPostStepRuntimeError'

TST-C-ROS-T2935    9/7/2026 3:53:22 PM ProcessModelError
Error Code: -17306, Unknown variable or property name.
Message: 'The post-expression for the step 'Statement' could not be evaluated.
Unknown variable or property name 'Parameters.UUTcorrect'.' at step 'Statement' in seq 'ProcessModelPostStepRuntimeError'

TST-C-ROS-T2935    9/7/2026 3:53:22 PM ProcessModelError
Error Code: -17306, Unknown variable or property name.
Message: 'The post-expression for the step 'Statement' could not be evaluated.
Unknown variable or property name 'Parameters.UUTcorrect'.' at step 'Statement' in seq 'ProcessModelPostStepRuntimeError'

TST-C-ROS-T2935    9/7/2026 3:53:23 PM ProcessModelError
Error Code: -17306, Unknown variable or property name.
Message: 'The post-expression for the step 'Statement' could not be evaluated.
Unknown variable or property name 'Parameters.UUTcorrect'.' at step 'Statement' in seq 'ProcessModelPostStepRuntimeError'

TST-C-ROS-T2935    9/7/2026 3:53:23 PM ProcessModelError
Error Code: -17306, Unknown variable or property name.
Message: 'The post-expression for the step 'Statement' could not be evaluated.
Unknown variable or property name 'Parameters.UUTcorrect'.' at step 'Statement' in seq 'ProcessModelPostStepRuntimeError'

TST-C-ROS-T2935    9/7/2026 3:53:23 PM ProcessModelError
Error Code: -17306, Unknown variable or property name.
Message: 'The post-expression for the step 'Statement' could not be evaluated.
Unknown variable or property name 'Parameters.UUTcorrect'.' at step 'Statement' in seq 'ProcessModelPostStepRuntimeError'

TST-C-ROS-T2935    9/7/2026 3:53:24 PM ProcessModelError
Error Code: -17306, Unknown variable or property name.
Message: 'The post-expression for the step 'Statement' could not be evaluated.
Unknown variable or property name 'Parameters.UUTcorrect'.' at step 'Statement' in seq 'ProcessModelPostStepRuntimeError'

TST-C-ROS-T2935    9/7/2026 3:53:24 PM ProcessModelError
Error Code: -17306, Unknown variable or property name.
Message: 'The post-expression for the step 'Statement' could not be evaluated.
Unknown variable or property name 'Parameters.UUTcorrect'.' at step 'Statement' in seq 'ProcessModelPostStepRuntimeError'

TST-C-ROS-T2935    9/7/2026 3:53:24 PM ProcessModelError
Error Code: -17306, Unknown variable or property name.
Message: 'The post-expression for the step 'Statement' could not be evaluated.
Unknown variable or property name 'Parameters.UUTcorrect'.' at step 'Statement' in seq 'ProcessModelPostStepRuntimeError'

TST-C-ROS-T2935    9/7/2026 3:53:24 PM ProcessModelError
Error Code: -17306, Unknown variable or property name.
Message: 'The post-expression for the step 'Statement' could not be evaluated.
Unknown variable or property name 'Parameters.UUTcorrect'.' at step 'Statement' in seq 'ProcessModelPostStepRuntimeError'

TST-C-ROS-T2935    9/7/2026 3:53:25 PM ProcessModelError
Error Code: -17306, Unknown variable or property name.
Message: 'The post-expression for the step 'Statement' could not be evaluated.
Unknown variable or property name 'Parameters.UUTcorrect'.' at step 'Statement' in seq 'ProcessModelPostStepRuntimeError'

TST-C-ROS-T2935    9/7/2026 3:53:25 PM ProcessModelError
Error Code: -17306, Unknown variable or property name.
Message: 'The post-expression for the step 'Statement' could not be evaluated.
Unknown variable or property name 'Parameters.UUTcorrect'.' at step 'Statement' in seq 'ProcessModelPostStepRuntimeError'

TST-C-ROS-T2935    9/7/2026 3:53:25 PM ProcessModelError
Error Code: -17306, Unknown variable or property name.
Message: 'The post-expression for the step 'Statement' could not be evaluated.
Unknown variable or property name 'Parameters.UUTcorrect'.' at step 'Statement' in seq 'ProcessModelPostStepRuntimeError'

TST-C-ROS-T2935    9/7/2026 3:53:26 PM ProcessModelError
Error Code: -17306, Unknown variable or property name.
Message: 'The post-expression for the step 'Statement' could not be evaluated.
Unknown variable or property name 'Parameters.UUTcorrect'.' at step 'Statement' in seq 'ProcessModelPostStepRuntimeError'

TST-C-ROS-T2935    9/7/2026 3:53:26 PM ProcessModelError
Error Code: -17306, Unknown variable or property name.
Message: 'The post-expression for the step 'Statement' could not be evaluated.
Unknown variable or property name 'Parameters.UUTcorrect'.' at step 'Statement' in seq 'ProcessModelPostStepRuntimeError'

TST-C-ROS-T2935    9/7/2026 3:53:26 PM ProcessModelError
Error Code: -17306, Unknown variable or property name.
Message: 'The post-expression for the step 'Statement' could not be evaluated.
Unknown variable or property name 'Parameters.UUTcorrect'.' at step 'Statement' in seq 'ProcessModelPostStepRuntimeError'

TST-C-ROS-T2935    9/7/2026 3:53:27 PM ProcessModelError
Error Code: -17306, Unknown variable or property name.
Message: 'The post-expression for the step 'Statement' could not be evaluated.
Unknown variable or property name 'Parameters.UUTcorrect'.' at step 'Statement' in seq 'ProcessModelPostStepRuntimeError'

TST-C-ROS-T2935    9/7/2026 3:53:27 PM ProcessModelError
Error Code: -17306, Unknown variable or property name.
Message: 'The post-expression for the step 'Statement' could not be evaluated.
Unknown variable or property name 'Parameters.UUTcorrect'.' at step 'Statement' in seq 'ProcessModelPostStepRuntimeError'

TST-C-ROS-T2935    9/7/2026 3:53:27 PM ProcessModelError
Error Code: -17306, Unknown variable or property name.
Message: 'The post-expression for the step 'Statement' could not be evaluated.
Unknown variable or property name 'Parameters.UUTcorrect'.' at step 'Statement' in seq 'ProcessModelPostStepRuntimeError'

TST-C-ROS-T2935    9/7/2026 3:53:28 PM ProcessModelError
Error Code: -17306, Unknown variable or property name.
Message: 'The post-expression for the step 'Statement' could not be evaluated.
Unknown variable or property name 'Parameters.UUTcorrect'.' at step 'Statement' in seq 'ProcessModelPostStepRuntimeError'

TST-C-ROS-T2935    9/7/2026 3:53:28 PM ProcessModelError
Error Code: -17306, Unknown variable or property name.
Message: 'The post-expression for the step 'Statement' could not be evaluated.
Unknown variable or property name 'Parameters.UUTcorrect'.' at step 'Statement' in seq 'ProcessModelPostStepRuntimeError'

TST-C-ROS-T2935    9/7/2026 3:53:28 PM ProcessModelError
Error Code: -17306, Unknown variable or property name.
Message: 'The post-expression for the step 'Statement' could not be evaluated.
Unknown variable or property name 'Parameters.UUTcorrect'.' at step 'Statement' in seq 'ProcessModelPostStepRuntimeError'

TST-C-ROS-T2935    9/7/2026 3:53:29 PM ProcessModelError
Error Code: -17306, Unknown variable or property name.
Message: 'The post-expression for the step 'Statement' could not be evaluated.
Unknown variable or property name 'Parameters.UUTcorrect'.' at step 'Statement' in seq 'ProcessModelPostStepRuntimeError'

TST-C-ROS-T2935    9/7/2026 3:53:29 PM ProcessModelError
Error Code: -17306, Unknown variable or property name.
Message: 'The post-expression for the step 'Statement' could not be evaluated.
Unknown variable or property name 'Parameters.UUTcorrect'.' at step 'Statement' in seq 'ProcessModelPostStepRuntimeError'

TST-C-ROS-T2935    9/7/2026 3:53:29 PM ProcessModelError
Error Code: -17306, Unknown variable or property name.
Message: 'The post-expression for the step 'Statement' could not be evaluated.
Unknown variable or property name 'Parameters.UUTcorrect'.' at step 'Statement' in seq 'ProcessModelPostStepRuntimeError'

TST-C-ROS-T2935    9/7/2026 3:53:30 PM ProcessModelError
Error Code: -17306, Unknown variable or property name.
Message: 'The post-expression for the step 'Statement' could not be evaluated.
Unknown variable or property name 'Parameters.UUTcorrect'.' at step 'Statement' in seq 'ProcessModelPostStepRuntimeError'

TST-C-ROS-T2935    9/7/2026 3:53:30 PM ProcessModelError
Error Code: -17306, Unknown variable or property name.
Message: 'The post-expression for the step 'Statement' could not be evaluated.
Unknown variable or property name 'Parameters.UUTcorrect'.' at step 'Statement' in seq 'ProcessModelPostStepRuntimeError'

TST-C-ROS-T2935    9/7/2026 3:53:30 PM ProcessModelError
Error Code: -17306, Unknown variable or property name.
Message: 'The post-expression for the step 'Statement' could not be evaluated.
Unknown variable or property name 'Parameters.UUTcorrect'.' at step 'Statement' in seq 'ProcessModelPostStepRuntimeError'

TST-C-ROS-T2935    9/7/2026 3:53:31 PM ProcessModelError
Error Code: -17306, Unknown variable or property name.
Message: 'The post-expression for the step 'Statement' could not be evaluated.
Unknown variable or property name 'Parameters.UUTcorrect'.' at step 'Statement' in seq 'ProcessModelPostStepRuntimeError'

TST-C-ROS-T2935    9/7/2026 3:53:31 PM ProcessModelError
Error Code: -17306, Unknown variable or property name.
Message: 'The post-expression for the step 'Statement' could not be evaluated.
Unknown variable or property name 'Parameters.UUTcorrect'.' at step 'Statement' in seq 'ProcessModelPostStepRuntimeError'

TST-C-ROS-T2935    9/7/2026 3:53:31 PM ProcessModelError
Error Code: -17306, Unknown variable or property name.
Message: 'The post-expression for the step 'Statement' could not be evaluated.
Unknown variable or property name 'Parameters.UUTcorrect'.' at step 'Statement' in seq 'ProcessModelPostStepRuntimeError'

TST-C-ROS-T2935    9/7/2026 3:53:32 PM ProcessModelError
Error Code: -17306, Unknown variable or property name.
Message: 'The post-expression for the step 'Statement' could not be evaluated.
Unknown variable or property name 'Parameters.UUTcorrect'.' at step 'Statement' in seq 'ProcessModelPostStepRuntimeError'

TST-C-ROS-T2935    9/7/2026 3:53:32 PM ProcessModelError
Error Code: -17306, Unknown variable or property name.
Message: 'The post-expression for the step 'Statement' could not be evaluated.
Unknown variable or property name 'Parameters.UUTcorrect'.' at step 'Statement' in seq 'ProcessModelPostStepRuntimeError'

TST-C-ROS-T2935    9/7/2026 3:53:32 PM ProcessModelError
Error Code: -17306, Unknown variable or property name.
Message: 'The post-expression for the step 'Statement' could not be evaluated.
Unknown variable or property name 'Parameters.UUTcorrect'.' at step 'Statement' in seq 'ProcessModelPostStepRuntimeError'

TST-C-ROS-T2935    9/7/2026 3:53:32 PM ProcessModelError
Error Code: -17306, Unknown variable or property name.
Message: 'The post-expression for the step 'Statement' could not be evaluated.
Unknown variable or property name 'Parameters.UUTcorrect'.' at step 'Statement' in seq 'ProcessModelPostStepRuntimeError'

TST-C-ROS-T2935    9/7/2026 3:53:33 PM ProcessModelError
Error Code: -17306, Unknown variable or property name.
Message: 'The post-expression for the step 'Statement' could not be evaluated.
Unknown variable or property name 'Parameters.UUTcorrect'.' at step 'Statement' in seq 'ProcessModelPostStepRuntimeError'

TST-C-ROS-T2935    9/7/2026 3:53:33 PM ProcessModelError
Error Code: -17306, Unknown variable or property name.
Message: 'The post-expression for the step 'Statement' could not be evaluated.
Unknown variable or property name 'Parameters.UUTcorrect'.' at step 'Statement' in seq 'ProcessModelPostStepRuntimeError'

TST-C-ROS-T2935    9/7/2026 3:53:33 PM ProcessModelError
Error Code: -17306, Unknown variable or property name.
Message: 'The post-expression for the step 'Statement' could not be evaluated.
Unknown variable or property name 'Parameters.UUTcorrect'.' at step 'Statement' in seq 'ProcessModelPostStepRuntimeError'

TST-C-ROS-T2935    9/7/2026 3:53:34 PM ProcessModelError
Error Code: -17306, Unknown variable or property name.
Message: 'The post-expression for the step 'Statement' could not be evaluated.
Unknown variable or property name 'Parameters.UUTcorrect'.' at step 'Statement' in seq 'ProcessModelPostStepRuntimeError'

TST-C-ROS-T2935    9/7/2026 3:53:34 PM ProcessModelError
Error Code: -17306, Unknown variable or property name.
Message: 'The post-expression for the step 'Statement' could not be evaluated.
Unknown variable or property name 'Parameters.UUTcorrect'.' at step 'Statement' in seq 'ProcessModelPostStepRuntimeError'

TST-C-ROS-T2935    9/7/2026 3:53:34 PM ProcessModelError
Error Code: -17306, Unknown variable or property name.
Message: 'The post-expression for the step 'Statement' could not be evaluated.
Unknown variable or property name 'Parameters.UUTcorrect'.' at step 'Statement' in seq 'ProcessModelPostStepRuntimeError'

TST-C-ROS-T2935    9/7/2026 3:53:35 PM ProcessModelError
Error Code: -17306, Unknown variable or property name.
Message: 'The post-expression for the step 'Statement' could not be evaluated.
Unknown variable or property name 'Parameters.UUTcorrect'.' at step 'Statement' in seq 'ProcessModelPostStepRuntimeError'

TST-C-ROS-T2935    9/7/2026 3:53:35 PM ProcessModelError
Error Code: -17306, Unknown variable or property name.
Message: 'The post-expression for the step 'Statement' could not be evaluated.
Unknown variable or property name 'Parameters.UUTcorrect'.' at step 'Statement' in seq 'ProcessModelPostStepRuntimeError'

TST-C-ROS-T2935    9/7/2026 3:53:35 PM ProcessModelError
Error Code: -17306, Unknown variable or property name.
Message: 'The post-expression for the step 'Statement' could not be evaluated.
Unknown variable or property name 'Parameters.UUTcorrect'.' at step 'Statement' in seq 'ProcessModelPostStepRuntimeError'

TST-C-ROS-T2935    9/7/2026 3:53:36 PM ProcessModelError
Error Code: -17306, Unknown variable or property name.
Message: 'The post-expression for the step 'Statement' could not be evaluated.
Unknown variable or property name 'Parameters.UUTcorrect'.' at step 'Statement' in seq 'ProcessModelPostStepRuntimeError'

TST-C-ROS-T2935    9/7/2026 3:53:36 PM ProcessModelError
Error Code: -17306, Unknown variable or property name.
Message: 'The post-expression for the step 'Statement' could not be evaluated.
Unknown variable or property name 'Parameters.UUTcorrect'.' at step 'Statement' in seq 'ProcessModelPostStepRuntimeError'

TST-C-ROS-T2935    9/7/2026 3:53:36 PM ProcessModelError
Error Code: -17306, Unknown variable or property name.
Message: 'The post-expression for the step 'Statement' could not be evaluated.
Unknown variable or property name 'Parameters.UUTcorrect'.' at step 'Statement' in seq 'ProcessModelPostStepRuntimeError'

TST-C-ROS-T2935    9/7/2026 3:53:37 PM ProcessModelError
Error Code: -17306, Unknown variable or property name.
Message: 'The post-expression for the step 'Statement' could not be evaluated.
Unknown variable or property name 'Parameters.UUTcorrect'.' at step 'Statement' in seq 'ProcessModelPostStepRuntimeError'

TST-C-ROS-T2935    9/7/2026 3:53:37 PM ProcessModelError
Error Code: -17306, Unknown variable or property name.
Message: 'The post-expression for the step 'Statement' could not be evaluated.
Unknown variable or property name 'Parameters.UUTcorrect'.' at step 'Statement' in seq 'ProcessModelPostStepRuntimeError'

TST-C-ROS-T2935    9/7/2026 3:53:37 PM ProcessModelError
Error Code: -17306, Unknown variable or property name.
Message: 'The post-expression for the step 'Statement' could not be evaluated.
Unknown variable or property name 'Parameters.UUTcorrect'.' at step 'Statement' in seq 'ProcessModelPostStepRuntimeError'

TST-C-ROS-T2935    9/7/2026 3:53:38 PM ProcessModelError
Error Code: -17306, Unknown variable or property name.
Message: 'The post-expression for the step 'Statement' could not be evaluated.
Unknown variable or property name 'Parameters.UUTcorrect'.' at step 'Statement' in seq 'ProcessModelPostStepRuntimeError'

TST-C-ROS-T2935    9/7/2026 3:53:38 PM ProcessModelError
Error Code: -17306, Unknown variable or property name.
Message: 'The post-expression for the step 'Statement' could not be evaluated.
Unknown variable or property name 'Parameters.UUTcorrect'.' at step 'Statement' in seq 'ProcessModelPostStepRuntimeError'

TST-C-ROS-T2935    9/7/2026 3:53:38 PM ProcessModelError
Error Code: -17306, Unknown variable or property name.
Message: 'The post-expression for the step 'Statement' could not be evaluated.
Unknown variable or property name 'Parameters.UUTcorrect'.' at step 'Statement' in seq 'ProcessModelPostStepRuntimeError'

TST-C-ROS-T2935    9/7/2026 3:53:39 PM ProcessModelError
Error Code: -17306, Unknown variable or property name.
Message: 'The post-expression for the step 'Statement' could not be evaluated.
Unknown variable or property name 'Parameters.UUTcorrect'.' at step 'Statement' in seq 'ProcessModelPostStepRuntimeError'

TST-C-ROS-T2935    9/7/2026 3:53:39 PM ProcessModelError
Error Code: -17306, Unknown variable or property name.
Message: 'The post-expression for the step 'Statement' could not be evaluated.
Unknown variable or property name 'Parameters.UUTcorrect'.' at step 'Statement' in seq 'ProcessModelPostStepRuntimeError'

TST-C-ROS-T2935    9/7/2026 3:53:39 PM ProcessModelError
Error Code: -17306, Unknown variable or property name.
Message: 'The post-expression for the step 'Statement' could not be evaluated.
Unknown variable or property name 'Parameters.UUTcorrect'.' at step 'Statement' in seq 'ProcessModelPostStepRuntimeError'

TST-C-ROS-T2935    9/7/2026 3:53:39 PM ProcessModelError
Error Code: -17306, Unknown variable or property name.
Message: 'The post-expression for the step 'Statement' could not be evaluated.
Unknown variable or property name 'Parameters.UUTcorrect'.' at step 'Statement' in seq 'ProcessModelPostStepRuntimeError'

TST-C-ROS-T2935    9/7/2026 3:53:40 PM ProcessModelError
Error Code: -17306, Unknown variable or property name.
Message: 'The post-expression for the step 'Statement' could not be evaluated.
Unknown variable or property name 'Parameters.UUTcorrect'.' at step 'Statement' in seq 'ProcessModelPostStepRuntimeError'

TST-C-ROS-T2935    9/7/2026 3:53:40 PM ProcessModelError
Error Code: -17306, Unknown variable or property name.
Message: 'The post-expression for the step 'Statement' could not be evaluated.
Unknown variable or property name 'Parameters.UUTcorrect'.' at step 'Statement' in seq 'ProcessModelPostStepRuntimeError'

TST-C-ROS-T2935    9/7/2026 3:53:40 PM ProcessModelError
Error Code: -17306, Unknown variable or property name.
Message: 'The post-expression for the step 'Statement' could not be evaluated.
Unknown variable or property name 'Parameters.UUTcorrect'.' at step 'Statement' in seq 'ProcessModelPostStepRuntimeError'

TST-C-ROS-T2935    9/7/2026 3:53:41 PM ProcessModelError
Error Code: -17306, Unknown variable or property name.
Message: 'The post-expression for the step 'Statement' could not be evaluated.
Unknown variable or property name 'Parameters.UUTcorrect'.' at step 'Statement' in seq 'ProcessModelPostStepRuntimeError'

TST-C-ROS-T2935    9/7/2026 3:53:41 PM ProcessModelError
Error Code: -17306, Unknown variable or property name.
Message: 'The post-expression for the step 'Statement' could not be evaluated.
Unknown variable or property name 'Parameters.UUTcorrect'.' at step 'Statement' in seq 'ProcessModelPostStepRuntimeError'

TST-C-ROS-T2935    9/7/2026 3:53:41 PM ProcessModelError
Error Code: -17306, Unknown variable or property name.
Message: 'The post-expression for the step 'Statement' could not be evaluated.
Unknown variable or property name 'Parameters.UUTcorrect'.' at step 'Statement' in seq 'ProcessModelPostStepRuntimeError'

TST-C-ROS-T2935    9/7/2026 3:53:42 PM ProcessModelError
Error Code: -17306, Unknown variable or property name.
Message: 'The post-expression for the step 'Statement' could not be evaluated.
Unknown variable or property name 'Parameters.UUTcorrect'.' at step 'Statement' in seq 'ProcessModelPostStepRuntimeError'

TST-C-ROS-T2935    9/7/2026 3:53:42 PM ProcessModelError
Error Code: -17306, Unknown variable or property name.
Message: 'The post-expression for the step 'Statement' could not be evaluated.
Unknown variable or property name 'Parameters.UUTcorrect'.' at step 'Statement' in seq 'ProcessModelPostStepRuntimeError'

TST-C-ROS-T2935    9/7/2026 3:53:42 PM ProcessModelError
Error Code: -17306, Unknown variable or property name.
Message: 'The post-expression for the step 'Statement' could not be evaluated.
Unknown variable or property name 'Parameters.UUTcorrect'.' at step 'Statement' in seq 'ProcessModelPostStepRuntimeError'

TST-C-ROS-T2935    9/7/2026 3:53:43 PM ProcessModelError
Error Code: -17306, Unknown variable or property name.
Message: 'The post-expression for the step 'Statement' could not be evaluated.
Unknown variable or property name 'Parameters.UUTcorrect'.' at step 'Statement' in seq 'ProcessModelPostStepRuntimeError'

TST-C-ROS-T2935    9/7/2026 3:53:43 PM ProcessModelError
Error Code: -17306, Unknown variable or property name.
Message: 'The post-expression for the step 'Statement' could not be evaluated.
Unknown variable or property name 'Parameters.UUTcorrect'.' at step 'Statement' in seq 'ProcessModelPostStepRuntimeError'

TST-C-ROS-T2935    9/7/2026 3:53:43 PM ProcessModelError
Error Code: -17306, Unknown variable or property name.
Message: 'The post-expression for the step 'Statement' could not be evaluated.
Unknown variable or property name 'Parameters.UUTcorrect'.' at step 'Statement' in seq 'ProcessModelPostStepRuntimeError'

TST-C-ROS-T2935    9/7/2026 3:53:44 PM ProcessModelError
Error Code: -17306, Unknown variable or property name.
Message: 'The post-expression for the step 'Statement' could not be evaluated.
Unknown variable or property name 'Parameters.UUTcorrect'.' at step 'Statement' in seq 'ProcessModelPostStepRuntimeError'

TST-C-ROS-T2935    9/7/2026 3:53:44 PM ProcessModelError
Error Code: -17306, Unknown variable or property name.
Message: 'The post-expression for the step 'Statement' could not be evaluated.
Unknown variable or property name 'Parameters.UUTcorrect'.' at step 'Statement' in seq 'ProcessModelPostStepRuntimeError'

TST-C-ROS-T2935    9/7/2026 3:53:44 PM ProcessModelError
Error Code: -17306, Unknown variable or property name.
Message: 'The post-expression for the step 'Statement' could not be evaluated.
Unknown variable or property name 'Parameters.UUTcorrect'.' at step 'Statement' in seq 'ProcessModelPostStepRuntimeError'

TST-C-ROS-T2935    9/7/2026 3:53:45 PM ProcessModelError
Error Code: -17306, Unknown variable or property name.
Message: 'The post-expression for the step 'Statement' could not be evaluated.
Unknown variable or property name 'Parameters.UUTcorrect'.' at step 'Statement' in seq 'ProcessModelPostStepRuntimeError'

TST-C-ROS-T2935    9/7/2026 3:53:45 PM ProcessModelError
Error Code: -17306, Unknown variable or property name.
Message: 'The post-expression for the step 'Statement' could not be evaluated.
Unknown variable or property name 'Parameters.UUTcorrect'.' at step 'Statement' in seq 'ProcessModelPostStepRuntimeError'

TST-C-ROS-T2935    9/7/2026 3:53:45 PM ProcessModelError
Error Code: -17306, Unknown variable or property name.
Message: 'The post-expression for the step 'Statement' could not be evaluated.
Unknown variable or property name 'Parameters.UUTcorrect'.' at step 'Statement' in seq 'ProcessModelPostStepRuntimeError'

TST-C-ROS-T2935    9/7/2026 3:53:46 PM ProcessModelError
Error Code: -17306, Unknown variable or property name.
Message: 'The post-expression for the step 'Statement' could not be evaluated.
Unknown variable or property name 'Parameters.UUTcorrect'.' at step 'Statement' in seq 'ProcessModelPostStepRuntimeError'

TST-C-ROS-T2935    9/7/2026 3:53:46 PM ProcessModelError
Error Code: -17306, Unknown variable or property name.
Message: 'The post-expression for the step 'Statement' could not be evaluated.
Unknown variable or property name 'Parameters.UUTcorrect'.' at step 'Statement' in seq 'ProcessModelPostStepRuntimeError'

TST-C-ROS-T2935    9/7/2026 3:53:46 PM ProcessModelError
Error Code: -17306, Unknown variable or property name.
Message: 'The post-expression for the step 'Statement' could not be evaluated.
Unknown variable or property name 'Parameters.UUTcorrect'.' at step 'Statement' in seq 'ProcessModelPostStepRuntimeError'

TST-C-ROS-T2935    9/7/2026 3:53:47 PM ProcessModelError
Error Code: -17306, Unknown variable or property name.
Message: 'The post-expression for the step 'Statement' could not be evaluated.
Unknown variable or property name 'Parameters.UUTcorrect'.' at step 'Statement' in seq 'ProcessModelPostStepRuntimeError'

TST-C-ROS-T2935    9/7/2026 3:53:47 PM ProcessModelError
Error Code: -17306, Unknown variable or property name.
Message: 'The post-expression for the step 'Statement' could not be evaluated.
Unknown variable or property name 'Parameters.UUTcorrect'.' at step 'Statement' in seq 'ProcessModelPostStepRuntimeError'

TST-C-ROS-T2935    9/7/2026 3:53:47 PM ProcessModelError
Error Code: -17306, Unknown variable or property name.
Message: 'The post-expression for the step 'Statement' could not be evaluated.
Unknown variable or property name 'Parameters.UUTcorrect'.' at step 'Statement' in seq 'ProcessModelPostStepRuntimeError'

TST-C-ROS-T2935    9/7/2026 3:53:47 PM ProcessModelError
Error Code: -17306, Unknown variable or property name.
Message: 'The post-expression for the step 'Statement' could not be evaluated.
Unknown variable or property name 'Parameters.UUTcorrect'.' at step 'Statement' in seq 'ProcessModelPostStepRuntimeError'

TST-C-ROS-T2935    9/7/2026 3:53:48 PM ProcessModelError
Error Code: -17306, Unknown variable or property name.
Message: 'The post-expression for the step 'Statement' could not be evaluated.
Unknown variable or property name 'Parameters.UUTcorrect'.' at step 'Statement' in seq 'ProcessModelPostStepRuntimeError'

TST-C-ROS-T2935    9/7/2026 3:53:48 PM ProcessModelError
Error Code: -17306, Unknown variable or property name.
Message: 'The post-expression for the step 'Statement' could not be evaluated.
Unknown variable or property name 'Parameters.UUTcorrect'.' at step 'Statement' in seq 'ProcessModelPostStepRuntimeError'

TST-C-ROS-T2935    9/7/2026 3:53:48 PM ProcessModelError
Error Code: -17306, Unknown variable or property name.
Message: 'The post-expression for the step 'Statement' could not be evaluated.
Unknown variable or property name 'Parameters.UUTcorrect'.' at step 'Statement' in seq 'ProcessModelPostStepRuntimeError'

TST-C-ROS-T2935    9/7/2026 3:53:49 PM ProcessModelError
Error Code: -17306, Unknown variable or property name.
Message: 'The post-expression for the step 'Statement' could not be evaluated.
Unknown variable or property name 'Parameters.UUTcorrect'.' at step 'Statement' in seq 'ProcessModelPostStepRuntimeError'

TST-C-ROS-T2935    9/7/2026 3:53:49 PM ProcessModelError
Error Code: -17306, Unknown variable or property name.
Message: 'The post-expression for the step 'Statement' could not be evaluated.
Unknown variable or property name 'Parameters.UUTcorrect'.' at step 'Statement' in seq 'ProcessModelPostStepRuntimeError'

TST-C-ROS-T2935    9/7/2026 3:53:49 PM ProcessModelError
Error Code: -17306, Unknown variable or property name.
Message: 'The post-expression for the step 'Statement' could not be evaluated.
Unknown variable or property name 'Parameters.UUTcorrect'.' at step 'Statement' in seq 'ProcessModelPostStepRuntimeError'

TST-C-ROS-T2935    9/7/2026 3:53:50 PM ProcessModelError
Error Code: -17306, Unknown variable or property name.
Message: 'The post-expression for the step 'Statement' could not be evaluated.
Unknown variable or property name 'Parameters.UUTcorrect'.' at step 'Statement' in seq 'ProcessModelPostStepRuntimeError'

TST-C-ROS-T2935    9/7/2026 3:53:50 PM ProcessModelError
Error Code: -17306, Unknown variable or property name.
Message: 'The post-expression for the step 'Statement' could not be evaluated.
Unknown variable or property name 'Parameters.UUTcorrect'.' at step 'Statement' in seq 'ProcessModelPostStepRuntimeError'

TST-C-ROS-T2935    9/7/2026 3:53:50 PM ProcessModelError
Error Code: -17306, Unknown variable or property name.
Message: 'The post-expression for the step 'Statement' could not be evaluated.
Unknown variable or property name 'Parameters.UUTcorrect'.' at step 'Statement' in seq 'ProcessModelPostStepRuntimeError'

TST-C-ROS-T2935    9/7/2026 3:53:51 PM ProcessModelError
Error Code: -17306, Unknown variable or property name.
Message: 'The post-expression for the step 'Statement' could not be evaluated.
Unknown variable or property name 'Parameters.UUTcorrect'.' at step 'Statement' in seq 'ProcessModelPostStepRuntimeError'

TST-C-ROS-T2935    9/7/2026 3:53:51 PM ProcessModelError
Error Code: -17306, Unknown variable or property name.
Message: 'The post-expression for the step 'Statement' could not be evaluated.
Unknown variable or property name 'Parameters.UUTcorrect'.' at step 'Statement' in seq 'ProcessModelPostStepRuntimeError'

TST-C-ROS-T2935    9/7/2026 3:53:51 PM ProcessModelError
Error Code: -17306, Unknown variable or property name.
Message: 'The post-expression for the step 'Statement' could not be evaluated.
Unknown variable or property name 'Parameters.UUTcorrect'.' at step 'Statement' in seq 'ProcessModelPostStepRuntimeError'

TST-C-ROS-T2935    9/7/2026 3:53:52 PM ProcessModelError
Error Code: -17306, Unknown variable or property name.
Message: 'The post-expression for the step 'Statement' could not be evaluated.
Unknown variable or property name 'Parameters.UUTcorrect'.' at step 'Statement' in seq 'ProcessModelPostStepRuntimeError'

TST-C-ROS-T2935    9/7/2026 3:53:52 PM ProcessModelError
Error Code: -17306, Unknown variable or property name.
Message: 'The post-expression for the step 'Statement' could not be evaluated.
Unknown variable or property name 'Parameters.UUTcorrect'.' at step 'Statement' in seq 'ProcessModelPostStepRuntimeError'

TST-C-ROS-T2935    9/7/2026 3:53:52 PM ProcessModelError
Error Code: -17306, Unknown variable or property name.
Message: 'The post-expression for the step 'Statement' could not be evaluated.
Unknown variable or property name 'Parameters.UUTcorrect'.' at step 'Statement' in seq 'ProcessModelPostStepRuntimeError'

TST-C-ROS-T2935    9/7/2026 3:53:53 PM ProcessModelError
Error Code: -17306, Unknown variable or property name.
Message: 'The post-expression for the step 'Statement' could not be evaluated.
Unknown variable or property name 'Parameters.UUTcorrect'.' at step 'Statement' in seq 'ProcessModelPostStepRuntimeError'

TST-C-ROS-T2935    9/7/2026 3:53:53 PM ProcessModelError
Error Code: -17306, Unknown variable or property name.
Message: 'The post-expression for the step 'Statement' could not be evaluated.
Unknown variable or property name 'Parameters.UUTcorrect'.' at step 'Statement' in seq 'ProcessModelPostStepRuntimeError'

TST-C-ROS-T2935    9/7/2026 3:53:53 PM ProcessModelError
Error Code: -17306, Unknown variable or property name.
Message: 'The post-expression for the step 'Statement' could not be evaluated.
Unknown variable or property name 'Parameters.UUTcorrect'.' at step 'Statement' in seq 'ProcessModelPostStepRuntimeError'

TST-C-ROS-T2935    9/7/2026 3:53:54 PM ProcessModelError
Error Code: -17306, Unknown variable or property name.
Message: 'The post-expression for the step 'Statement' could not be evaluated.
Unknown variable or property name 'Parameters.UUTcorrect'.' at step 'Statement' in seq 'ProcessModelPostStepRuntimeError'

TST-C-ROS-T2935    9/7/2026 3:53:54 PM ProcessModelError
Error Code: -17306, Unknown variable or property name.
Message: 'The post-expression for the step 'Statement' could not be evaluated.
Unknown variable or property name 'Parameters.UUTcorrect'.' at step 'Statement' in seq 'ProcessModelPostStepRuntimeError'

TST-C-ROS-T2935    9/7/2026 3:53:54 PM ProcessModelError
Error Code: -17306, Unknown variable or property name.
Message: 'The post-expression for the step 'Statement' could not be evaluated.
Unknown variable or property name 'Parameters.UUTcorrect'.' at step 'Statement' in seq 'ProcessModelPostStepRuntimeError'

TST-C-ROS-T2935    9/7/2026 3:53:55 PM ProcessModelError
Error Code: -17306, Unknown variable or property name.
Message: 'The post-expression for the step 'Statement' could not be evaluated.
Unknown variable or property name 'Parameters.UUTcorrect'.' at step 'Statement' in seq 'ProcessModelPostStepRuntimeError'

TST-C-ROS-T2935    9/7/2026 3:53:55 PM ProcessModelError
Error Code: -17306, Unknown variable or property name.
Message: 'The post-expression for the step 'Statement' could not be evaluated.
Unknown variable or property name 'Parameters.UUTcorrect'.' at step 'Statement' in seq 'ProcessModelPostStepRuntimeError'

TST-C-ROS-T2935    9/7/2026 3:53:55 PM ProcessModelError
Error Code: -17306, Unknown variable or property name.
Message: 'The post-expression for the step 'Statement' could not be evaluated.
Unknown variable or property name 'Parameters.UUTcorrect'.' at step 'Statement' in seq 'ProcessModelPostStepRuntimeError'

TST-C-ROS-T2935    9/7/2026 3:53:55 PM ProcessModelError
Error Code: -17306, Unknown variable or property name.
Message: 'The post-expression for the step 'Statement' could not be evaluated.
Unknown variable or property name 'Parameters.UUTcorrect'.' at step 'Statement' in seq 'ProcessModelPostStepRuntimeError'

TST-C-ROS-T2935    9/7/2026 3:53:56 PM ProcessModelError
Error Code: -17306, Unknown variable or property name.
Message: 'The post-expression for the step 'Statement' could not be evaluated.
Unknown variable or property name 'Parameters.UUTcorrect'.' at step 'Statement' in seq 'ProcessModelPostStepRuntimeError'

TST-C-ROS-T2935    9/7/2026 3:53:56 PM ProcessModelError
Error Code: -17306, Unknown variable or property name.
Message: 'The post-expression for the step 'Statement' could not be evaluated.
Unknown variable or property name 'Parameters.UUTcorrect'.' at step 'Statement' in seq 'ProcessModelPostStepRuntimeError'

TST-C-ROS-T2935    9/7/2026 3:53:56 PM ProcessModelError
Error Code: -17306, Unknown variable or property name.
Message: 'The post-expression for the step 'Statement' could not be evaluated.
Unknown variable or property name 'Parameters.UUTcorrect'.' at step 'Statement' in seq 'ProcessModelPostStepRuntimeError'

TST-C-ROS-T2935    9/7/2026 3:53:57 PM ProcessModelError
Error Code: -17306, Unknown variable or property name.
Message: 'The post-expression for the step 'Statement' could not be evaluated.
Unknown variable or property name 'Parameters.UUTcorrect'.' at step 'Statement' in seq 'ProcessModelPostStepRuntimeError'

TST-C-ROS-T2935    9/7/2026 3:53:57 PM ProcessModelError
Error Code: -17306, Unknown variable or property name.
Message: 'The post-expression for the step 'Statement' could not be evaluated.
Unknown variable or property name 'Parameters.UUTcorrect'.' at step 'Statement' in seq 'ProcessModelPostStepRuntimeError'

TST-C-ROS-T2935    9/7/2026 3:53:57 PM ProcessModelError
Error Code: -17306, Unknown variable or property name.
Message: 'The post-expression for the step 'Statement' could not be evaluated.
Unknown variable or property name 'Parameters.UUTcorrect'.' at step 'Statement' in seq 'ProcessModelPostStepRuntimeError'

TST-C-ROS-T2935    9/7/2026 3:53:58 PM ProcessModelError
Error Code: -17306, Unknown variable or property name.
Message: 'The post-expression for the step 'Statement' could not be evaluated.
Unknown variable or property name 'Parameters.UUTcorrect'.' at step 'Statement' in seq 'ProcessModelPostStepRuntimeError'

TST-C-ROS-T2935    9/7/2026 3:53:58 PM ProcessModelError
Error Code: -17306, Unknown variable or property name.
Message: 'The post-expression for the step 'Statement' could not be evaluated.
Unknown variable or property name 'Parameters.UUTcorrect'.' at step 'Statement' in seq 'ProcessModelPostStepRuntimeError'

TST-C-ROS-T2935    9/7/2026 3:53:58 PM ProcessModelError
Error Code: -17306, Unknown variable or property name.
Message: 'The post-expression for the step 'Statement' could not be evaluated.
Unknown variable or property name 'Parameters.UUTcorrect'.' at step 'Statement' in seq 'ProcessModelPostStepRuntimeError'

TST-C-ROS-T2935    9/7/2026 3:53:59 PM ProcessModelError
Error Code: -17306, Unknown variable or property name.
Message: 'The post-expression for the step 'Statement' could not be evaluated.
Unknown variable or property name 'Parameters.UUTcorrect'.' at step 'Statement' in seq 'ProcessModelPostStepRuntimeError'

TST-C-ROS-T2935    9/7/2026 3:53:59 PM ProcessModelError
Error Code: -17306, Unknown variable or property name.
Message: 'The post-expression for the step 'Statement' could not be evaluated.
Unknown variable or property name 'Parameters.UUTcorrect'.' at step 'Statement' in seq 'ProcessModelPostStepRuntimeError'

TST-C-ROS-T2935    9/7/2026 3:53:59 PM ProcessModelError
Error Code: -17306, Unknown variable or property name.
Message: 'The post-expression for the step 'Statement' could not be evaluated.
Unknown variable or property name 'Parameters.UUTcorrect'.' at step 'Statement' in seq 'ProcessModelPostStepRuntimeError'

TST-C-ROS-T2935    9/7/2026 3:54:00 PM ProcessModelError
Error Code: -17306, Unknown variable or property name.
Message: 'The post-expression for the step 'Statement' could not be evaluated.
Unknown variable or property name 'Parameters.UUTcorrect'.' at step 'Statement' in seq 'ProcessModelPostStepRuntimeError'

TST-C-ROS-T2935    9/7/2026 3:54:00 PM ProcessModelError
Error Code: -17306, Unknown variable or property name.
Message: 'The post-expression for the step 'Statement' could not be evaluated.
Unknown variable or property name 'Parameters.UUTcorrect'.' at step 'Statement' in seq 'ProcessModelPostStepRuntimeError'

TST-C-ROS-T2935    9/7/2026 3:54:00 PM ProcessModelError
Error Code: -17306, Unknown variable or property name.
Message: 'The post-expression for the step 'Statement' could not be evaluated.
Unknown variable or property name 'Parameters.UUTcorrect'.' at step 'Statement' in seq 'ProcessModelPostStepRuntimeError'

TST-C-ROS-T2935    9/7/2026 3:54:01 PM ProcessModelError
Error Code: -17306, Unknown variable or property name.
Message: 'The post-expression for the step 'Statement' could not be evaluated.
Unknown variable or property name 'Parameters.UUTcorrect'.' at step 'Statement' in seq 'ProcessModelPostStepRuntimeError'

TST-C-ROS-T2935    9/7/2026 3:54:01 PM ProcessModelError
Error Code: -17306, Unknown variable or property name.
Message: 'The post-expression for the step 'Statement' could not be evaluated.
Unknown variable or property name 'Parameters.UUTcorrect'.' at step 'Statement' in seq 'ProcessModelPostStepRuntimeError'

TST-C-ROS-T2935    9/7/2026 3:54:01 PM ProcessModelError
Error Code: -17306, Unknown variable or property name.
Message: 'The post-expression for the step 'Statement' could not be evaluated.
Unknown variable or property name 'Parameters.UUTcorrect'.' at step 'Statement' in seq 'ProcessModelPostStepRuntimeError'

TST-C-ROS-T2935    9/7/2026 3:54:02 PM ProcessModelError
Error Code: -17306, Unknown variable or property name.
Message: 'The post-expression for the step 'Statement' could not be evaluated.
Unknown variable or property name 'Parameters.UUTcorrect'.' at step 'Statement' in seq 'ProcessModelPostStepRuntimeError'

TST-C-ROS-T2935    9/7/2026 3:54:02 PM ProcessModelError
Error Code: -17306, Unknown variable or property name.
Message: 'The post-expression for the step 'Statement' could not be evaluated.
Unknown variable or property name 'Parameters.UUTcorrect'.' at step 'Statement' in seq 'ProcessModelPostStepRuntimeError'

TST-C-ROS-T2935    9/7/2026 3:54:02 PM ProcessModelError
Error Code: -17306, Unknown variable or property name.
Message: 'The post-expression for the step 'Statement' could not be evaluated.
Unknown variable or property name 'Parameters.UUTcorrect'.' at step 'Statement' in seq 'ProcessModelPostStepRuntimeError'

TST-C-ROS-T2935    9/7/2026 3:54:02 PM ProcessModelError
Error Code: -17306, Unknown variable or property name.
Message: 'The post-expression for the step 'Statement' could not be evaluated.
Unknown variable or property name 'Parameters.UUTcorrect'.' at step 'Statement' in seq 'ProcessModelPostStepRuntimeError'

TST-C-ROS-T2935    9/7/2026 3:54:03 PM ProcessModelError
Error Code: -17306, Unknown variable or property name.
Message: 'The post-expression for the step 'Statement' could not be evaluated.
Unknown variable or property name 'Parameters.UUTcorrect'.' at step 'Statement' in seq 'ProcessModelPostStepRuntimeError'

TST-C-ROS-T2935    9/7/2026 3:54:03 PM ProcessModelError
Error Code: -17306, Unknown variable or property name.
Message: 'The post-expression for the step 'Statement' could not be evaluated.
Unknown variable or property name 'Parameters.UUTcorrect'.' at step 'Statement' in seq 'ProcessModelPostStepRuntimeError'

TST-C-ROS-T2935    9/7/2026 3:54:03 PM ProcessModelError
Error Code: -17306, Unknown variable or property name.
Message: 'The post-expression for the step 'Statement' could not be evaluated.
Unknown variable or property name 'Parameters.UUTcorrect'.' at step 'Statement' in seq 'ProcessModelPostStepRuntimeError'

TST-C-ROS-T2935    9/7/2026 3:54:04 PM ProcessModelError
Error Code: -17306, Unknown variable or property name.
Message: 'The post-expression for the step 'Statement' could not be evaluated.
Unknown variable or property name 'Parameters.UUTcorrect'.' at step 'Statement' in seq 'ProcessModelPostStepRuntimeError'

TST-C-ROS-T2935    9/7/2026 3:54:04 PM ProcessModelError
Error Code: -17306, Unknown variable or property name.
Message: 'The post-expression for the step 'Statement' could not be evaluated.
Unknown variable or property name 'Parameters.UUTcorrect'.' at step 'Statement' in seq 'ProcessModelPostStepRuntimeError'

TST-C-ROS-T2935    9/7/2026 3:54:04 PM ProcessModelError
Error Code: -17306, Unknown variable or property name.
Message: 'The post-expression for the step 'Statement' could not be evaluated.
Unknown variable or property name 'Parameters.UUTcorrect'.' at step 'Statement' in seq 'ProcessModelPostStepRuntimeError'

TST-C-ROS-T2935    9/7/2026 3:54:05 PM ProcessModelError
Error Code: -17306, Unknown variable or property name.
Message: 'The post-expression for the step 'Statement' could not be evaluated.
Unknown variable or property name 'Parameters.UUTcorrect'.' at step 'Statement' in seq 'ProcessModelPostStepRuntimeError'

TST-C-ROS-T2935    9/7/2026 3:54:05 PM ProcessModelError
Error Code: -17306, Unknown variable or property name.
Message: 'The post-expression for the step 'Statement' could not be evaluated.
Unknown variable or property name 'Parameters.UUTcorrect'.' at step 'Statement' in seq 'ProcessModelPostStepRuntimeError'

TST-C-ROS-T2935    9/7/2026 3:54:05 PM ProcessModelError
Error Code: -17306, Unknown variable or property name.
Message: 'The post-expression for the step 'Statement' could not be evaluated.
Unknown variable or property name 'Parameters.UUTcorrect'.' at step 'Statement' in seq 'ProcessModelPostStepRuntimeError'

TST-C-ROS-T2935    9/7/2026 3:54:06 PM ProcessModelError
Error Code: -17306, Unknown variable or property name.
Message: 'The post-expression for the step 'Statement' could not be evaluated.
Unknown variable or property name 'Parameters.UUTcorrect'.' at step 'Statement' in seq 'ProcessModelPostStepRuntimeError'

TST-C-ROS-T2935    9/7/2026 3:54:06 PM ProcessModelError
Error Code: -17306, Unknown variable or property name.
Message: 'The post-expression for the step 'Statement' could not be evaluated.
Unknown variable or property name 'Parameters.UUTcorrect'.' at step 'Statement' in seq 'ProcessModelPostStepRuntimeError'

TST-C-ROS-T2935    9/7/2026 3:54:06 PM ProcessModelError
Error Code: -17306, Unknown variable or property name.
Message: 'The post-expression for the step 'Statement' could not be evaluated.
Unknown variable or property name 'Parameters.UUTcorrect'.' at step 'Statement' in seq 'ProcessModelPostStepRuntimeError'

TST-C-ROS-T2935    9/7/2026 3:54:07 PM ProcessModelError
Error Code: -17306, Unknown variable or property name.
Message: 'The post-expression for the step 'Statement' could not be evaluated.
Unknown variable or property name 'Parameters.UUTcorrect'.' at step 'Statement' in seq 'ProcessModelPostStepRuntimeError'

TST-C-ROS-T2935    9/7/2026 3:54:07 PM ProcessModelError
Error Code: -17306, Unknown variable or property name.
Message: 'The post-expression for the step 'Statement' could not be evaluated.
Unknown variable or property name 'Parameters.UUTcorrect'.' at step 'Statement' in seq 'ProcessModelPostStepRuntimeError'

TST-C-ROS-T2935    9/7/2026 3:54:07 PM ProcessModelError
Error Code: -17306, Unknown variable or property name.
Message: 'The post-expression for the step 'Statement' could not be evaluated.
Unknown variable or property name 'Parameters.UUTcorrect'.' at step 'Statement' in seq 'ProcessModelPostStepRuntimeError'

TST-C-ROS-T2935    9/7/2026 3:54:08 PM ProcessModelError
Error Code: -17306, Unknown variable or property name.
Message: 'The post-expression for the step 'Statement' could not be evaluated.
Unknown variable or property name 'Parameters.UUTcorrect'.' at step 'Statement' in seq 'ProcessModelPostStepRuntimeError'

TST-C-ROS-T2935    9/7/2026 3:54:08 PM ProcessModelError
Error Code: -17306, Unknown variable or property name.
Message: 'The post-expression for the step 'Statement' could not be evaluated.
Unknown variable or property name 'Parameters.UUTcorrect'.' at step 'Statement' in seq 'ProcessModelPostStepRuntimeError'

TST-C-ROS-T2935    9/7/2026 3:54:08 PM ProcessModelError
Error Code: -17306, Unknown variable or property name.
Message: 'The post-expression for the step 'Statement' could not be evaluated.
Unknown variable or property name 'Parameters.UUTcorrect'.' at step 'Statement' in seq 'ProcessModelPostStepRuntimeError'

TST-C-ROS-T2935    9/7/2026 3:54:09 PM ProcessModelError
Error Code: -17306, Unknown variable or property name.
Message: 'The post-expression for the step 'Statement' could not be evaluated.
Unknown variable or property name 'Parameters.UUTcorrect'.' at step 'Statement' in seq 'ProcessModelPostStepRuntimeError'

TST-C-ROS-T2935    9/7/2026 3:54:09 PM ProcessModelError
Error Code: -17306, Unknown variable or property name.
Message: 'The post-expression for the step 'Statement' could not be evaluated.
Unknown variable or property name 'Parameters.UUTcorrect'.' at step 'Statement' in seq 'ProcessModelPostStepRuntimeError'

TST-C-ROS-T2935    9/7/2026 3:54:09 PM ProcessModelError
Error Code: -17306, Unknown variable or property name.
Message: 'The post-expression for the step 'Statement' could not be evaluated.
Unknown variable or property name 'Parameters.UUTcorrect'.' at step 'Statement' in seq 'ProcessModelPostStepRuntimeError'

TST-C-ROS-T2935    9/7/2026 3:54:10 PM ProcessModelError
Error Code: -17306, Unknown variable or property name.
Message: 'The post-expression for the step 'Statement' could not be evaluated.
Unknown variable or property name 'Parameters.UUTcorrect'.' at step 'Statement' in seq 'ProcessModelPostStepRuntimeError'

TST-C-ROS-T2935    9/7/2026 3:54:10 PM ProcessModelError
Error Code: -17306, Unknown variable or property name.
Message: 'The post-expression for the step 'Statement' could not be evaluated.
Unknown variable or property name 'Parameters.UUTcorrect'.' at step 'Statement' in seq 'ProcessModelPostStepRuntimeError'

TST-C-ROS-T2935    9/7/2026 3:54:10 PM ProcessModelError
Error Code: -17306, Unknown variable or property name.
Message: 'The post-expression for the step 'Statement' could not be evaluated.
Unknown variable or property name 'Parameters.UUTcorrect'.' at step 'Statement' in seq 'ProcessModelPostStepRuntimeError'

TST-C-ROS-T2935    9/7/2026 3:54:10 PM ProcessModelError
Error Code: -17306, Unknown variable or property name.
Message: 'The post-expression for the step 'Statement' could not be evaluated.
Unknown variable or property name 'Parameters.UUTcorrect'.' at step 'Statement' in seq 'ProcessModelPostStepRuntimeError'

TST-C-ROS-T2935    9/7/2026 3:54:11 PM ProcessModelError
Error Code: -17306, Unknown variable or property name.
Message: 'The post-expression for the step 'Statement' could not be evaluated.
Unknown variable or property name 'Parameters.UUTcorrect'.' at step 'Statement' in seq 'ProcessModelPostStepRuntimeError'

TST-C-ROS-T2935    9/7/2026 3:54:11 PM ProcessModelError
Error Code: -17306, Unknown variable or property name.
Message: 'The post-expression for the step 'Statement' could not be evaluated.
Unknown variable or property name 'Parameters.UUTcorrect'.' at step 'Statement' in seq 'ProcessModelPostStepRuntimeError'

TST-C-ROS-T2935    9/7/2026 3:54:11 PM ProcessModelError
Error Code: -17306, Unknown variable or property name.
Message: 'The post-expression for the step 'Statement' could not be evaluated.
Unknown variable or property name 'Parameters.UUTcorrect'.' at step 'Statement' in seq 'ProcessModelPostStepRuntimeError'

TST-C-ROS-T2935    9/7/2026 3:54:12 PM ProcessModelError
Error Code: -17306, Unknown variable or property name.
Message: 'The post-expression for the step 'Statement' could not be evaluated.
Unknown variable or property name 'Parameters.UUTcorrect'.' at step 'Statement' in seq 'ProcessModelPostStepRuntimeError'

TST-C-ROS-T2935    9/7/2026 3:54:12 PM ProcessModelError
Error Code: -17306, Unknown variable or property name.
Message: 'The post-expression for the step 'Statement' could not be evaluated.
Unknown variable or property name 'Parameters.UUTcorrect'.' at step 'Statement' in seq 'ProcessModelPostStepRuntimeError'

TST-C-ROS-T2935    9/7/2026 3:54:12 PM ProcessModelError
Error Code: -17306, Unknown variable or property name.
Message: 'The post-expression for the step 'Statement' could not be evaluated.
Unknown variable or property name 'Parameters.UUTcorrect'.' at step 'Statement' in seq 'ProcessModelPostStepRuntimeError'

TST-C-ROS-T2935    9/7/2026 3:54:13 PM ProcessModelError
Error Code: -17306, Unknown variable or property name.
Message: 'The post-expression for the step 'Statement' could not be evaluated.
Unknown variable or property name 'Parameters.UUTcorrect'.' at step 'Statement' in seq 'ProcessModelPostStepRuntimeError'

TST-C-ROS-T2935    9/7/2026 3:54:13 PM ProcessModelError
Error Code: -17306, Unknown variable or property name.
Message: 'The post-expression for the step 'Statement' could not be evaluated.
Unknown variable or property name 'Parameters.UUTcorrect'.' at step 'Statement' in seq 'ProcessModelPostStepRuntimeError'

TST-C-ROS-T2935    9/7/2026 3:54:13 PM ProcessModelError
Error Code: -17306, Unknown variable or property name.
Message: 'The post-expression for the step 'Statement' could not be evaluated.
Unknown variable or property name 'Parameters.UUTcorrect'.' at step 'Statement' in seq 'ProcessModelPostStepRuntimeError'

TST-C-ROS-T2935    9/7/2026 3:54:14 PM ProcessModelError
Error Code: -17306, Unknown variable or property name.
Message: 'The post-expression for the step 'Statement' could not be evaluated.
Unknown variable or property name 'Parameters.UUTcorrect'.' at step 'Statement' in seq 'ProcessModelPostStepRuntimeError'

TST-C-ROS-T2935    9/7/2026 3:54:14 PM ProcessModelError
Error Code: -17306, Unknown variable or property name.
Message: 'The post-expression for the step 'Statement' could not be evaluated.
Unknown variable or property name 'Parameters.UUTcorrect'.' at step 'Statement' in seq 'ProcessModelPostStepRuntimeError'

TST-C-ROS-T2935    9/7/2026 3:54:14 PM ProcessModelError
Error Code: -17306, Unknown variable or property name.
Message: 'The post-expression for the step 'Statement' could not be evaluated.
Unknown variable or property name 'Parameters.UUTcorrect'.' at step 'Statement' in seq 'ProcessModelPostStepRuntimeError'

TST-C-ROS-T2935    9/7/2026 3:54:15 PM ProcessModelError
Error Code: -17306, Unknown variable or property name.
Message: 'The post-expression for the step 'Statement' could not be evaluated.
Unknown variable or property name 'Parameters.UUTcorrect'.' at step 'Statement' in seq 'ProcessModelPostStepRuntimeError'

TST-C-ROS-T2935    9/7/2026 3:54:15 PM ProcessModelError
Error Code: -17306, Unknown variable or property name.
Message: 'The post-expression for the step 'Statement' could not be evaluated.
Unknown variable or property name 'Parameters.UUTcorrect'.' at step 'Statement' in seq 'ProcessModelPostStepRuntimeError'

TST-C-ROS-T2935    9/7/2026 3:54:15 PM ProcessModelError
Error Code: -17306, Unknown variable or property name.
Message: 'The post-expression for the step 'Statement' could not be evaluated.
Unknown variable or property name 'Parameters.UUTcorrect'.' at step 'Statement' in seq 'ProcessModelPostStepRuntimeError'

TST-C-ROS-T2935    9/7/2026 3:54:16 PM ProcessModelError
Error Code: -17306, Unknown variable or property name.
Message: 'The post-expression for the step 'Statement' could not be evaluated.
Unknown variable or property name 'Parameters.UUTcorrect'.' at step 'Statement' in seq 'ProcessModelPostStepRuntimeError'

TST-C-ROS-T2935    9/7/2026 3:54:16 PM ProcessModelError
Error Code: -17306, Unknown variable or property name.
Message: 'The post-expression for the step 'Statement' could not be evaluated.
Unknown variable or property name 'Parameters.UUTcorrect'.' at step 'Statement' in seq 'ProcessModelPostStepRuntimeError'

TST-C-ROS-T2935    9/7/2026 3:54:16 PM ProcessModelError
Error Code: -17306, Unknown variable or property name.
Message: 'The post-expression for the step 'Statement' could not be evaluated.
Unknown variable or property name 'Parameters.UUTcorrect'.' at step 'Statement' in seq 'ProcessModelPostStepRuntimeError'

TST-C-ROS-T2935    9/7/2026 3:54:17 PM ProcessModelError
Error Code: -17306, Unknown variable or property name.
Message: 'The post-expression for the step 'Statement' could not be evaluated.
Unknown variable or property name 'Parameters.UUTcorrect'.' at step 'Statement' in seq 'ProcessModelPostStepRuntimeError'

TST-C-ROS-T2935    9/7/2026 3:54:17 PM ProcessModelError
Error Code: -17306, Unknown variable or property name.
Message: 'The post-expression for the step 'Statement' could not be evaluated.
Unknown variable or property name 'Parameters.UUTcorrect'.' at step 'Statement' in seq 'ProcessModelPostStepRuntimeError'

TST-C-ROS-T2935    9/7/2026 3:54:17 PM ProcessModelError
Error Code: -17306, Unknown variable or property name.
Message: 'The post-expression for the step 'Statement' could not be evaluated.
Unknown variable or property name 'Parameters.UUTcorrect'.' at step 'Statement' in seq 'ProcessModelPostStepRuntimeError'

TST-C-ROS-T2935    9/7/2026 3:54:17 PM ProcessModelError
Error Code: -17306, Unknown variable or property name.
Message: 'The post-expression for the step 'Statement' could not be evaluated.
Unknown variable or property name 'Parameters.UUTcorrect'.' at step 'Statement' in seq 'ProcessModelPostStepRuntimeError'

TST-C-ROS-T2935    9/7/2026 3:54:18 PM ProcessModelError
Error Code: -17306, Unknown variable or property name.
Message: 'The post-expression for the step 'Statement' could not be evaluated.
Unknown variable or property name 'Parameters.UUTcorrect'.' at step 'Statement' in seq 'ProcessModelPostStepRuntimeError'

TST-C-ROS-T2935    9/7/2026 3:54:18 PM ProcessModelError
Error Code: -17306, Unknown variable or property name.
Message: 'The post-expression for the step 'Statement' could not be evaluated.
Unknown variable or property name 'Parameters.UUTcorrect'.' at step 'Statement' in seq 'ProcessModelPostStepRuntimeError'

TST-C-ROS-T2935    9/7/2026 3:54:18 PM ProcessModelError
Error Code: -17306, Unknown variable or property name.
Message: 'The post-expression for the step 'Statement' could not be evaluated.
Unknown variable or property name 'Parameters.UUTcorrect'.' at step 'Statement' in seq 'ProcessModelPostStepRuntimeError'

TST-C-ROS-T2935    9/7/2026 3:54:19 PM ProcessModelError
Error Code: -17306, Unknown variable or property name.
Message: 'The post-expression for the step 'Statement' could not be evaluated.
Unknown variable or property name 'Parameters.UUTcorrect'.' at step 'Statement' in seq 'ProcessModelPostStepRuntimeError'

TST-C-ROS-T2935    9/7/2026 3:54:19 PM ProcessModelError
Error Code: -17306, Unknown variable or property name.
Message: 'The post-expression for the step 'Statement' could not be evaluated.
Unknown variable or property name 'Parameters.UUTcorrect'.' at step 'Statement' in seq 'ProcessModelPostStepRuntimeError'

TST-C-ROS-T2935    9/7/2026 3:54:19 PM ProcessModelError
Error Code: -17306, Unknown variable or property name.
Message: 'The post-expression for the step 'Statement' could not be evaluated.
Unknown variable or property name 'Parameters.UUTcorrect'.' at step 'Statement' in seq 'ProcessModelPostStepRuntimeError'

TST-C-ROS-T2935    9/7/2026 3:54:20 PM ProcessModelError
Error Code: -17306, Unknown variable or property name.
Message: 'The post-expression for the step 'Statement' could not be evaluated.
Unknown variable or property name 'Parameters.UUTcorrect'.' at step 'Statement' in seq 'ProcessModelPostStepRuntimeError'

TST-C-ROS-T2935    9/7/2026 3:54:20 PM ProcessModelError
Error Code: -17306, Unknown variable or property name.
Message: 'The post-expression for the step 'Statement' could not be evaluated.
Unknown variable or property name 'Parameters.UUTcorrect'.' at step 'Statement' in seq 'ProcessModelPostStepRuntimeError'

TST-C-ROS-T2935    9/7/2026 3:54:20 PM ProcessModelError
Error Code: -17306, Unknown variable or property name.
Message: 'The post-expression for the step 'Statement' could not be evaluated.
Unknown variable or property name 'Parameters.UUTcorrect'.' at step 'Statement' in seq 'ProcessModelPostStepRuntimeError'

TST-C-ROS-T2935    9/7/2026 3:54:21 PM ProcessModelError
Error Code: -17306, Unknown variable or property name.
Message: 'The post-expression for the step 'Statement' could not be evaluated.
Unknown variable or property name 'Parameters.UUTcorrect'.' at step 'Statement' in seq 'ProcessModelPostStepRuntimeError'

TST-C-ROS-T2935    9/7/2026 3:54:21 PM ProcessModelError
Error Code: -17306, Unknown variable or property name.
Message: 'The post-expression for the step 'Statement' could not be evaluated.
Unknown variable or property name 'Parameters.UUTcorrect'.' at step 'Statement' in seq 'ProcessModelPostStepRuntimeError'

TST-C-ROS-T2935    9/7/2026 3:54:21 PM ProcessModelError
Error Code: -17306, Unknown variable or property name.
Message: 'The post-expression for the step 'Statement' could not be evaluated.
Unknown variable or property name 'Parameters.UUTcorrect'.' at step 'Statement' in seq 'ProcessModelPostStepRuntimeError'

TST-C-ROS-T2935    9/7/2026 3:54:22 PM ProcessModelError
Error Code: -17306, Unknown variable or property name.
Message: 'The post-expression for the step 'Statement' could not be evaluated.
Unknown variable or property name 'Parameters.UUTcorrect'.' at step 'Statement' in seq 'ProcessModelPostStepRuntimeError'

TST-C-ROS-T2935    9/7/2026 3:54:22 PM ProcessModelError
Error Code: -17306, Unknown variable or property name.
Message: 'The post-expression for the step 'Statement' could not be evaluated.
Unknown variable or property name 'Parameters.UUTcorrect'.' at step 'Statement' in seq 'ProcessModelPostStepRuntimeError'

TST-C-ROS-T2935    9/7/2026 3:54:22 PM ProcessModelError
Error Code: -17306, Unknown variable or property name.
Message: 'The post-expression for the step 'Statement' could not be evaluated.
Unknown variable or property name 'Parameters.UUTcorrect'.' at step 'Statement' in seq 'ProcessModelPostStepRuntimeError'

TST-C-ROS-T2935    9/7/2026 3:54:23 PM ProcessModelError
Error Code: -17306, Unknown variable or property name.
Message: 'The post-expression for the step 'Statement' could not be evaluated.
Unknown variable or property name 'Parameters.UUTcorrect'.' at step 'Statement' in seq 'ProcessModelPostStepRuntimeError'

TST-C-ROS-T2935    9/7/2026 3:54:23 PM ProcessModelError
Error Code: -17306, Unknown variable or property name.
Message: 'The post-expression for the step 'Statement' could not be evaluated.
Unknown variable or property name 'Parameters.UUTcorrect'.' at step 'Statement' in seq 'ProcessModelPostStepRuntimeError'

TST-C-ROS-T2935    9/7/2026 3:54:23 PM ProcessModelError
Error Code: -17306, Unknown variable or property name.
Message: 'The post-expression for the step 'Statement' could not be evaluated.
Unknown variable or property name 'Parameters.UUTcorrect'.' at step 'Statement' in seq 'ProcessModelPostStepRuntimeError'

TST-C-ROS-T2935    9/7/2026 3:54:24 PM ProcessModelError
Error Code: -17306, Unknown variable or property name.
Message: 'The post-expression for the step 'Statement' could not be evaluated.
Unknown variable or property name 'Parameters.UUTcorrect'.' at step 'Statement' in seq 'ProcessModelPostStepRuntimeError'

TST-C-ROS-T2935    9/7/2026 3:54:24 PM ProcessModelError
Error Code: -17306, Unknown variable or property name.
Message: 'The post-expression for the step 'Statement' could not be evaluated.
Unknown variable or property name 'Parameters.UUTcorrect'.' at step 'Statement' in seq 'ProcessModelPostStepRuntimeError'

TST-C-ROS-T2935    9/7/2026 3:54:24 PM ProcessModelError
Error Code: -17306, Unknown variable or property name.
Message: 'The post-expression for the step 'Statement' could not be evaluated.
Unknown variable or property name 'Parameters.UUTcorrect'.' at step 'Statement' in seq 'ProcessModelPostStepRuntimeError'

TST-C-ROS-T2935    9/7/2026 3:54:25 PM ProcessModelError
Error Code: -17306, Unknown variable or property name.
Message: 'The post-expression for the step 'Statement' could not be evaluated.
Unknown variable or property name 'Parameters.UUTcorrect'.' at step 'Statement' in seq 'ProcessModelPostStepRuntimeError'

TST-C-ROS-T2935    9/7/2026 3:54:25 PM ProcessModelError
Error Code: -17306, Unknown variable or property name.
Message: 'The post-expression for the step 'Statement' could not be evaluated.
Unknown variable or property name 'Parameters.UUTcorrect'.' at step 'Statement' in seq 'ProcessModelPostStepRuntimeError'

TST-C-ROS-T2935    9/7/2026 3:54:25 PM ProcessModelError
Error Code: -17306, Unknown variable or property name.
Message: 'The post-expression for the step 'Statement' could not be evaluated.
Unknown variable or property name 'Parameters.UUTcorrect'.' at step 'Statement' in seq 'ProcessModelPostStepRuntimeError'

TST-C-ROS-T2935    9/7/2026 3:54:25 PM ProcessModelError
Error Code: -17306, Unknown variable or property name.
Message: 'The post-expression for the step 'Statement' could not be evaluated.
Unknown variable or property name 'Parameters.UUTcorrect'.' at step 'Statement' in seq 'ProcessModelPostStepRuntimeError'

TST-C-ROS-T2935    9/7/2026 3:54:26 PM ProcessModelError
Error Code: -17306, Unknown variable or property name.
Message: 'The post-expression for the step 'Statement' could not be evaluated.
Unknown variable or property name 'Parameters.UUTcorrect'.' at step 'Statement' in seq 'ProcessModelPostStepRuntimeError'

TST-C-ROS-T2935    9/7/2026 3:54:26 PM ProcessModelError
Error Code: -17306, Unknown variable or property name.
Message: 'The post-expression for the step 'Statement' could not be evaluated.
Unknown variable or property name 'Parameters.UUTcorrect'.' at step 'Statement' in seq 'ProcessModelPostStepRuntimeError'

TST-C-ROS-T2935    9/7/2026 3:54:26 PM ProcessModelError
Error Code: -17306, Unknown variable or property name.
Message: 'The post-expression for the step 'Statement' could not be evaluated.
Unknown variable or property name 'Parameters.UUTcorrect'.' at step 'Statement' in seq 'ProcessModelPostStepRuntimeError'

TST-C-ROS-T2935    9/7/2026 3:54:27 PM ProcessModelError
Error Code: -17306, Unknown variable or property name.
Message: 'The post-expression for the step 'Statement' could not be evaluated.
Unknown variable or property name 'Parameters.UUTcorrect'.' at step 'Statement' in seq 'ProcessModelPostStepRuntimeError'

TST-C-ROS-T2935    9/7/2026 3:54:27 PM ProcessModelError
Error Code: -17306, Unknown variable or property name.
Message: 'The post-expression for the step 'Statement' could not be evaluated.
Unknown variable or property name 'Parameters.UUTcorrect'.' at step 'Statement' in seq 'ProcessModelPostStepRuntimeError'

TST-C-ROS-T2935    9/7/2026 3:54:27 PM ProcessModelError
Error Code: -17306, Unknown variable or property name.
Message: 'The post-expression for the step 'Statement' could not be evaluated.
Unknown variable or property name 'Parameters.UUTcorrect'.' at step 'Statement' in seq 'ProcessModelPostStepRuntimeError'

TST-C-ROS-T2935    9/7/2026 3:54:28 PM ProcessModelError
Error Code: -17306, Unknown variable or property name.
Message: 'The post-expression for the step 'Statement' could not be evaluated.
Unknown variable or property name 'Parameters.UUTcorrect'.' at step 'Statement' in seq 'ProcessModelPostStepRuntimeError'

TST-C-ROS-T2935    9/7/2026 3:54:28 PM ProcessModelError
Error Code: -17306, Unknown variable or property name.
Message: 'The post-expression for the step 'Statement' could not be evaluated.
Unknown variable or property name 'Parameters.UUTcorrect'.' at step 'Statement' in seq 'ProcessModelPostStepRuntimeError'

TST-C-ROS-T2935    9/7/2026 3:54:28 PM ProcessModelError
Error Code: -17306, Unknown variable or property name.
Message: 'The post-expression for the step 'Statement' could not be evaluated.
Unknown variable or property name 'Parameters.UUTcorrect'.' at step 'Statement' in seq 'ProcessModelPostStepRuntimeError'

TST-C-ROS-T2935    9/7/2026 3:54:29 PM ProcessModelError
Error Code: -17306, Unknown variable or property name.
Message: 'The post-expression for the step 'Statement' could not be evaluated.
Unknown variable or property name 'Parameters.UUTcorrect'.' at step 'Statement' in seq 'ProcessModelPostStepRuntimeError'

TST-C-ROS-T2935    9/7/2026 3:54:29 PM ProcessModelError
Error Code: -17306, Unknown variable or property name.
Message: 'The post-expression for the step 'Statement' could not be evaluated.
Unknown variable or property name 'Parameters.UUTcorrect'.' at step 'Statement' in seq 'ProcessModelPostStepRuntimeError'

TST-C-ROS-T2935    9/7/2026 3:54:29 PM ProcessModelError
Error Code: -17306, Unknown variable or property name.
Message: 'The post-expression for the step 'Statement' could not be evaluated.
Unknown variable or property name 'Parameters.UUTcorrect'.' at step 'Statement' in seq 'ProcessModelPostStepRuntimeError'

TST-C-ROS-T2935    9/7/2026 3:54:30 PM ProcessModelError
Error Code: -17306, Unknown variable or property name.
Message: 'The post-expression for the step 'Statement' could not be evaluated.
Unknown variable or property name 'Parameters.UUTcorrect'.' at step 'Statement' in seq 'ProcessModelPostStepRuntimeError'

TST-C-ROS-T2935    9/7/2026 3:54:30 PM ProcessModelError
Error Code: -17306, Unknown variable or property name.
Message: 'The post-expression for the step 'Statement' could not be evaluated.
Unknown variable or property name 'Parameters.UUTcorrect'.' at step 'Statement' in seq 'ProcessModelPostStepRuntimeError'

TST-C-ROS-T2935    9/7/2026 3:54:30 PM ProcessModelError
Error Code: -17306, Unknown variable or property name.
Message: 'The post-expression for the step 'Statement' could not be evaluated.
Unknown variable or property name 'Parameters.UUTcorrect'.' at step 'Statement' in seq 'ProcessModelPostStepRuntimeError'

TST-C-ROS-T2935    9/7/2026 3:54:31 PM ProcessModelError
Error Code: -17306, Unknown variable or property name.
Message: 'The post-expression for the step 'Statement' could not be evaluated.
Unknown variable or property name 'Parameters.UUTcorrect'.' at step 'Statement' in seq 'ProcessModelPostStepRuntimeError'

TST-C-ROS-T2935    9/7/2026 3:54:31 PM ProcessModelError
Error Code: -17306, Unknown variable or property name.
Message: 'The post-expression for the step 'Statement' could not be evaluated.
Unknown variable or property name 'Parameters.UUTcorrect'.' at step 'Statement' in seq 'ProcessModelPostStepRuntimeError'

TST-C-ROS-T2935    9/7/2026 3:54:31 PM ProcessModelError
Error Code: -17306, Unknown variable or property name.
Message: 'The post-expression for the step 'Statement' could not be evaluated.
Unknown variable or property name 'Parameters.UUTcorrect'.' at step 'Statement' in seq 'ProcessModelPostStepRuntimeError'

TST-C-ROS-T2935    9/7/2026 3:54:32 PM ProcessModelError
Error Code: -17306, Unknown variable or property name.
Message: 'The post-expression for the step 'Statement' could not be evaluated.
Unknown variable or property name 'Parameters.UUTcorrect'.' at step 'Statement' in seq 'ProcessModelPostStepRuntimeError'

TST-C-ROS-T2935    9/7/2026 3:54:32 PM ProcessModelError
Error Code: -17306, Unknown variable or property name.
Message: 'The post-expression for the step 'Statement' could not be evaluated.
Unknown variable or property name 'Parameters.UUTcorrect'.' at step 'Statement' in seq 'ProcessModelPostStepRuntimeError'

TST-C-ROS-T2935    9/7/2026 3:54:32 PM ProcessModelError
Error Code: -17306, Unknown variable or property name.
Message: 'The post-expression for the step 'Statement' could not be evaluated.
Unknown variable or property name 'Parameters.UUTcorrect'.' at step 'Statement' in seq 'ProcessModelPostStepRuntimeError'

TST-C-ROS-T2935    9/7/2026 3:54:33 PM ProcessModelError
Error Code: -17306, Unknown variable or property name.
Message: 'The post-expression for the step 'Statement' could not be evaluated.
Unknown variable or property name 'Parameters.UUTcorrect'.' at step 'Statement' in seq 'ProcessModelPostStepRuntimeError'

TST-C-ROS-T2935    9/7/2026 3:54:33 PM ProcessModelError
Error Code: -17306, Unknown variable or property name.
Message: 'The post-expression for the step 'Statement' could not be evaluated.
Unknown variable or property name 'Parameters.UUTcorrect'.' at step 'Statement' in seq 'ProcessModelPostStepRuntimeError'

TST-C-ROS-T2935    9/7/2026 3:54:33 PM ProcessModelError
Error Code: -17306, Unknown variable or property name.
Message: 'The post-expression for the step 'Statement' could not be evaluated.
Unknown variable or property name 'Parameters.UUTcorrect'.' at step 'Statement' in seq 'ProcessModelPostStepRuntimeError'

TST-C-ROS-T2935    9/7/2026 3:54:33 PM ProcessModelError
Error Code: -17306, Unknown variable or property name.
Message: 'The post-expression for the step 'Statement' could not be evaluated.
Unknown variable or property name 'Parameters.UUTcorrect'.' at step 'Statement' in seq 'ProcessModelPostStepRuntimeError'

TST-C-ROS-T2935    9/7/2026 3:54:34 PM ProcessModelError
Error Code: -17306, Unknown variable or property name.
Message: 'The post-expression for the step 'Statement' could not be evaluated.
Unknown variable or property name 'Parameters.UUTcorrect'.' at step 'Statement' in seq 'ProcessModelPostStepRuntimeError'

TST-C-ROS-T2935    9/7/2026 3:54:34 PM ProcessModelError
Error Code: -17306, Unknown variable or property name.
Message: 'The post-expression for the step 'Statement' could not be evaluated.
Unknown variable or property name 'Parameters.UUTcorrect'.' at step 'Statement' in seq 'ProcessModelPostStepRuntimeError'

TST-C-ROS-T2935    9/7/2026 3:54:34 PM ProcessModelError
Error Code: -17306, Unknown variable or property name.
Message: 'The post-expression for the step 'Statement' could not be evaluated.
Unknown variable or property name 'Parameters.UUTcorrect'.' at step 'Statement' in seq 'ProcessModelPostStepRuntimeError'

TST-C-ROS-T2935    9/7/2026 3:54:35 PM ProcessModelError
Error Code: -17306, Unknown variable or property name.
Message: 'The post-expression for the step 'Statement' could not be evaluated.
Unknown variable or property name 'Parameters.UUTcorrect'.' at step 'Statement' in seq 'ProcessModelPostStepRuntimeError'

TST-C-ROS-T2935    9/7/2026 3:54:35 PM ProcessModelError
Error Code: -17306, Unknown variable or property name.
Message: 'The post-expression for the step 'Statement' could not be evaluated.
Unknown variable or property name 'Parameters.UUTcorrect'.' at step 'Statement' in seq 'ProcessModelPostStepRuntimeError'

TST-C-ROS-T2935    9/7/2026 3:54:35 PM ProcessModelError
Error Code: -17306, Unknown variable or property name.
Message: 'The post-expression for the step 'Statement' could not be evaluated.
Unknown variable or property name 'Parameters.UUTcorrect'.' at step 'Statement' in seq 'ProcessModelPostStepRuntimeError'

TST-C-ROS-T2935    9/7/2026 3:54:36 PM ProcessModelError
Error Code: -17306, Unknown variable or property name.
Message: 'The post-expression for the step 'Statement' could not be evaluated.
Unknown variable or property name 'Parameters.UUTcorrect'.' at step 'Statement' in seq 'ProcessModelPostStepRuntimeError'

TST-C-ROS-T2935    9/7/2026 3:54:36 PM ProcessModelError
Error Code: -17306, Unknown variable or property name.
Message: 'The post-expression for the step 'Statement' could not be evaluated.
Unknown variable or property name 'Parameters.UUTcorrect'.' at step 'Statement' in seq 'ProcessModelPostStepRuntimeError'

TST-C-ROS-T2935    9/7/2026 3:54:36 PM ProcessModelError
Error Code: -17306, Unknown variable or property name.
Message: 'The post-expression for the step 'Statement' could not be evaluated.
Unknown variable or property name 'Parameters.UUTcorrect'.' at step 'Statement' in seq 'ProcessModelPostStepRuntimeError'

TST-C-ROS-T2935    9/7/2026 3:54:37 PM ProcessModelError
Error Code: -17306, Unknown variable or property name.
Message: 'The post-expression for the step 'Statement' could not be evaluated.
Unknown variable or property name 'Parameters.UUTcorrect'.' at step 'Statement' in seq 'ProcessModelPostStepRuntimeError'

TST-C-ROS-T2935    9/7/2026 3:54:37 PM ProcessModelError
Error Code: -17306, Unknown variable or property name.
Message: 'The post-expression for the step 'Statement' could not be evaluated.
Unknown variable or property name 'Parameters.UUTcorrect'.' at step 'Statement' in seq 'ProcessModelPostStepRuntimeError'

TST-C-ROS-T2935    9/7/2026 3:54:37 PM ProcessModelError
Error Code: -17306, Unknown variable or property name.
Message: 'The post-expression for the step 'Statement' could not be evaluated.
Unknown variable or property name 'Parameters.UUTcorrect'.' at step 'Statement' in seq 'ProcessModelPostStepRuntimeError'

TST-C-ROS-T2935    9/7/2026 3:54:38 PM ProcessModelError
Error Code: -17306, Unknown variable or property name.
Message: 'The post-expression for the step 'Statement' could not be evaluated.
Unknown variable or property name 'Parameters.UUTcorrect'.' at step 'Statement' in seq 'ProcessModelPostStepRuntimeError'

TST-C-ROS-T2935    9/7/2026 3:54:38 PM ProcessModelError
Error Code: -17306, Unknown variable or property name.
Message: 'The post-expression for the step 'Statement' could not be evaluated.
Unknown variable or property name 'Parameters.UUTcorrect'.' at step 'Statement' in seq 'ProcessModelPostStepRuntimeError'

TST-C-ROS-T2935    9/7/2026 3:54:38 PM ProcessModelError
Error Code: -17306, Unknown variable or property name.
Message: 'The post-expression for the step 'Statement' could not be evaluated.
Unknown variable or property name 'Parameters.UUTcorrect'.' at step 'Statement' in seq 'ProcessModelPostStepRuntimeError'

TST-C-ROS-T2935    9/7/2026 3:54:39 PM ProcessModelError
Error Code: -17306, Unknown variable or property name.
Message: 'The post-expression for the step 'Statement' could not be evaluated.
Unknown variable or property name 'Parameters.UUTcorrect'.' at step 'Statement' in seq 'ProcessModelPostStepRuntimeError'

TST-C-ROS-T2935    9/7/2026 3:54:39 PM ProcessModelError
Error Code: -17306, Unknown variable or property name.
Message: 'The post-expression for the step 'Statement' could not be evaluated.
Unknown variable or property name 'Parameters.UUTcorrect'.' at step 'Statement' in seq 'ProcessModelPostStepRuntimeError'

TST-C-ROS-T2935    9/7/2026 3:54:39 PM ProcessModelError
Error Code: -17306, Unknown variable or property name.
Message: 'The post-expression for the step 'Statement' could not be evaluated.
Unknown variable or property name 'Parameters.UUTcorrect'.' at step 'Statement' in seq 'ProcessModelPostStepRuntimeError'

TST-C-ROS-T2935    9/7/2026 3:54:40 PM ProcessModelError
Error Code: -17306, Unknown variable or property name.
Message: 'The post-expression for the step 'Statement' could not be evaluated.
Unknown variable or property name 'Parameters.UUTcorrect'.' at step 'Statement' in seq 'ProcessModelPostStepRuntimeError'

TST-C-ROS-T2935    9/7/2026 3:54:40 PM ProcessModelError
Error Code: -17306, Unknown variable or property name.
Message: 'The post-expression for the step 'Statement' could not be evaluated.
Unknown variable or property name 'Parameters.UUTcorrect'.' at step 'Statement' in seq 'ProcessModelPostStepRuntimeError'

TST-C-ROS-T2935    9/7/2026 3:54:40 PM ProcessModelError
Error Code: -17306, Unknown variable or property name.
Message: 'The post-expression for the step 'Statement' could not be evaluated.
Unknown variable or property name 'Parameters.UUTcorrect'.' at step 'Statement' in seq 'ProcessModelPostStepRuntimeError'

TST-C-ROS-T2935    9/7/2026 3:54:41 PM ProcessModelError
Error Code: -17306, Unknown variable or property name.
Message: 'The post-expression for the step 'Statement' could not be evaluated.
Unknown variable or property name 'Parameters.UUTcorrect'.' at step 'Statement' in seq 'ProcessModelPostStepRuntimeError'

TST-C-ROS-T2935    9/7/2026 3:54:41 PM ProcessModelError
Error Code: -17306, Unknown variable or property name.
Message: 'The post-expression for the step 'Statement' could not be evaluated.
Unknown variable or property name 'Parameters.UUTcorrect'.' at step 'Statement' in seq 'ProcessModelPostStepRuntimeError'

TST-C-ROS-T2935    9/7/2026 3:54:41 PM ProcessModelError
Error Code: -17306, Unknown variable or property name.
Message: 'The post-expression for the step 'Statement' could not be evaluated.
Unknown variable or property name 'Parameters.UUTcorrect'.' at step 'Statement' in seq 'ProcessModelPostStepRuntimeError'

TST-C-ROS-T2935    9/7/2026 3:54:41 PM ProcessModelError
Error Code: -17306, Unknown variable or property name.
Message: 'The post-expression for the step 'Statement' could not be evaluated.
Unknown variable or property name 'Parameters.UUTcorrect'.' at step 'Statement' in seq 'ProcessModelPostStepRuntimeError'

TST-C-ROS-T2935    9/7/2026 3:54:42 PM ProcessModelError
Error Code: -17306, Unknown variable or property name.
Message: 'The post-expression for the step 'Statement' could not be evaluated.
Unknown variable or property name 'Parameters.UUTcorrect'.' at step 'Statement' in seq 'ProcessModelPostStepRuntimeError'

TST-C-ROS-T2935    9/7/2026 3:54:42 PM ProcessModelError
Error Code: -17306, Unknown variable or property name.
Message: 'The post-expression for the step 'Statement' could not be evaluated.
Unknown variable or property name 'Parameters.UUTcorrect'.' at step 'Statement' in seq 'ProcessModelPostStepRuntimeError'

TST-C-ROS-T2935    9/7/2026 3:54:42 PM ProcessModelError
Error Code: -17306, Unknown variable or property name.
Message: 'The post-expression for the step 'Statement' could not be evaluated.
Unknown variable or property name 'Parameters.UUTcorrect'.' at step 'Statement' in seq 'ProcessModelPostStepRuntimeError'

TST-C-ROS-T2935    9/7/2026 3:54:43 PM ProcessModelError
Error Code: -17306, Unknown variable or property name.
Message: 'The post-expression for the step 'Statement' could not be evaluated.
Unknown variable or property name 'Parameters.UUTcorrect'.' at step 'Statement' in seq 'ProcessModelPostStepRuntimeError'

TST-C-ROS-T2935    9/7/2026 3:54:43 PM ProcessModelError
Error Code: -17306, Unknown variable or property name.
Message: 'The post-expression for the step 'Statement' could not be evaluated.
Unknown variable or property name 'Parameters.UUTcorrect'.' at step 'Statement' in seq 'ProcessModelPostStepRuntimeError'

TST-C-ROS-T2935    9/7/2026 3:54:43 PM ProcessModelError
Error Code: -17306, Unknown variable or property name.
Message: 'The post-expression for the step 'Statement' could not be evaluated.
Unknown variable or property name 'Parameters.UUTcorrect'.' at step 'Statement' in seq 'ProcessModelPostStepRuntimeError'

TST-C-ROS-T2935    9/7/2026 3:54:44 PM ProcessModelError
Error Code: -17306, Unknown variable or property name.
Message: 'The post-expression for the step 'Statement' could not be evaluated.
Unknown variable or property name 'Parameters.UUTcorrect'.' at step 'Statement' in seq 'ProcessModelPostStepRuntimeError'

TST-C-ROS-T2935    9/7/2026 3:54:44 PM ProcessModelError
Error Code: -17306, Unknown variable or property name.
Message: 'The post-expression for the step 'Statement' could not be evaluated.
Unknown variable or property name 'Parameters.UUTcorrect'.' at step 'Statement' in seq 'ProcessModelPostStepRuntimeError'

TST-C-ROS-T2935    9/7/2026 3:54:44 PM ProcessModelError
Error Code: -17306, Unknown variable or property name.
Message: 'The post-expression for the step 'Statement' could not be evaluated.
Unknown variable or property name 'Parameters.UUTcorrect'.' at step 'Statement' in seq 'ProcessModelPostStepRuntimeError'

TST-C-ROS-T2935    9/7/2026 3:54:45 PM ProcessModelError
Error Code: -17306, Unknown variable or property name.
Message: 'The post-expression for the step 'Statement' could not be evaluated.
Unknown variable or property name 'Parameters.UUTcorrect'.' at step 'Statement' in seq 'ProcessModelPostStepRuntimeError'

TST-C-ROS-T2935    9/7/2026 3:54:45 PM ProcessModelError
Error Code: -17306, Unknown variable or property name.
Message: 'The post-expression for the step 'Statement' could not be evaluated.
Unknown variable or property name 'Parameters.UUTcorrect'.' at step 'Statement' in seq 'ProcessModelPostStepRuntimeError'

TST-C-ROS-T2935    9/7/2026 3:54:45 PM ProcessModelError
Error Code: -17306, Unknown variable or property name.
Message: 'The post-expression for the step 'Statement' could not be evaluated.
Unknown variable or property name 'Parameters.UUTcorrect'.' at step 'Statement' in seq 'ProcessModelPostStepRuntimeError'

TST-C-ROS-T2935    9/7/2026 3:54:46 PM ProcessModelError
Error Code: -17306, Unknown variable or property name.
Message: 'The post-expression for the step 'Statement' could not be evaluated.
Unknown variable or property name 'Parameters.UUTcorrect'.' at step 'Statement' in seq 'ProcessModelPostStepRuntimeError'

TST-C-ROS-T2935    9/7/2026 3:54:46 PM ProcessModelError
Error Code: -17306, Unknown variable or property name.
Message: 'The post-expression for the step 'Statement' could not be evaluated.
Unknown variable or property name 'Parameters.UUTcorrect'.' at step 'Statement' in seq 'ProcessModelPostStepRuntimeError'

TST-C-ROS-T2935    9/7/2026 3:54:46 PM ProcessModelError
Error Code: -17306, Unknown variable or property name.
Message: 'The post-expression for the step 'Statement' could not be evaluated.
Unknown variable or property name 'Parameters.UUTcorrect'.' at step 'Statement' in seq 'ProcessModelPostStepRuntimeError'

TST-C-ROS-T2935    9/7/2026 3:54:47 PM ProcessModelError
Error Code: -17306, Unknown variable or property name.
Message: 'The post-expression for the step 'Statement' could not be evaluated.
Unknown variable or property name 'Parameters.UUTcorrect'.' at step 'Statement' in seq 'ProcessModelPostStepRuntimeError'

TST-C-ROS-T2935    9/7/2026 3:54:47 PM ProcessModelError
Error Code: -17306, Unknown variable or property name.
Message: 'The post-expression for the step 'Statement' could not be evaluated.
Unknown variable or property name 'Parameters.UUTcorrect'.' at step 'Statement' in seq 'ProcessModelPostStepRuntimeError'

TST-C-ROS-T2935    9/7/2026 3:54:47 PM ProcessModelError
Error Code: -17306, Unknown variable or property name.
Message: 'The post-expression for the step 'Statement' could not be evaluated.
Unknown variable or property name 'Parameters.UUTcorrect'.' at step 'Statement' in seq 'ProcessModelPostStepRuntimeError'

TST-C-ROS-T2935    9/7/2026 3:54:48 PM ProcessModelError
Error Code: -17306, Unknown variable or property name.
Message: 'The post-expression for the step 'Statement' could not be evaluated.
Unknown variable or property name 'Parameters.UUTcorrect'.' at step 'Statement' in seq 'ProcessModelPostStepRuntimeError'

TST-C-ROS-T2935    9/7/2026 3:54:48 PM ProcessModelError
Error Code: -17306, Unknown variable or property name.
Message: 'The post-expression for the step 'Statement' could not be evaluated.
Unknown variable or property name 'Parameters.UUTcorrect'.' at step 'Statement' in seq 'ProcessModelPostStepRuntimeError'

TST-C-ROS-T2935    9/7/2026 3:54:48 PM ProcessModelError
Error Code: -17306, Unknown variable or property name.
Message: 'The post-expression for the step 'Statement' could not be evaluated.
Unknown variable or property name 'Parameters.UUTcorrect'.' at step 'Statement' in seq 'ProcessModelPostStepRuntimeError'

TST-C-ROS-T2935    9/7/2026 3:54:48 PM ProcessModelError
Error Code: -17306, Unknown variable or property name.
Message: 'The post-expression for the step 'Statement' could not be evaluated.
Unknown variable or property name 'Parameters.UUTcorrect'.' at step 'Statement' in seq 'ProcessModelPostStepRuntimeError'

TST-C-ROS-T2935    9/7/2026 3:54:49 PM ProcessModelError
Error Code: -17306, Unknown variable or property name.
Message: 'The post-expression for the step 'Statement' could not be evaluated.
Unknown variable or property name 'Parameters.UUTcorrect'.' at step 'Statement' in seq 'ProcessModelPostStepRuntimeError'

TST-C-ROS-T2935    9/7/2026 3:54:49 PM ProcessModelError
Error Code: -17306, Unknown variable or property name.
Message: 'The post-expression for the step 'Statement' could not be evaluated.
Unknown variable or property name 'Parameters.UUTcorrect'.' at step 'Statement' in seq 'ProcessModelPostStepRuntimeError'

TST-C-ROS-T2935    9/7/2026 3:54:49 PM ProcessModelError
Error Code: -17306, Unknown variable or property name.
Message: 'The post-expression for the step 'Statement' could not be evaluated.
Unknown variable or property name 'Parameters.UUTcorrect'.' at step 'Statement' in seq 'ProcessModelPostStepRuntimeError'

TST-C-ROS-T2935    9/7/2026 3:54:50 PM ProcessModelError
Error Code: -17306, Unknown variable or property name.
Message: 'The post-expression for the step 'Statement' could not be evaluated.
Unknown variable or property name 'Parameters.UUTcorrect'.' at step 'Statement' in seq 'ProcessModelPostStepRuntimeError'

TST-C-ROS-T2935    9/7/2026 3:54:50 PM ProcessModelError
Error Code: -17306, Unknown variable or property name.
Message: 'The post-expression for the step 'Statement' could not be evaluated.
Unknown variable or property name 'Parameters.UUTcorrect'.' at step 'Statement' in seq 'ProcessModelPostStepRuntimeError'

TST-C-ROS-T2935    9/7/2026 3:54:50 PM ProcessModelError
Error Code: -17306, Unknown variable or property name.
Message: 'The post-expression for the step 'Statement' could not be evaluated.
Unknown variable or property name 'Parameters.UUTcorrect'.' at step 'Statement' in seq 'ProcessModelPostStepRuntimeError'

TST-C-ROS-T2935    9/7/2026 3:54:51 PM ProcessModelError
Error Code: -17306, Unknown variable or property name.
Message: 'The post-expression for the step 'Statement' could not be evaluated.
Unknown variable or property name 'Parameters.UUTcorrect'.' at step 'Statement' in seq 'ProcessModelPostStepRuntimeError'

TST-C-ROS-T2935    9/7/2026 3:54:51 PM ProcessModelError
Error Code: -17306, Unknown variable or property name.
Message: 'The post-expression for the step 'Statement' could not be evaluated.
Unknown variable or property name 'Parameters.UUTcorrect'.' at step 'Statement' in seq 'ProcessModelPostStepRuntimeError'

TST-C-ROS-T2935    9/7/2026 3:54:51 PM ProcessModelError
Error Code: -17306, Unknown variable or property name.
Message: 'The post-expression for the step 'Statement' could not be evaluated.
Unknown variable or property name 'Parameters.UUTcorrect'.' at step 'Statement' in seq 'ProcessModelPostStepRuntimeError'

TST-C-ROS-T2935    9/7/2026 3:54:52 PM ProcessModelError
Error Code: -17306, Unknown variable or property name.
Message: 'The post-expression for the step 'Statement' could not be evaluated.
Unknown variable or property name 'Parameters.UUTcorrect'.' at step 'Statement' in seq 'ProcessModelPostStepRuntimeError'

TST-C-ROS-T2935    9/7/2026 3:54:52 PM ProcessModelError
Error Code: -17306, Unknown variable or property name.
Message: 'The post-expression for the step 'Statement' could not be evaluated.
Unknown variable or property name 'Parameters.UUTcorrect'.' at step 'Statement' in seq 'ProcessModelPostStepRuntimeError'

TST-C-ROS-T2935    9/7/2026 3:54:52 PM ProcessModelError
Error Code: -17306, Unknown variable or property name.
Message: 'The post-expression for the step 'Statement' could not be evaluated.
Unknown variable or property name 'Parameters.UUTcorrect'.' at step 'Statement' in seq 'ProcessModelPostStepRuntimeError'

TST-C-ROS-T2935    9/7/2026 3:54:53 PM ProcessModelError
Error Code: -17306, Unknown variable or property name.
Message: 'The post-expression for the step 'Statement' could not be evaluated.
Unknown variable or property name 'Parameters.UUTcorrect'.' at step 'Statement' in seq 'ProcessModelPostStepRuntimeError'

TST-C-ROS-T2935    9/7/2026 3:54:53 PM ProcessModelError
Error Code: -17306, Unknown variable or property name.
Message: 'The post-expression for the step 'Statement' could not be evaluated.
Unknown variable or property name 'Parameters.UUTcorrect'.' at step 'Statement' in seq 'ProcessModelPostStepRuntimeError'

TST-C-ROS-T2935    9/7/2026 3:54:53 PM ProcessModelError
Error Code: -17306, Unknown variable or property name.
Message: 'The post-expression for the step 'Statement' could not be evaluated.
Unknown variable or property name 'Parameters.UUTcorrect'.' at step 'Statement' in seq 'ProcessModelPostStepRuntimeError'

TST-C-ROS-T2935    9/7/2026 3:54:54 PM ProcessModelError
Error Code: -17306, Unknown variable or property name.
Message: 'The post-expression for the step 'Statement' could not be evaluated.
Unknown variable or property name 'Parameters.UUTcorrect'.' at step 'Statement' in seq 'ProcessModelPostStepRuntimeError'

TST-C-ROS-T2935    9/7/2026 3:54:54 PM ProcessModelError
Error Code: -17306, Unknown variable or property name.
Message: 'The post-expression for the step 'Statement' could not be evaluated.
Unknown variable or property name 'Parameters.UUTcorrect'.' at step 'Statement' in seq 'ProcessModelPostStepRuntimeError'

TST-C-ROS-T2935    9/7/2026 3:54:54 PM ProcessModelError
Error Code: -17306, Unknown variable or property name.
Message: 'The post-expression for the step 'Statement' could not be evaluated.
Unknown variable or property name 'Parameters.UUTcorrect'.' at step 'Statement' in seq 'ProcessModelPostStepRuntimeError'

TST-C-ROS-T2935    9/7/2026 3:54:55 PM ProcessModelError
Error Code: -17306, Unknown variable or property name.
Message: 'The post-expression for the step 'Statement' could not be evaluated.
Unknown variable or property name 'Parameters.UUTcorrect'.' at step 'Statement' in seq 'ProcessModelPostStepRuntimeError'

TST-C-ROS-T2935    9/7/2026 3:54:55 PM ProcessModelError
Error Code: -17306, Unknown variable or property name.
Message: 'The post-expression for the step 'Statement' could not be evaluated.
Unknown variable or property name 'Parameters.UUTcorrect'.' at step 'Statement' in seq 'ProcessModelPostStepRuntimeError'

TST-C-ROS-T2935    9/7/2026 3:54:55 PM ProcessModelError
Error Code: -17306, Unknown variable or property name.
Message: 'The post-expression for the step 'Statement' could not be evaluated.
Unknown variable or property name 'Parameters.UUTcorrect'.' at step 'Statement' in seq 'ProcessModelPostStepRuntimeError'

TST-C-ROS-T2935    9/7/2026 3:54:55 PM ProcessModelError
Error Code: -17306, Unknown variable or property name.
Message: 'The post-expression for the step 'Statement' could not be evaluated.
Unknown variable or property name 'Parameters.UUTcorrect'.' at step 'Statement' in seq 'ProcessModelPostStepRuntimeError'

TST-C-ROS-T2935    9/7/2026 3:54:56 PM ProcessModelError
Error Code: -17306, Unknown variable or property name.
Message: 'The post-expression for the step 'Statement' could not be evaluated.
Unknown variable or property name 'Parameters.UUTcorrect'.' at step 'Statement' in seq 'ProcessModelPostStepRuntimeError'

TST-C-ROS-T2935    9/7/2026 3:54:56 PM ProcessModelError
Error Code: -17306, Unknown variable or property name.
Message: 'The post-expression for the step 'Statement' could not be evaluated.
Unknown variable or property name 'Parameters.UUTcorrect'.' at step 'Statement' in seq 'ProcessModelPostStepRuntimeError'

TST-C-ROS-T2935    9/7/2026 3:54:56 PM ProcessModelError
Error Code: -17306, Unknown variable or property name.
Message: 'The post-expression for the step 'Statement' could not be evaluated.
Unknown variable or property name 'Parameters.UUTcorrect'.' at step 'Statement' in seq 'ProcessModelPostStepRuntimeError'

TST-C-ROS-T2935    9/7/2026 3:54:57 PM ProcessModelError
Error Code: -17306, Unknown variable or property name.
Message: 'The post-expression for the step 'Statement' could not be evaluated.
Unknown variable or property name 'Parameters.UUTcorrect'.' at step 'Statement' in seq 'ProcessModelPostStepRuntimeError'

TST-C-ROS-T2935    9/7/2026 3:54:57 PM ProcessModelError
Error Code: -17306, Unknown variable or property name.
Message: 'The post-expression for the step 'Statement' could not be evaluated.
Unknown variable or property name 'Parameters.UUTcorrect'.' at step 'Statement' in seq 'ProcessModelPostStepRuntimeError'

TST-C-ROS-T2935    9/7/2026 3:54:57 PM ProcessModelError
Error Code: -17306, Unknown variable or property name.
Message: 'The post-expression for the step 'Statement' could not be evaluated.
Unknown variable or property name 'Parameters.UUTcorrect'.' at step 'Statement' in seq 'ProcessModelPostStepRuntimeError'

TST-C-ROS-T2935    9/7/2026 3:54:58 PM ProcessModelError
Error Code: -17306, Unknown variable or property name.
Message: 'The post-expression for the step 'Statement' could not be evaluated.
Unknown variable or property name 'Parameters.UUTcorrect'.' at step 'Statement' in seq 'ProcessModelPostStepRuntimeError'

TST-C-ROS-T2935    9/7/2026 3:54:58 PM ProcessModelError
Error Code: -17306, Unknown variable or property name.
Message: 'The post-expression for the step 'Statement' could not be evaluated.
Unknown variable or property name 'Parameters.UUTcorrect'.' at step 'Statement' in seq 'ProcessModelPostStepRuntimeError'

TST-C-ROS-T2935    9/7/2026 3:54:58 PM ProcessModelError
Error Code: -17306, Unknown variable or property name.
Message: 'The post-expression for the step 'Statement' could not be evaluated.
Unknown variable or property name 'Parameters.UUTcorrect'.' at step 'Statement' in seq 'ProcessModelPostStepRuntimeError'

TST-C-ROS-T2935    9/7/2026 3:54:59 PM ProcessModelError
Error Code: -17306, Unknown variable or property name.
Message: 'The post-expression for the step 'Statement' could not be evaluated.
Unknown variable or property name 'Parameters.UUTcorrect'.' at step 'Statement' in seq 'ProcessModelPostStepRuntimeError'

TST-C-ROS-T2935    9/7/2026 3:54:59 PM ProcessModelError
Error Code: -17306, Unknown variable or property name.
Message: 'The post-expression for the step 'Statement' could not be evaluated.
Unknown variable or property name 'Parameters.UUTcorrect'.' at step 'Statement' in seq 'ProcessModelPostStepRuntimeError'

TST-C-ROS-T2935    9/7/2026 3:54:59 PM ProcessModelError
Error Code: -17306, Unknown variable or property name.
Message: 'The post-expression for the step 'Statement' could not be evaluated.
Unknown variable or property name 'Parameters.UUTcorrect'.' at step 'Statement' in seq 'ProcessModelPostStepRuntimeError'

TST-C-ROS-T2935    9/7/2026 3:55:00 PM ProcessModelError
Error Code: -17306, Unknown variable or property name.
Message: 'The post-expression for the step 'Statement' could not be evaluated.
Unknown variable or property name 'Parameters.UUTcorrect'.' at step 'Statement' in seq 'ProcessModelPostStepRuntimeError'

TST-C-ROS-T2935    9/7/2026 3:55:00 PM ProcessModelError
Error Code: -17306, Unknown variable or property name.
Message: 'The post-expression for the step 'Statement' could not be evaluated.
Unknown variable or property name 'Parameters.UUTcorrect'.' at step 'Statement' in seq 'ProcessModelPostStepRuntimeError'

TST-C-ROS-T2935    9/7/2026 3:55:00 PM ProcessModelError
Error Code: -17306, Unknown variable or property name.
Message: 'The post-expression for the step 'Statement' could not be evaluated.
Unknown variable or property name 'Parameters.UUTcorrect'.' at step 'Statement' in seq 'ProcessModelPostStepRuntimeError'

TST-C-ROS-T2935    9/7/2026 3:55:01 PM ProcessModelError
Error Code: -17306, Unknown variable or property name.
Message: 'The post-expression for the step 'Statement' could not be evaluated.
Unknown variable or property name 'Parameters.UUTcorrect'.' at step 'Statement' in seq 'ProcessModelPostStepRuntimeError'

TST-C-ROS-T2935    9/7/2026 3:55:01 PM ProcessModelError
Error Code: -17306, Unknown variable or property name.
Message: 'The post-expression for the step 'Statement' could not be evaluated.
Unknown variable or property name 'Parameters.UUTcorrect'.' at step 'Statement' in seq 'ProcessModelPostStepRuntimeError'

TST-C-ROS-T2935    9/7/2026 3:55:01 PM ProcessModelError
Error Code: -17306, Unknown variable or property name.
Message: 'The post-expression for the step 'Statement' could not be evaluated.
Unknown variable or property name 'Parameters.UUTcorrect'.' at step 'Statement' in seq 'ProcessModelPostStepRuntimeError'

TST-C-ROS-T2935    9/7/2026 3:55:02 PM ProcessModelError
Error Code: -17306, Unknown variable or property name.
Message: 'The post-expression for the step 'Statement' could not be evaluated.
Unknown variable or property name 'Parameters.UUTcorrect'.' at step 'Statement' in seq 'ProcessModelPostStepRuntimeError'

TST-C-ROS-T2935    9/7/2026 3:55:02 PM ProcessModelError
Error Code: -17306, Unknown variable or property name.
Message: 'The post-expression for the step 'Statement' could not be evaluated.
Unknown variable or property name 'Parameters.UUTcorrect'.' at step 'Statement' in seq 'ProcessModelPostStepRuntimeError'

TST-C-ROS-T2935    9/7/2026 3:55:02 PM ProcessModelError
Error Code: -17306, Unknown variable or property name.
Message: 'The post-expression for the step 'Statement' could not be evaluated.
Unknown variable or property name 'Parameters.UUTcorrect'.' at step 'Statement' in seq 'ProcessModelPostStepRuntimeError'

TST-C-ROS-T2935    9/7/2026 3:55:03 PM ProcessModelError
Error Code: -17306, Unknown variable or property name.
Message: 'The post-expression for the step 'Statement' could not be evaluated.
Unknown variable or property name 'Parameters.UUTcorrect'.' at step 'Statement' in seq 'ProcessModelPostStepRuntimeError'

TST-C-ROS-T2935    9/7/2026 3:55:03 PM ProcessModelError
Error Code: -17306, Unknown variable or property name.
Message: 'The post-expression for the step 'Statement' could not be evaluated.
Unknown variable or property name 'Parameters.UUTcorrect'.' at step 'Statement' in seq 'ProcessModelPostStepRuntimeError'

TST-C-ROS-T2935    9/7/2026 3:55:03 PM ProcessModelError
Error Code: -17306, Unknown variable or property name.
Message: 'The post-expression for the step 'Statement' could not be evaluated.
Unknown variable or property name 'Parameters.UUTcorrect'.' at step 'Statement' in seq 'ProcessModelPostStepRuntimeError'

TST-C-ROS-T2935    9/7/2026 3:55:03 PM ProcessModelError
Error Code: -17306, Unknown variable or property name.
Message: 'The post-expression for the step 'Statement' could not be evaluated.
Unknown variable or property name 'Parameters.UUTcorrect'.' at step 'Statement' in seq 'ProcessModelPostStepRuntimeError'

TST-C-ROS-T2935    9/7/2026 3:55:04 PM ProcessModelError
Error Code: -17306, Unknown variable or property name.
Message: 'The post-expression for the step 'Statement' could not be evaluated.
Unknown variable or property name 'Parameters.UUTcorrect'.' at step 'Statement' in seq 'ProcessModelPostStepRuntimeError'

TST-C-ROS-T2935    9/7/2026 3:55:04 PM ProcessModelError
Error Code: -17306, Unknown variable or property name.
Message: 'The post-expression for the step 'Statement' could not be evaluated.
Unknown variable or property name 'Parameters.UUTcorrect'.' at step 'Statement' in seq 'ProcessModelPostStepRuntimeError'

TST-C-ROS-T2935    9/7/2026 3:55:04 PM ProcessModelError
Error Code: -17306, Unknown variable or property name.
Message: 'The post-expression for the step 'Statement' could not be evaluated.
Unknown variable or property name 'Parameters.UUTcorrect'.' at step 'Statement' in seq 'ProcessModelPostStepRuntimeError'

TST-C-ROS-T2935    9/7/2026 3:55:05 PM ProcessModelError
Error Code: -17306, Unknown variable or property name.
Message: 'The post-expression for the step 'Statement' could not be evaluated.
Unknown variable or property name 'Parameters.UUTcorrect'.' at step 'Statement' in seq 'ProcessModelPostStepRuntimeError'

TST-C-ROS-T2935    9/7/2026 3:55:05 PM ProcessModelError
Error Code: -17306, Unknown variable or property name.
Message: 'The post-expression for the step 'Statement' could not be evaluated.
Unknown variable or property name 'Parameters.UUTcorrect'.' at step 'Statement' in seq 'ProcessModelPostStepRuntimeError'

TST-C-ROS-T2935    9/7/2026 3:55:05 PM ProcessModelError
Error Code: -17306, Unknown variable or property name.
Message: 'The post-expression for the step 'Statement' could not be evaluated.
Unknown variable or property name 'Parameters.UUTcorrect'.' at step 'Statement' in seq 'ProcessModelPostStepRuntimeError'

TST-C-ROS-T2935    9/7/2026 3:55:06 PM ProcessModelError
Error Code: -17306, Unknown variable or property name.
Message: 'The post-expression for the step 'Statement' could not be evaluated.
Unknown variable or property name 'Parameters.UUTcorrect'.' at step 'Statement' in seq 'ProcessModelPostStepRuntimeError'

TST-C-ROS-T2935    9/7/2026 3:55:06 PM ProcessModelError
Error Code: -17306, Unknown variable or property name.
Message: 'The post-expression for the step 'Statement' could not be evaluated.
Unknown variable or property name 'Parameters.UUTcorrect'.' at step 'Statement' in seq 'ProcessModelPostStepRuntimeError'

TST-C-ROS-T2935    9/7/2026 3:55:06 PM ProcessModelError
Error Code: -17306, Unknown variable or property name.
Message: 'The post-expression for the step 'Statement' could not be evaluated.
Unknown variable or property name 'Parameters.UUTcorrect'.' at step 'Statement' in seq 'ProcessModelPostStepRuntimeError'

TST-C-ROS-T2935    9/7/2026 3:55:07 PM ProcessModelError
Error Code: -17306, Unknown variable or property name.
Message: 'The post-expression for the step 'Statement' could not be evaluated.
Unknown variable or property name 'Parameters.UUTcorrect'.' at step 'Statement' in seq 'ProcessModelPostStepRuntimeError'

TST-C-ROS-T2935    9/7/2026 3:55:07 PM ProcessModelError
Error Code: -17306, Unknown variable or property name.
Message: 'The post-expression for the step 'Statement' could not be evaluated.
Unknown variable or property name 'Parameters.UUTcorrect'.' at step 'Statement' in seq 'ProcessModelPostStepRuntimeError'

TST-C-ROS-T2935    9/7/2026 3:55:07 PM ProcessModelError
Error Code: -17306, Unknown variable or property name.
Message: 'The post-expression for the step 'Statement' could not be evaluated.
Unknown variable or property name 'Parameters.UUTcorrect'.' at step 'Statement' in seq 'ProcessModelPostStepRuntimeError'

TST-C-ROS-T2935    9/7/2026 3:55:08 PM ProcessModelError
Error Code: -17306, Unknown variable or property name.
Message: 'The post-expression for the step 'Statement' could not be evaluated.
Unknown variable or property name 'Parameters.UUTcorrect'.' at step 'Statement' in seq 'ProcessModelPostStepRuntimeError'

TST-C-ROS-T2935    9/7/2026 3:55:08 PM ProcessModelError
Error Code: -17306, Unknown variable or property name.
Message: 'The post-expression for the step 'Statement' could not be evaluated.
Unknown variable or property name 'Parameters.UUTcorrect'.' at step 'Statement' in seq 'ProcessModelPostStepRuntimeError'

TST-C-ROS-T2935    9/7/2026 3:55:08 PM ProcessModelError
Error Code: -17306, Unknown variable or property name.
Message: 'The post-expression for the step 'Statement' could not be evaluated.
Unknown variable or property name 'Parameters.UUTcorrect'.' at step 'Statement' in seq 'ProcessModelPostStepRuntimeError'

TST-C-ROS-T2935    9/7/2026 3:55:09 PM ProcessModelError
Error Code: -17306, Unknown variable or property name.
Message: 'The post-expression for the step 'Statement' could not be evaluated.
Unknown variable or property name 'Parameters.UUTcorrect'.' at step 'Statement' in seq 'ProcessModelPostStepRuntimeError'

TST-C-ROS-T2935    9/7/2026 3:55:09 PM ProcessModelError
Error Code: -17306, Unknown variable or property name.
Message: 'The post-expression for the step 'Statement' could not be evaluated.
Unknown variable or property name 'Parameters.UUTcorrect'.' at step 'Statement' in seq 'ProcessModelPostStepRuntimeError'

TST-C-ROS-T2935    9/7/2026 3:55:09 PM ProcessModelError
Error Code: -17306, Unknown variable or property name.
Message: 'The post-expression for the step 'Statement' could not be evaluated.
Unknown variable or property name 'Parameters.UUTcorrect'.' at step 'Statement' in seq 'ProcessModelPostStepRuntimeError'

TST-C-ROS-T2935    9/7/2026 3:55:10 PM ProcessModelError
Error Code: -17306, Unknown variable or property name.
Message: 'The post-expression for the step 'Statement' could not be evaluated.
Unknown variable or property name 'Parameters.UUTcorrect'.' at step 'Statement' in seq 'ProcessModelPostStepRuntimeError'

TST-C-ROS-T2935    9/7/2026 3:55:10 PM ProcessModelError
Error Code: -17306, Unknown variable or property name.
Message: 'The post-expression for the step 'Statement' could not be evaluated.
Unknown variable or property name 'Parameters.UUTcorrect'.' at step 'Statement' in seq 'ProcessModelPostStepRuntimeError'

TST-C-ROS-T2935    9/7/2026 3:55:10 PM ProcessModelError
Error Code: -17306, Unknown variable or property name.
Message: 'The post-expression for the step 'Statement' could not be evaluated.
Unknown variable or property name 'Parameters.UUTcorrect'.' at step 'Statement' in seq 'ProcessModelPostStepRuntimeError'

TST-C-ROS-T2935    9/7/2026 3:55:10 PM ProcessModelError
Error Code: -17306, Unknown variable or property name.
Message: 'The post-expression for the step 'Statement' could not be evaluated.
Unknown variable or property name 'Parameters.UUTcorrect'.' at step 'Statement' in seq 'ProcessModelPostStepRuntimeError'

TST-C-ROS-T2935    9/7/2026 3:55:11 PM ProcessModelError
Error Code: -17306, Unknown variable or property name.
Message: 'The post-expression for the step 'Statement' could not be evaluated.
Unknown variable or property name 'Parameters.UUTcorrect'.' at step 'Statement' in seq 'ProcessModelPostStepRuntimeError'

TST-C-ROS-T2935    9/7/2026 3:55:11 PM ProcessModelError
Error Code: -17306, Unknown variable or property name.
Message: 'The post-expression for the step 'Statement' could not be evaluated.
Unknown variable or property name 'Parameters.UUTcorrect'.' at step 'Statement' in seq 'ProcessModelPostStepRuntimeError'

TST-C-ROS-T2935    9/7/2026 3:55:11 PM ProcessModelError
Error Code: -17306, Unknown variable or property name.
Message: 'The post-expression for the step 'Statement' could not be evaluated.
Unknown variable or property name 'Parameters.UUTcorrect'.' at step 'Statement' in seq 'ProcessModelPostStepRuntimeError'

TST-C-ROS-T2935    9/7/2026 3:55:12 PM ProcessModelError
Error Code: -17306, Unknown variable or property name.
Message: 'The post-expression for the step 'Statement' could not be evaluated.
Unknown variable or property name 'Parameters.UUTcorrect'.' at step 'Statement' in seq 'ProcessModelPostStepRuntimeError'

TST-C-ROS-T2935    9/7/2026 3:55:12 PM ProcessModelError
Error Code: -17306, Unknown variable or property name.
Message: 'The post-expression for the step 'Statement' could not be evaluated.
Unknown variable or property name 'Parameters.UUTcorrect'.' at step 'Statement' in seq 'ProcessModelPostStepRuntimeError'

TST-C-ROS-T2935    9/7/2026 3:55:12 PM ProcessModelError
Error Code: -17306, Unknown variable or property name.
Message: 'The post-expression for the step 'Statement' could not be evaluated.
Unknown variable or property name 'Parameters.UUTcorrect'.' at step 'Statement' in seq 'ProcessModelPostStepRuntimeError'

TST-C-ROS-T2935    9/7/2026 3:55:13 PM ProcessModelError
Error Code: -17306, Unknown variable or property name.
Message: 'The post-expression for the step 'Statement' could not be evaluated.
Unknown variable or property name 'Parameters.UUTcorrect'.' at step 'Statement' in seq 'ProcessModelPostStepRuntimeError'

TST-C-ROS-T2935    9/7/2026 3:55:13 PM ProcessModelError
Error Code: -17306, Unknown variable or property name.
Message: 'The post-expression for the step 'Statement' could not be evaluated.
Unknown variable or property name 'Parameters.UUTcorrect'.' at step 'Statement' in seq 'ProcessModelPostStepRuntimeError'

TST-C-ROS-T2935    9/7/2026 3:55:13 PM ProcessModelError
Error Code: -17306, Unknown variable or property name.
Message: 'The post-expression for the step 'Statement' could not be evaluated.
Unknown variable or property name 'Parameters.UUTcorrect'.' at step 'Statement' in seq 'ProcessModelPostStepRuntimeError'

TST-C-ROS-T2935    9/7/2026 3:55:14 PM ProcessModelError
Error Code: -17306, Unknown variable or property name.
Message: 'The post-expression for the step 'Statement' could not be evaluated.
Unknown variable or property name 'Parameters.UUTcorrect'.' at step 'Statement' in seq 'ProcessModelPostStepRuntimeError'

TST-C-ROS-T2935    9/7/2026 3:55:14 PM ProcessModelError
Error Code: -17306, Unknown variable or property name.
Message: 'The post-expression for the step 'Statement' could not be evaluated.
Unknown variable or property name 'Parameters.UUTcorrect'.' at step 'Statement' in seq 'ProcessModelPostStepRuntimeError'

TST-C-ROS-T2935    9/7/2026 3:55:14 PM ProcessModelError
Error Code: -17306, Unknown variable or property name.
Message: 'The post-expression for the step 'Statement' could not be evaluated.
Unknown variable or property name 'Parameters.UUTcorrect'.' at step 'Statement' in seq 'ProcessModelPostStepRuntimeError'

TST-C-ROS-T2935    9/7/2026 3:55:15 PM ProcessModelError
Error Code: -17306, Unknown variable or property name.
Message: 'The post-expression for the step 'Statement' could not be evaluated.
Unknown variable or property name 'Parameters.UUTcorrect'.' at step 'Statement' in seq 'ProcessModelPostStepRuntimeError'

TST-C-ROS-T2935    9/7/2026 3:55:15 PM ProcessModelError
Error Code: -17306, Unknown variable or property name.
Message: 'The post-expression for the step 'Statement' could not be evaluated.
Unknown variable or property name 'Parameters.UUTcorrect'.' at step 'Statement' in seq 'ProcessModelPostStepRuntimeError'

TST-C-ROS-T2935    9/7/2026 3:55:15 PM ProcessModelError
Error Code: -17306, Unknown variable or property name.
Message: 'The post-expression for the step 'Statement' could not be evaluated.
Unknown variable or property name 'Parameters.UUTcorrect'.' at step 'Statement' in seq 'ProcessModelPostStepRuntimeError'

TST-C-ROS-T2935    9/7/2026 3:55:16 PM ProcessModelError
Error Code: -17306, Unknown variable or property name.
Message: 'The post-expression for the step 'Statement' could not be evaluated.
Unknown variable or property name 'Parameters.UUTcorrect'.' at step 'Statement' in seq 'ProcessModelPostStepRuntimeError'

TST-C-ROS-T2935    9/7/2026 3:55:16 PM ProcessModelError
Error Code: -17306, Unknown variable or property name.
Message: 'The post-expression for the step 'Statement' could not be evaluated.
Unknown variable or property name 'Parameters.UUTcorrect'.' at step 'Statement' in seq 'ProcessModelPostStepRuntimeError'

TST-C-ROS-T2935    9/7/2026 3:55:16 PM ProcessModelError
Error Code: -17306, Unknown variable or property name.
Message: 'The post-expression for the step 'Statement' could not be evaluated.
Unknown variable or property name 'Parameters.UUTcorrect'.' at step 'Statement' in seq 'ProcessModelPostStepRuntimeError'

TST-C-ROS-T2935    9/7/2026 3:55:17 PM ProcessModelError
Error Code: -17306, Unknown variable or property name.
Message: 'The post-expression for the step 'Statement' could not be evaluated.
Unknown variable or property name 'Parameters.UUTcorrect'.' at step 'Statement' in seq 'ProcessModelPostStepRuntimeError'

TST-C-ROS-T2935    9/7/2026 3:55:17 PM ProcessModelError
Error Code: -17306, Unknown variable or property name.
Message: 'The post-expression for the step 'Statement' could not be evaluated.
Unknown variable or property name 'Parameters.UUTcorrect'.' at step 'Statement' in seq 'ProcessModelPostStepRuntimeError'

TST-C-ROS-T2935    9/7/2026 3:55:17 PM ProcessModelError
Error Code: -17306, Unknown variable or property name.
Message: 'The post-expression for the step 'Statement' could not be evaluated.
Unknown variable or property name 'Parameters.UUTcorrect'.' at step 'Statement' in seq 'ProcessModelPostStepRuntimeError'

TST-C-ROS-T2935    9/7/2026 3:55:17 PM ProcessModelError
Error Code: -17306, Unknown variable or property name.
Message: 'The post-expression for the step 'Statement' could not be evaluated.
Unknown variable or property name 'Parameters.UUTcorrect'.' at step 'Statement' in seq 'ProcessModelPostStepRuntimeError'

TST-C-ROS-T2935    9/7/2026 3:55:18 PM ProcessModelError
Error Code: -17306, Unknown variable or property name.
Message: 'The post-expression for the step 'Statement' could not be evaluated.
Unknown variable or property name 'Parameters.UUTcorrect'.' at step 'Statement' in seq 'ProcessModelPostStepRuntimeError'

TST-C-ROS-T2935    9/7/2026 3:55:18 PM ProcessModelError
Error Code: -17306, Unknown variable or property name.
Message: 'The post-expression for the step 'Statement' could not be evaluated.
Unknown variable or property name 'Parameters.UUTcorrect'.' at step 'Statement' in seq 'ProcessModelPostStepRuntimeError'

TST-C-ROS-T2935    9/7/2026 3:55:18 PM ProcessModelError
Error Code: -17306, Unknown variable or property name.
Message: 'The post-expression for the step 'Statement' could not be evaluated.
Unknown variable or property name 'Parameters.UUTcorrect'.' at step 'Statement' in seq 'ProcessModelPostStepRuntimeError'

TST-C-ROS-T2935    9/7/2026 3:55:19 PM ProcessModelError
Error Code: -17306, Unknown variable or property name.
Message: 'The post-expression for the step 'Statement' could not be evaluated.
Unknown variable or property name 'Parameters.UUTcorrect'.' at step 'Statement' in seq 'ProcessModelPostStepRuntimeError'

TST-C-ROS-T2935    9/7/2026 3:55:19 PM ProcessModelError
Error Code: -17306, Unknown variable or property name.
Message: 'The post-expression for the step 'Statement' could not be evaluated.
Unknown variable or property name 'Parameters.UUTcorrect'.' at step 'Statement' in seq 'ProcessModelPostStepRuntimeError'

TST-C-ROS-T2935    9/7/2026 3:55:19 PM ProcessModelError
Error Code: -17306, Unknown variable or property name.
Message: 'The post-expression for the step 'Statement' could not be evaluated.
Unknown variable or property name 'Parameters.UUTcorrect'.' at step 'Statement' in seq 'ProcessModelPostStepRuntimeError'

TST-C-ROS-T2935    9/7/2026 3:55:20 PM ProcessModelError
Error Code: -17306, Unknown variable or property name.
Message: 'The post-expression for the step 'Statement' could not be evaluated.
Unknown variable or property name 'Parameters.UUTcorrect'.' at step 'Statement' in seq 'ProcessModelPostStepRuntimeError'

TST-C-ROS-T2935    9/7/2026 3:55:20 PM ProcessModelError
Error Code: -17306, Unknown variable or property name.
Message: 'The post-expression for the step 'Statement' could not be evaluated.
Unknown variable or property name 'Parameters.UUTcorrect'.' at step 'Statement' in seq 'ProcessModelPostStepRuntimeError'

TST-C-ROS-T2935    9/7/2026 3:55:20 PM ProcessModelError
Error Code: -17306, Unknown variable or property name.
Message: 'The post-expression for the step 'Statement' could not be evaluated.
Unknown variable or property name 'Parameters.UUTcorrect'.' at step 'Statement' in seq 'ProcessModelPostStepRuntimeError'

TST-C-ROS-T2935    9/7/2026 3:55:21 PM ProcessModelError
Error Code: -17306, Unknown variable or property name.
Message: 'The post-expression for the step 'Statement' could not be evaluated.
Unknown variable or property name 'Parameters.UUTcorrect'.' at step 'Statement' in seq 'ProcessModelPostStepRuntimeError'

TST-C-ROS-T2935    9/7/2026 3:55:21 PM ProcessModelError
Error Code: -17306, Unknown variable or property name.
Message: 'The post-expression for the step 'Statement' could not be evaluated.
Unknown variable or property name 'Parameters.UUTcorrect'.' at step 'Statement' in seq 'ProcessModelPostStepRuntimeError'

TST-C-ROS-T2935    9/7/2026 3:55:21 PM ProcessModelError
Error Code: -17306, Unknown variable or property name.
Message: 'The post-expression for the step 'Statement' could not be evaluated.
Unknown variable or property name 'Parameters.UUTcorrect'.' at step 'Statement' in seq 'ProcessModelPostStepRuntimeError'

TST-C-ROS-T2935    9/7/2026 3:55:22 PM ProcessModelError
Error Code: -17306, Unknown variable or property name.
Message: 'The post-expression for the step 'Statement' could not be evaluated.
Unknown variable or property name 'Parameters.UUTcorrect'.' at step 'Statement' in seq 'ProcessModelPostStepRuntimeError'

TST-C-ROS-T2935    9/7/2026 3:55:22 PM ProcessModelError
Error Code: -17306, Unknown variable or property name.
Message: 'The post-expression for the step 'Statement' could not be evaluated.
Unknown variable or property name 'Parameters.UUTcorrect'.' at step 'Statement' in seq 'ProcessModelPostStepRuntimeError'

TST-C-ROS-T2935    9/7/2026 3:55:22 PM ProcessModelError
Error Code: -17306, Unknown variable or property name.
Message: 'The post-expression for the step 'Statement' could not be evaluated.
Unknown variable or property name 'Parameters.UUTcorrect'.' at step 'Statement' in seq 'ProcessModelPostStepRuntimeError'

TST-C-ROS-T2935    9/7/2026 3:55:23 PM ProcessModelError
Error Code: -17306, Unknown variable or property name.
Message: 'The post-expression for the step 'Statement' could not be evaluated.
Unknown variable or property name 'Parameters.UUTcorrect'.' at step 'Statement' in seq 'ProcessModelPostStepRuntimeError'

TST-C-ROS-T2935    9/7/2026 3:55:23 PM ProcessModelError
Error Code: -17306, Unknown variable or property name.
Message: 'The post-expression for the step 'Statement' could not be evaluated.
Unknown variable or property name 'Parameters.UUTcorrect'.' at step 'Statement' in seq 'ProcessModelPostStepRuntimeError'

TST-C-ROS-T2935    9/7/2026 3:55:23 PM ProcessModelError
Error Code: -17306, Unknown variable or property name.
Message: 'The post-expression for the step 'Statement' could not be evaluated.
Unknown variable or property name 'Parameters.UUTcorrect'.' at step 'Statement' in seq 'ProcessModelPostStepRuntimeError'

TST-C-ROS-T2935    9/7/2026 3:55:24 PM ProcessModelError
Error Code: -17306, Unknown variable or property name.
Message: 'The post-expression for the step 'Statement' could not be evaluated.
Unknown variable or property name 'Parameters.UUTcorrect'.' at step 'Statement' in seq 'ProcessModelPostStepRuntimeError'

TST-C-ROS-T2935    9/7/2026 3:55:24 PM ProcessModelError
Error Code: -17306, Unknown variable or property name.
Message: 'The post-expression for the step 'Statement' could not be evaluated.
Unknown variable or property name 'Parameters.UUTcorrect'.' at step 'Statement' in seq 'ProcessModelPostStepRuntimeError'

TST-C-ROS-T2935    9/7/2026 3:55:24 PM ProcessModelError
Error Code: -17306, Unknown variable or property name.
Message: 'The post-expression for the step 'Statement' could not be evaluated.
Unknown variable or property name 'Parameters.UUTcorrect'.' at step 'Statement' in seq 'ProcessModelPostStepRuntimeError'

TST-C-ROS-T2935    9/7/2026 3:55:25 PM ProcessModelError
Error Code: -17306, Unknown variable or property name.
Message: 'The post-expression for the step 'Statement' could not be evaluated.
Unknown variable or property name 'Parameters.UUTcorrect'.' at step 'Statement' in seq 'ProcessModelPostStepRuntimeError'

TST-C-ROS-T2935    9/7/2026 3:55:25 PM ProcessModelError
Error Code: -17306, Unknown variable or property name.
Message: 'The post-expression for the step 'Statement' could not be evaluated.
Unknown variable or property name 'Parameters.UUTcorrect'.' at step 'Statement' in seq 'ProcessModelPostStepRuntimeError'

TST-C-ROS-T2935    9/7/2026 3:55:25 PM ProcessModelError
Error Code: -17306, Unknown variable or property name.
Message: 'The post-expression for the step 'Statement' could not be evaluated.
Unknown variable or property name 'Parameters.UUTcorrect'.' at step 'Statement' in seq 'ProcessModelPostStepRuntimeError'

TST-C-ROS-T2935    9/7/2026 3:55:25 PM ProcessModelError
Error Code: -17306, Unknown variable or property name.
Message: 'The post-expression for the step 'Statement' could not be evaluated.
Unknown variable or property name 'Parameters.UUTcorrect'.' at step 'Statement' in seq 'ProcessModelPostStepRuntimeError'

TST-C-ROS-T2935    9/7/2026 3:55:26 PM ProcessModelError
Error Code: -17306, Unknown variable or property name.
Message: 'The post-expression for the step 'Statement' could not be evaluated.
Unknown variable or property name 'Parameters.UUTcorrect'.' at step 'Statement' in seq 'ProcessModelPostStepRuntimeError'

TST-C-ROS-T2935    9/7/2026 3:55:26 PM ProcessModelError
Error Code: -17306, Unknown variable or property name.
Message: 'The post-expression for the step 'Statement' could not be evaluated.
Unknown variable or property name 'Parameters.UUTcorrect'.' at step 'Statement' in seq 'ProcessModelPostStepRuntimeError'

TST-C-ROS-T2935    9/7/2026 3:55:26 PM ProcessModelError
Error Code: -17306, Unknown variable or property name.
Message: 'The post-expression for the step 'Statement' could not be evaluated.
Unknown variable or property name 'Parameters.UUTcorrect'.' at step 'Statement' in seq 'ProcessModelPostStepRuntimeError'

TST-C-ROS-T2935    9/7/2026 3:55:27 PM ProcessModelError
Error Code: -17306, Unknown variable or property name.
Message: 'The post-expression for the step 'Statement' could not be evaluated.
Unknown variable or property name 'Parameters.UUTcorrect'.' at step 'Statement' in seq 'ProcessModelPostStepRuntimeError'

TST-C-ROS-T2935    9/7/2026 3:55:27 PM ProcessModelError
Error Code: -17306, Unknown variable or property name.
Message: 'The post-expression for the step 'Statement' could not be evaluated.
Unknown variable or property name 'Parameters.UUTcorrect'.' at step 'Statement' in seq 'ProcessModelPostStepRuntimeError'

TST-C-ROS-T2935    9/7/2026 3:55:27 PM ProcessModelError
Error Code: -17306, Unknown variable or property name.
Message: 'The post-expression for the step 'Statement' could not be evaluated.
Unknown variable or property name 'Parameters.UUTcorrect'.' at step 'Statement' in seq 'ProcessModelPostStepRuntimeError'

TST-C-ROS-T2935    9/7/2026 3:55:28 PM ProcessModelError
Error Code: -17306, Unknown variable or property name.
Message: 'The post-expression for the step 'Statement' could not be evaluated.
Unknown variable or property name 'Parameters.UUTcorrect'.' at step 'Statement' in seq 'ProcessModelPostStepRuntimeError'

TST-C-ROS-T2935    9/7/2026 3:55:28 PM ProcessModelError
Error Code: -17306, Unknown variable or property name.
Message: 'The post-expression for the step 'Statement' could not be evaluated.
Unknown variable or property name 'Parameters.UUTcorrect'.' at step 'Statement' in seq 'ProcessModelPostStepRuntimeError'

TST-C-ROS-T2935    9/7/2026 3:55:28 PM ProcessModelError
Error Code: -17306, Unknown variable or property name.
Message: 'The post-expression for the step 'Statement' could not be evaluated.
Unknown variable or property name 'Parameters.UUTcorrect'.' at step 'Statement' in seq 'ProcessModelPostStepRuntimeError'

TST-C-ROS-T2935    9/7/2026 3:55:29 PM ProcessModelError
Error Code: -17306, Unknown variable or property name.
Message: 'The post-expression for the step 'Statement' could not be evaluated.
Unknown variable or property name 'Parameters.UUTcorrect'.' at step 'Statement' in seq 'ProcessModelPostStepRuntimeError'

TST-C-ROS-T2935    9/7/2026 3:55:29 PM ProcessModelError
Error Code: -17306, Unknown variable or property name.
Message: 'The post-expression for the step 'Statement' could not be evaluated.
Unknown variable or property name 'Parameters.UUTcorrect'.' at step 'Statement' in seq 'ProcessModelPostStepRuntimeError'

TST-C-ROS-T2935    9/7/2026 3:55:29 PM ProcessModelError
Error Code: -17306, Unknown variable or property name.
Message: 'The post-expression for the step 'Statement' could not be evaluated.
Unknown variable or property name 'Parameters.UUTcorrect'.' at step 'Statement' in seq 'ProcessModelPostStepRuntimeError'

TST-C-ROS-T2935    9/7/2026 3:55:30 PM ProcessModelError
Error Code: -17306, Unknown variable or property name.
Message: 'The post-expression for the step 'Statement' could not be evaluated.
Unknown variable or property name 'Parameters.UUTcorrect'.' at step 'Statement' in seq 'ProcessModelPostStepRuntimeError'

TST-C-ROS-T2935    9/7/2026 3:55:30 PM ProcessModelError
Error Code: -17306, Unknown variable or property name.
Message: 'The post-expression for the step 'Statement' could not be evaluated.
Unknown variable or property name 'Parameters.UUTcorrect'.' at step 'Statement' in seq 'ProcessModelPostStepRuntimeError'

TST-C-ROS-T2935    9/7/2026 3:55:30 PM ProcessModelError
Error Code: -17306, Unknown variable or property name.
Message: 'The post-expression for the step 'Statement' could not be evaluated.
Unknown variable or property name 'Parameters.UUTcorrect'.' at step 'Statement' in seq 'ProcessModelPostStepRuntimeError'

TST-C-ROS-T2935    9/7/2026 3:55:31 PM ProcessModelError
Error Code: -17306, Unknown variable or property name.
Message: 'The post-expression for the step 'Statement' could not be evaluated.
Unknown variable or property name 'Parameters.UUTcorrect'.' at step 'Statement' in seq 'ProcessModelPostStepRuntimeError'

TST-C-ROS-T2935    9/7/2026 3:55:31 PM ProcessModelError
Error Code: -17306, Unknown variable or property name.
Message: 'The post-expression for the step 'Statement' could not be evaluated.
Unknown variable or property name 'Parameters.UUTcorrect'.' at step 'Statement' in seq 'ProcessModelPostStepRuntimeError'

TST-C-ROS-T2935    9/7/2026 3:55:31 PM ProcessModelError
Error Code: -17306, Unknown variable or property name.
Message: 'The post-expression for the step 'Statement' could not be evaluated.
Unknown variable or property name 'Parameters.UUTcorrect'.' at step 'Statement' in seq 'ProcessModelPostStepRuntimeError'

TST-C-ROS-T2935    9/7/2026 3:55:32 PM ProcessModelError
Error Code: -17306, Unknown variable or property name.
Message: 'The post-expression for the step 'Statement' could not be evaluated.
Unknown variable or property name 'Parameters.UUTcorrect'.' at step 'Statement' in seq 'ProcessModelPostStepRuntimeError'

TST-C-ROS-T2935    9/7/2026 3:55:32 PM ProcessModelError
Error Code: -17306, Unknown variable or property name.
Message: 'The post-expression for the step 'Statement' could not be evaluated.
Unknown variable or property name 'Parameters.UUTcorrect'.' at step 'Statement' in seq 'ProcessModelPostStepRuntimeError'

TST-C-ROS-T2935    9/7/2026 3:55:32 PM ProcessModelError
Error Code: -17306, Unknown variable or property name.
Message: 'The post-expression for the step 'Statement' could not be evaluated.
Unknown variable or property name 'Parameters.UUTcorrect'.' at step 'Statement' in seq 'ProcessModelPostStepRuntimeError'

TST-C-ROS-T2935    9/7/2026 3:55:32 PM ProcessModelError
Error Code: -17306, Unknown variable or property name.
Message: 'The post-expression for the step 'Statement' could not be evaluated.
Unknown variable or property name 'Parameters.UUTcorrect'.' at step 'Statement' in seq 'ProcessModelPostStepRuntimeError'

TST-C-ROS-T2935    9/7/2026 3:55:33 PM ProcessModelError
Error Code: -17306, Unknown variable or property name.
Message: 'The post-expression for the step 'Statement' could not be evaluated.
Unknown variable or property name 'Parameters.UUTcorrect'.' at step 'Statement' in seq 'ProcessModelPostStepRuntimeError'

TST-C-ROS-T2935    9/7/2026 3:55:33 PM ProcessModelError
Error Code: -17306, Unknown variable or property name.
Message: 'The post-expression for the step 'Statement' could not be evaluated.
Unknown variable or property name 'Parameters.UUTcorrect'.' at step 'Statement' in seq 'ProcessModelPostStepRuntimeError'

TST-C-ROS-T2935    9/7/2026 3:55:33 PM ProcessModelError
Error Code: -17306, Unknown variable or property name.
Message: 'The post-expression for the step 'Statement' could not be evaluated.
Unknown variable or property name 'Parameters.UUTcorrect'.' at step 'Statement' in seq 'ProcessModelPostStepRuntimeError'

TST-C-ROS-T2935    9/7/2026 3:55:34 PM ProcessModelError
Error Code: -17306, Unknown variable or property name.
Message: 'The post-expression for the step 'Statement' could not be evaluated.
Unknown variable or property name 'Parameters.UUTcorrect'.' at step 'Statement' in seq 'ProcessModelPostStepRuntimeError'

TST-C-ROS-T2935    9/7/2026 3:55:34 PM ProcessModelError
Error Code: -17306, Unknown variable or property name.
Message: 'The post-expression for the step 'Statement' could not be evaluated.
Unknown variable or property name 'Parameters.UUTcorrect'.' at step 'Statement' in seq 'ProcessModelPostStepRuntimeError'

TST-C-ROS-T2935    9/7/2026 3:55:34 PM ProcessModelError
Error Code: -17306, Unknown variable or property name.
Message: 'The post-expression for the step 'Statement' could not be evaluated.
Unknown variable or property name 'Parameters.UUTcorrect'.' at step 'Statement' in seq 'ProcessModelPostStepRuntimeError'

TST-C-ROS-T2935    9/7/2026 3:55:35 PM ProcessModelError
Error Code: -17306, Unknown variable or property name.
Message: 'The post-expression for the step 'Statement' could not be evaluated.
Unknown variable or property name 'Parameters.UUTcorrect'.' at step 'Statement' in seq 'ProcessModelPostStepRuntimeError'

TST-C-ROS-T2935    9/7/2026 3:55:35 PM ProcessModelError
Error Code: -17306, Unknown variable or property name.
Message: 'The post-expression for the step 'Statement' could not be evaluated.
Unknown variable or property name 'Parameters.UUTcorrect'.' at step 'Statement' in seq 'ProcessModelPostStepRuntimeError'

TST-C-ROS-T2935    9/7/2026 3:55:35 PM ProcessModelError
Error Code: -17306, Unknown variable or property name.
Message: 'The post-expression for the step 'Statement' could not be evaluated.
Unknown variable or property name 'Parameters.UUTcorrect'.' at step 'Statement' in seq 'ProcessModelPostStepRuntimeError'

TST-C-ROS-T2935    9/7/2026 3:55:36 PM ProcessModelError
Error Code: -17306, Unknown variable or property name.
Message: 'The post-expression for the step 'Statement' could not be evaluated.
Unknown variable or property name 'Parameters.UUTcorrect'.' at step 'Statement' in seq 'ProcessModelPostStepRuntimeError'

TST-C-ROS-T2935    9/7/2026 3:55:36 PM ProcessModelError
Error Code: -17306, Unknown variable or property name.
Message: 'The post-expression for the step 'Statement' could not be evaluated.
Unknown variable or property name 'Parameters.UUTcorrect'.' at step 'Statement' in seq 'ProcessModelPostStepRuntimeError'

TST-C-ROS-T2935    9/7/2026 3:55:36 PM ProcessModelError
Error Code: -17306, Unknown variable or property name.
Message: 'The post-expression for the step 'Statement' could not be evaluated.
Unknown variable or property name 'Parameters.UUTcorrect'.' at step 'Statement' in seq 'ProcessModelPostStepRuntimeError'

TST-C-ROS-T2935    9/7/2026 3:55:37 PM ProcessModelError
Error Code: -17306, Unknown variable or property name.
Message: 'The post-expression for the step 'Statement' could not be evaluated.
Unknown variable or property name 'Parameters.UUTcorrect'.' at step 'Statement' in seq 'ProcessModelPostStepRuntimeError'

TST-C-ROS-T2935    9/7/2026 3:55:37 PM ProcessModelError
Error Code: -17306, Unknown variable or property name.
Message: 'The post-expression for the step 'Statement' could not be evaluated.
Unknown variable or property name 'Parameters.UUTcorrect'.' at step 'Statement' in seq 'ProcessModelPostStepRuntimeError'

TST-C-ROS-T2935    9/7/2026 3:55:37 PM ProcessModelError
Error Code: -17306, Unknown variable or property name.
Message: 'The post-expression for the step 'Statement' could not be evaluated.
Unknown variable or property name 'Parameters.UUTcorrect'.' at step 'Statement' in seq 'ProcessModelPostStepRuntimeError'

TST-C-ROS-T2935    9/7/2026 3:55:38 PM ProcessModelError
Error Code: -17306, Unknown variable or property name.
Message: 'The post-expression for the step 'Statement' could not be evaluated.
Unknown variable or property name 'Parameters.UUTcorrect'.' at step 'Statement' in seq 'ProcessModelPostStepRuntimeError'

TST-C-ROS-T2935    9/7/2026 3:55:38 PM ProcessModelError
Error Code: -17306, Unknown variable or property name.
Message: 'The post-expression for the step 'Statement' could not be evaluated.
Unknown variable or property name 'Parameters.UUTcorrect'.' at step 'Statement' in seq 'ProcessModelPostStepRuntimeError'

TST-C-ROS-T2935    9/7/2026 3:55:38 PM ProcessModelError
Error Code: -17306, Unknown variable or property name.
Message: 'The post-expression for the step 'Statement' could not be evaluated.
Unknown variable or property name 'Parameters.UUTcorrect'.' at step 'Statement' in seq 'ProcessModelPostStepRuntimeError'

TST-C-ROS-T2935    9/7/2026 3:55:39 PM ProcessModelError
Error Code: -17306, Unknown variable or property name.
Message: 'The post-expression for the step 'Statement' could not be evaluated.
Unknown variable or property name 'Parameters.UUTcorrect'.' at step 'Statement' in seq 'ProcessModelPostStepRuntimeError'

TST-C-ROS-T2935    9/7/2026 3:55:39 PM ProcessModelError
Error Code: -17306, Unknown variable or property name.
Message: 'The post-expression for the step 'Statement' could not be evaluated.
Unknown variable or property name 'Parameters.UUTcorrect'.' at step 'Statement' in seq 'ProcessModelPostStepRuntimeError'

TST-C-ROS-T2935    9/7/2026 3:55:39 PM ProcessModelError
Error Code: -17306, Unknown variable or property name.
Message: 'The post-expression for the step 'Statement' could not be evaluated.
Unknown variable or property name 'Parameters.UUTcorrect'.' at step 'Statement' in seq 'ProcessModelPostStepRuntimeError'

TST-C-ROS-T2935    9/7/2026 3:55:40 PM ProcessModelError
Error Code: -17306, Unknown variable or property name.
Message: 'The post-expression for the step 'Statement' could not be evaluated.
Unknown variable or property name 'Parameters.UUTcorrect'.' at step 'Statement' in seq 'ProcessModelPostStepRuntimeError'

TST-C-ROS-T2935    9/7/2026 3:55:40 PM ProcessModelError
Error Code: -17306, Unknown variable or property name.
Message: 'The post-expression for the step 'Statement' could not be evaluated.
Unknown variable or property name 'Parameters.UUTcorrect'.' at step 'Statement' in seq 'ProcessModelPostStepRuntimeError'

TST-C-ROS-T2935    9/7/2026 3:55:40 PM ProcessModelError
Error Code: -17306, Unknown variable or property name.
Message: 'The post-expression for the step 'Statement' could not be evaluated.
Unknown variable or property name 'Parameters.UUTcorrect'.' at step 'Statement' in seq 'ProcessModelPostStepRuntimeError'

TST-C-ROS-T2935    9/7/2026 3:55:40 PM ProcessModelError
Error Code: -17306, Unknown variable or property name.
Message: 'The post-expression for the step 'Statement' could not be evaluated.
Unknown variable or property name 'Parameters.UUTcorrect'.' at step 'Statement' in seq 'ProcessModelPostStepRuntimeError'

TST-C-ROS-T2935    9/7/2026 3:55:41 PM ProcessModelError
Error Code: -17306, Unknown variable or property name.
Message: 'The post-expression for the step 'Statement' could not be evaluated.
Unknown variable or property name 'Parameters.UUTcorrect'.' at step 'Statement' in seq 'ProcessModelPostStepRuntimeError'

TST-C-ROS-T2935    9/7/2026 3:55:41 PM ProcessModelError
Error Code: -17306, Unknown variable or property name.
Message: 'The post-expression for the step 'Statement' could not be evaluated.
Unknown variable or property name 'Parameters.UUTcorrect'.' at step 'Statement' in seq 'ProcessModelPostStepRuntimeError'

TST-C-ROS-T2935    9/7/2026 3:55:41 PM ProcessModelError
Error Code: -17306, Unknown variable or property name.
Message: 'The post-expression for the step 'Statement' could not be evaluated.
Unknown variable or property name 'Parameters.UUTcorrect'.' at step 'Statement' in seq 'ProcessModelPostStepRuntimeError'

TST-C-ROS-T2935    9/7/2026 3:55:42 PM ProcessModelError
Error Code: -17306, Unknown variable or property name.
Message: 'The post-expression for the step 'Statement' could not be evaluated.
Unknown variable or property name 'Parameters.UUTcorrect'.' at step 'Statement' in seq 'ProcessModelPostStepRuntimeError'

TST-C-ROS-T2935    9/7/2026 3:55:42 PM ProcessModelError
Error Code: -17306, Unknown variable or property name.
Message: 'The post-expression for the step 'Statement' could not be evaluated.
Unknown variable or property name 'Parameters.UUTcorrect'.' at step 'Statement' in seq 'ProcessModelPostStepRuntimeError'

TST-C-ROS-T2935    9/7/2026 3:55:42 PM ProcessModelError
Error Code: -17306, Unknown variable or property name.
Message: 'The post-expression for the step 'Statement' could not be evaluated.
Unknown variable or property name 'Parameters.UUTcorrect'.' at step 'Statement' in seq 'ProcessModelPostStepRuntimeError'

TST-C-ROS-T2935    9/7/2026 3:55:43 PM ProcessModelError
Error Code: -17306, Unknown variable or property name.
Message: 'The post-expression for the step 'Statement' could not be evaluated.
Unknown variable or property name 'Parameters.UUTcorrect'.' at step 'Statement' in seq 'ProcessModelPostStepRuntimeError'

TST-C-ROS-T2935    9/7/2026 3:55:43 PM ProcessModelError
Error Code: -17306, Unknown variable or property name.
Message: 'The post-expression for the step 'Statement' could not be evaluated.
Unknown variable or property name 'Parameters.UUTcorrect'.' at step 'Statement' in seq 'ProcessModelPostStepRuntimeError'

TST-C-ROS-T2935    9/7/2026 3:55:43 PM ProcessModelError
Error Code: -17306, Unknown variable or property name.
Message: 'The post-expression for the step 'Statement' could not be evaluated.
Unknown variable or property name 'Parameters.UUTcorrect'.' at step 'Statement' in seq 'ProcessModelPostStepRuntimeError'

TST-C-ROS-T2935    9/7/2026 3:55:44 PM ProcessModelError
Error Code: -17306, Unknown variable or property name.
Message: 'The post-expression for the step 'Statement' could not be evaluated.
Unknown variable or property name 'Parameters.UUTcorrect'.' at step 'Statement' in seq 'ProcessModelPostStepRuntimeError'

TST-C-ROS-T2935    9/7/2026 3:55:44 PM ProcessModelError
Error Code: -17306, Unknown variable or property name.
Message: 'The post-expression for the step 'Statement' could not be evaluated.
Unknown variable or property name 'Parameters.UUTcorrect'.' at step 'Statement' in seq 'ProcessModelPostStepRuntimeError'

TST-C-ROS-T2935    9/7/2026 3:55:44 PM ProcessModelError
Error Code: -17306, Unknown variable or property name.
Message: 'The post-expression for the step 'Statement' could not be evaluated.
Unknown variable or property name 'Parameters.UUTcorrect'.' at step 'Statement' in seq 'ProcessModelPostStepRuntimeError'

TST-C-ROS-T2935    9/7/2026 3:55:45 PM ProcessModelError
Error Code: -17306, Unknown variable or property name.
Message: 'The post-expression for the step 'Statement' could not be evaluated.
Unknown variable or property name 'Parameters.UUTcorrect'.' at step 'Statement' in seq 'ProcessModelPostStepRuntimeError'

TST-C-ROS-T2935    9/7/2026 3:55:45 PM ProcessModelError
Error Code: -17306, Unknown variable or property name.
Message: 'The post-expression for the step 'Statement' could not be evaluated.
Unknown variable or property name 'Parameters.UUTcorrect'.' at step 'Statement' in seq 'ProcessModelPostStepRuntimeError'

TST-C-ROS-T2935    9/7/2026 3:55:45 PM ProcessModelError
Error Code: -17306, Unknown variable or property name.
Message: 'The post-expression for the step 'Statement' could not be evaluated.
Unknown variable or property name 'Parameters.UUTcorrect'.' at step 'Statement' in seq 'ProcessModelPostStepRuntimeError'

TST-C-ROS-T2935    9/7/2026 3:55:46 PM ProcessModelError
Error Code: -17306, Unknown variable or property name.
Message: 'The post-expression for the step 'Statement' could not be evaluated.
Unknown variable or property name 'Parameters.UUTcorrect'.' at step 'Statement' in seq 'ProcessModelPostStepRuntimeError'

TST-C-ROS-T2935    9/7/2026 3:55:46 PM ProcessModelError
Error Code: -17306, Unknown variable or property name.
Message: 'The post-expression for the step 'Statement' could not be evaluated.
Unknown variable or property name 'Parameters.UUTcorrect'.' at step 'Statement' in seq 'ProcessModelPostStepRuntimeError'

TST-C-ROS-T2935    9/7/2026 3:55:46 PM ProcessModelError
Error Code: -17306, Unknown variable or property name.
Message: 'The post-expression for the step 'Statement' could not be evaluated.
Unknown variable or property name 'Parameters.UUTcorrect'.' at step 'Statement' in seq 'ProcessModelPostStepRuntimeError'

TST-C-ROS-T2935    9/7/2026 3:55:47 PM ProcessModelError
Error Code: -17306, Unknown variable or property name.
Message: 'The post-expression for the step 'Statement' could not be evaluated.
Unknown variable or property name 'Parameters.UUTcorrect'.' at step 'Statement' in seq 'ProcessModelPostStepRuntimeError'

TST-C-ROS-T2935    9/7/2026 3:55:47 PM ProcessModelError
Error Code: -17306, Unknown variable or property name.
Message: 'The post-expression for the step 'Statement' could not be evaluated.
Unknown variable or property name 'Parameters.UUTcorrect'.' at step 'Statement' in seq 'ProcessModelPostStepRuntimeError'

TST-C-ROS-T2935    9/7/2026 3:55:47 PM ProcessModelError
Error Code: -17306, Unknown variable or property name.
Message: 'The post-expression for the step 'Statement' could not be evaluated.
Unknown variable or property name 'Parameters.UUTcorrect'.' at step 'Statement' in seq 'ProcessModelPostStepRuntimeError'

TST-C-ROS-T2935    9/7/2026 3:55:47 PM ProcessModelError
Error Code: -17306, Unknown variable or property name.
Message: 'The post-expression for the step 'Statement' could not be evaluated.
Unknown variable or property name 'Parameters.UUTcorrect'.' at step 'Statement' in seq 'ProcessModelPostStepRuntimeError'

TST-C-ROS-T2935    9/7/2026 3:55:48 PM ProcessModelError
Error Code: -17306, Unknown variable or property name.
Message: 'The post-expression for the step 'Statement' could not be evaluated.
Unknown variable or property name 'Parameters.UUTcorrect'.' at step 'Statement' in seq 'ProcessModelPostStepRuntimeError'

TST-C-ROS-T2935    9/7/2026 3:55:48 PM ProcessModelError
Error Code: -17306, Unknown variable or property name.
Message: 'The post-expression for the step 'Statement' could not be evaluated.
Unknown variable or property name 'Parameters.UUTcorrect'.' at step 'Statement' in seq 'ProcessModelPostStepRuntimeError'

TST-C-ROS-T2935    9/7/2026 3:55:48 PM ProcessModelError
Error Code: -17306, Unknown variable or property name.
Message: 'The post-expression for the step 'Statement' could not be evaluated.
Unknown variable or property name 'Parameters.UUTcorrect'.' at step 'Statement' in seq 'ProcessModelPostStepRuntimeError'

TST-C-ROS-T2935    9/7/2026 3:55:49 PM ProcessModelError
Error Code: -17306, Unknown variable or property name.
Message: 'The post-expression for the step 'Statement' could not be evaluated.
Unknown variable or property name 'Parameters.UUTcorrect'.' at step 'Statement' in seq 'ProcessModelPostStepRuntimeError'

TST-C-ROS-T2935    9/7/2026 3:55:49 PM ProcessModelError
Error Code: -17306, Unknown variable or property name.
Message: 'The post-expression for the step 'Statement' could not be evaluated.
Unknown variable or property name 'Parameters.UUTcorrect'.' at step 'Statement' in seq 'ProcessModelPostStepRuntimeError'

TST-C-ROS-T2935    9/7/2026 3:55:49 PM ProcessModelError
Error Code: -17306, Unknown variable or property name.
Message: 'The post-expression for the step 'Statement' could not be evaluated.
Unknown variable or property name 'Parameters.UUTcorrect'.' at step 'Statement' in seq 'ProcessModelPostStepRuntimeError'

TST-C-ROS-T2935    9/7/2026 3:55:50 PM ProcessModelError
Error Code: -17306, Unknown variable or property name.
Message: 'The post-expression for the step 'Statement' could not be evaluated.
Unknown variable or property name 'Parameters.UUTcorrect'.' at step 'Statement' in seq 'ProcessModelPostStepRuntimeError'

TST-C-ROS-T2935    9/7/2026 3:55:50 PM ProcessModelError
Error Code: -17306, Unknown variable or property name.
Message: 'The post-expression for the step 'Statement' could not be evaluated.
Unknown variable or property name 'Parameters.UUTcorrect'.' at step 'Statement' in seq 'ProcessModelPostStepRuntimeError'

TST-C-ROS-T2935    9/7/2026 3:55:50 PM ProcessModelError
Error Code: -17306, Unknown variable or property name.
Message: 'The post-expression for the step 'Statement' could not be evaluated.
Unknown variable or property name 'Parameters.UUTcorrect'.' at step 'Statement' in seq 'ProcessModelPostStepRuntimeError'

TST-C-ROS-T2935    9/7/2026 3:55:51 PM ProcessModelError
Error Code: -17306, Unknown variable or property name.
Message: 'The post-expression for the step 'Statement' could not be evaluated.
Unknown variable or property name 'Parameters.UUTcorrect'.' at step 'Statement' in seq 'ProcessModelPostStepRuntimeError'

TST-C-ROS-T2935    9/7/2026 3:55:51 PM ProcessModelError
Error Code: -17306, Unknown variable or property name.
Message: 'The post-expression for the step 'Statement' could not be evaluated.
Unknown variable or property name 'Parameters.UUTcorrect'.' at step 'Statement' in seq 'ProcessModelPostStepRuntimeError'

TST-C-ROS-T2935    9/7/2026 3:55:51 PM ProcessModelError
Error Code: -17306, Unknown variable or property name.
Message: 'The post-expression for the step 'Statement' could not be evaluated.
Unknown variable or property name 'Parameters.UUTcorrect'.' at step 'Statement' in seq 'ProcessModelPostStepRuntimeError'

TST-C-ROS-T2935    9/7/2026 3:55:52 PM ProcessModelError
Error Code: -17306, Unknown variable or property name.
Message: 'The post-expression for the step 'Statement' could not be evaluated.
Unknown variable or property name 'Parameters.UUTcorrect'.' at step 'Statement' in seq 'ProcessModelPostStepRuntimeError'

TST-C-ROS-T2935    9/7/2026 3:55:52 PM ProcessModelError
Error Code: -17306, Unknown variable or property name.
Message: 'The post-expression for the step 'Statement' could not be evaluated.
Unknown variable or property name 'Parameters.UUTcorrect'.' at step 'Statement' in seq 'ProcessModelPostStepRuntimeError'

TST-C-ROS-T2935    9/7/2026 3:55:52 PM ProcessModelError
Error Code: -17306, Unknown variable or property name.
Message: 'The post-expression for the step 'Statement' could not be evaluated.
Unknown variable or property name 'Parameters.UUTcorrect'.' at step 'Statement' in seq 'ProcessModelPostStepRuntimeError'

TST-C-ROS-T2935    9/7/2026 3:55:53 PM ProcessModelError
Error Code: -17306, Unknown variable or property name.
Message: 'The post-expression for the step 'Statement' could not be evaluated.
Unknown variable or property name 'Parameters.UUTcorrect'.' at step 'Statement' in seq 'ProcessModelPostStepRuntimeError'

TST-C-ROS-T2935    9/7/2026 3:55:53 PM ProcessModelError
Error Code: -17306, Unknown variable or property name.
Message: 'The post-expression for the step 'Statement' could not be evaluated.
Unknown variable or property name 'Parameters.UUTcorrect'.' at step 'Statement' in seq 'ProcessModelPostStepRuntimeError'

TST-C-ROS-T2935    9/7/2026 3:55:53 PM ProcessModelError
Error Code: -17306, Unknown variable or property name.
Message: 'The post-expression for the step 'Statement' could not be evaluated.
Unknown variable or property name 'Parameters.UUTcorrect'.' at step 'Statement' in seq 'ProcessModelPostStepRuntimeError'

TST-C-ROS-T2935    9/7/2026 3:55:53 PM ProcessModelError
Error Code: -17306, Unknown variable or property name.
Message: 'The post-expression for the step 'Statement' could not be evaluated.
Unknown variable or property name 'Parameters.UUTcorrect'.' at step 'Statement' in seq 'ProcessModelPostStepRuntimeError'

TST-C-ROS-T2935    9/7/2026 3:55:54 PM ProcessModelError
Error Code: -17306, Unknown variable or property name.
Message: 'The post-expression for the step 'Statement' could not be evaluated.
Unknown variable or property name 'Parameters.UUTcorrect'.' at step 'Statement' in seq 'ProcessModelPostStepRuntimeError'

TST-C-ROS-T2935    9/7/2026 3:55:54 PM ProcessModelError
Error Code: -17306, Unknown variable or property name.
Message: 'The post-expression for the step 'Statement' could not be evaluated.
Unknown variable or property name 'Parameters.UUTcorrect'.' at step 'Statement' in seq 'ProcessModelPostStepRuntimeError'

TST-C-ROS-T2935    9/7/2026 3:55:54 PM ProcessModelError
Error Code: -17306, Unknown variable or property name.
Message: 'The post-expression for the step 'Statement' could not be evaluated.
Unknown variable or property name 'Parameters.UUTcorrect'.' at step 'Statement' in seq 'ProcessModelPostStepRuntimeError'

TST-C-ROS-T2935    9/7/2026 3:55:55 PM ProcessModelError
Error Code: -17306, Unknown variable or property name.
Message: 'The post-expression for the step 'Statement' could not be evaluated.
Unknown variable or property name 'Parameters.UUTcorrect'.' at step 'Statement' in seq 'ProcessModelPostStepRuntimeError'

TST-C-ROS-T2935    9/7/2026 3:55:55 PM ProcessModelError
Error Code: -17306, Unknown variable or property name.
Message: 'The post-expression for the step 'Statement' could not be evaluated.
Unknown variable or property name 'Parameters.UUTcorrect'.' at step 'Statement' in seq 'ProcessModelPostStepRuntimeError'

TST-C-ROS-T2935    9/7/2026 3:55:55 PM ProcessModelError
Error Code: -17306, Unknown variable or property name.
Message: 'The post-expression for the step 'Statement' could not be evaluated.
Unknown variable or property name 'Parameters.UUTcorrect'.' at step 'Statement' in seq 'ProcessModelPostStepRuntimeError'

TST-C-ROS-T2935    9/7/2026 3:55:56 PM ProcessModelError
Error Code: -17306, Unknown variable or property name.
Message: 'The post-expression for the step 'Statement' could not be evaluated.
Unknown variable or property name 'Parameters.UUTcorrect'.' at step 'Statement' in seq 'ProcessModelPostStepRuntimeError'

TST-C-ROS-T2935    9/7/2026 3:55:56 PM ProcessModelError
Error Code: -17306, Unknown variable or property name.
Message: 'The post-expression for the step 'Statement' could not be evaluated.
Unknown variable or property name 'Parameters.UUTcorrect'.' at step 'Statement' in seq 'ProcessModelPostStepRuntimeError'

TST-C-ROS-T2935    9/7/2026 3:55:56 PM ProcessModelError
Error Code: -17306, Unknown variable or property name.
Message: 'The post-expression for the step 'Statement' could not be evaluated.
Unknown variable or property name 'Parameters.UUTcorrect'.' at step 'Statement' in seq 'ProcessModelPostStepRuntimeError'

TST-C-ROS-T2935    9/7/2026 3:55:57 PM ProcessModelError
Error Code: -17306, Unknown variable or property name.
Message: 'The post-expression for the step 'Statement' could not be evaluated.
Unknown variable or property name 'Parameters.UUTcorrect'.' at step 'Statement' in seq 'ProcessModelPostStepRuntimeError'

TST-C-ROS-T2935    9/7/2026 3:55:57 PM ProcessModelError
Error Code: -17306, Unknown variable or property name.
Message: 'The post-expression for the step 'Statement' could not be evaluated.
Unknown variable or property name 'Parameters.UUTcorrect'.' at step 'Statement' in seq 'ProcessModelPostStepRuntimeError'

TST-C-ROS-T2935    9/7/2026 3:55:57 PM ProcessModelError
Error Code: -17306, Unknown variable or property name.
Message: 'The post-expression for the step 'Statement' could not be evaluated.
Unknown variable or property name 'Parameters.UUTcorrect'.' at step 'Statement' in seq 'ProcessModelPostStepRuntimeError'

TST-C-ROS-T2935    9/7/2026 3:55:58 PM ProcessModelError
Error Code: -17306, Unknown variable or property name.
Message: 'The post-expression for the step 'Statement' could not be evaluated.
Unknown variable or property name 'Parameters.UUTcorrect'.' at step 'Statement' in seq 'ProcessModelPostStepRuntimeError'

TST-C-ROS-T2935    9/7/2026 3:55:58 PM ProcessModelError
Error Code: -17306, Unknown variable or property name.
Message: 'The post-expression for the step 'Statement' could not be evaluated.
Unknown variable or property name 'Parameters.UUTcorrect'.' at step 'Statement' in seq 'ProcessModelPostStepRuntimeError'

TST-C-ROS-T2935    9/7/2026 3:55:58 PM ProcessModelError
Error Code: -17306, Unknown variable or property name.
Message: 'The post-expression for the step 'Statement' could not be evaluated.
Unknown variable or property name 'Parameters.UUTcorrect'.' at step 'Statement' in seq 'ProcessModelPostStepRuntimeError'

TST-C-ROS-T2935    9/7/2026 3:55:59 PM ProcessModelError
Error Code: -17306, Unknown variable or property name.
Message: 'The post-expression for the step 'Statement' could not be evaluated.
Unknown variable or property name 'Parameters.UUTcorrect'.' at step 'Statement' in seq 'ProcessModelPostStepRuntimeError'

TST-C-ROS-T2935    9/7/2026 3:55:59 PM ProcessModelError
Error Code: -17306, Unknown variable or property name.
Message: 'The post-expression for the step 'Statement' could not be evaluated.
Unknown variable or property name 'Parameters.UUTcorrect'.' at step 'Statement' in seq 'ProcessModelPostStepRuntimeError'

TST-C-ROS-T2935    9/7/2026 3:55:59 PM ProcessModelError
Error Code: -17306, Unknown variable or property name.
Message: 'The post-expression for the step 'Statement' could not be evaluated.
Unknown variable or property name 'Parameters.UUTcorrect'.' at step 'Statement' in seq 'ProcessModelPostStepRuntimeError'

TST-C-ROS-T2935    9/7/2026 3:56:00 PM ProcessModelError
Error Code: -17306, Unknown variable or property name.
Message: 'The post-expression for the step 'Statement' could not be evaluated.
Unknown variable or property name 'Parameters.UUTcorrect'.' at step 'Statement' in seq 'ProcessModelPostStepRuntimeError'

TST-C-ROS-T2935    9/7/2026 3:56:00 PM ProcessModelError
Error Code: -17306, Unknown variable or property name.
Message: 'The post-expression for the step 'Statement' could not be evaluated.
Unknown variable or property name 'Parameters.UUTcorrect'.' at step 'Statement' in seq 'ProcessModelPostStepRuntimeError'

TST-C-ROS-T2935    9/7/2026 3:56:00 PM ProcessModelError
Error Code: -17306, Unknown variable or property name.
Message: 'The post-expression for the step 'Statement' could not be evaluated.
Unknown variable or property name 'Parameters.UUTcorrect'.' at step 'Statement' in seq 'ProcessModelPostStepRuntimeError'

TST-C-ROS-T2935    9/7/2026 3:56:00 PM ProcessModelError
Error Code: -17306, Unknown variable or property name.
Message: 'The post-expression for the step 'Statement' could not be evaluated.
Unknown variable or property name 'Parameters.UUTcorrect'.' at step 'Statement' in seq 'ProcessModelPostStepRuntimeError'

TST-C-ROS-T2935    9/7/2026 3:56:01 PM ProcessModelError
Error Code: -17306, Unknown variable or property name.
Message: 'The post-expression for the step 'Statement' could not be evaluated.
Unknown variable or property name 'Parameters.UUTcorrect'.' at step 'Statement' in seq 'ProcessModelPostStepRuntimeError'

TST-C-ROS-T2935    9/7/2026 3:56:01 PM ProcessModelError
Error Code: -17306, Unknown variable or property name.
Message: 'The post-expression for the step 'Statement' could not be evaluated.
Unknown variable or property name 'Parameters.UUTcorrect'.' at step 'Statement' in seq 'ProcessModelPostStepRuntimeError'

TST-C-ROS-T2935    9/7/2026 3:56:01 PM ProcessModelError
Error Code: -17306, Unknown variable or property name.
Message: 'The post-expression for the step 'Statement' could not be evaluated.
Unknown variable or property name 'Parameters.UUTcorrect'.' at step 'Statement' in seq 'ProcessModelPostStepRuntimeError'

TST-C-ROS-T2935    9/7/2026 3:56:02 PM ProcessModelError
Error Code: -17306, Unknown variable or property name.
Message: 'The post-expression for the step 'Statement' could not be evaluated.
Unknown variable or property name 'Parameters.UUTcorrect'.' at step 'Statement' in seq 'ProcessModelPostStepRuntimeError'

TST-C-ROS-T2935    9/7/2026 3:56:02 PM ProcessModelError
Error Code: -17306, Unknown variable or property name.
Message: 'The post-expression for the step 'Statement' could not be evaluated.
Unknown variable or property name 'Parameters.UUTcorrect'.' at step 'Statement' in seq 'ProcessModelPostStepRuntimeError'

TST-C-ROS-T2935    9/7/2026 3:56:02 PM ProcessModelError
Error Code: -17306, Unknown variable or property name.
Message: 'The post-expression for the step 'Statement' could not be evaluated.
Unknown variable or property name 'Parameters.UUTcorrect'.' at step 'Statement' in seq 'ProcessModelPostStepRuntimeError'

TST-C-ROS-T2935    9/7/2026 3:56:03 PM ProcessModelError
Error Code: -17306, Unknown variable or property name.
Message: 'The post-expression for the step 'Statement' could not be evaluated.
Unknown variable or property name 'Parameters.UUTcorrect'.' at step 'Statement' in seq 'ProcessModelPostStepRuntimeError'

TST-C-ROS-T2935    9/7/2026 3:56:03 PM ProcessModelError
Error Code: -17306, Unknown variable or property name.
Message: 'The post-expression for the step 'Statement' could not be evaluated.
Unknown variable or property name 'Parameters.UUTcorrect'.' at step 'Statement' in seq 'ProcessModelPostStepRuntimeError'

TST-C-ROS-T2935    9/7/2026 3:56:03 PM ProcessModelError
Error Code: -17306, Unknown variable or property name.
Message: 'The post-expression for the step 'Statement' could not be evaluated.
Unknown variable or property name 'Parameters.UUTcorrect'.' at step 'Statement' in seq 'ProcessModelPostStepRuntimeError'

TST-C-ROS-T2935    9/7/2026 3:56:04 PM ProcessModelError
Error Code: -17306, Unknown variable or property name.
Message: 'The post-expression for the step 'Statement' could not be evaluated.
Unknown variable or property name 'Parameters.UUTcorrect'.' at step 'Statement' in seq 'ProcessModelPostStepRuntimeError'

TST-C-ROS-T2935    9/7/2026 3:56:04 PM ProcessModelError
Error Code: -17306, Unknown variable or property name.
Message: 'The post-expression for the step 'Statement' could not be evaluated.
Unknown variable or property name 'Parameters.UUTcorrect'.' at step 'Statement' in seq 'ProcessModelPostStepRuntimeError'

TST-C-ROS-T2935    9/7/2026 3:56:04 PM ProcessModelError
Error Code: -17306, Unknown variable or property name.
Message: 'The post-expression for the step 'Statement' could not be evaluated.
Unknown variable or property name 'Parameters.UUTcorrect'.' at step 'Statement' in seq 'ProcessModelPostStepRuntimeError'

TST-C-ROS-T2935    9/7/2026 3:56:05 PM ProcessModelError
Error Code: -17306, Unknown variable or property name.
Message: 'The post-expression for the step 'Statement' could not be evaluated.
Unknown variable or property name 'Parameters.UUTcorrect'.' at step 'Statement' in seq 'ProcessModelPostStepRuntimeError'

TST-C-ROS-T2935    9/7/2026 3:56:05 PM ProcessModelError
Error Code: -17306, Unknown variable or property name.
Message: 'The post-expression for the step 'Statement' could not be evaluated.
Unknown variable or property name 'Parameters.UUTcorrect'.' at step 'Statement' in seq 'ProcessModelPostStepRuntimeError'

TST-C-ROS-T2935    9/7/2026 3:56:05 PM ProcessModelError
Error Code: -17306, Unknown variable or property name.
Message: 'The post-expression for the step 'Statement' could not be evaluated.
Unknown variable or property name 'Parameters.UUTcorrect'.' at step 'Statement' in seq 'ProcessModelPostStepRuntimeError'

TST-C-ROS-T2935    9/7/2026 3:56:06 PM ProcessModelError
Error Code: -17306, Unknown variable or property name.
Message: 'The post-expression for the step 'Statement' could not be evaluated.
Unknown variable or property name 'Parameters.UUTcorrect'.' at step 'Statement' in seq 'ProcessModelPostStepRuntimeError'

TST-C-ROS-T2935    9/7/2026 3:56:06 PM ProcessModelError
Error Code: -17306, Unknown variable or property name.
Message: 'The post-expression for the step 'Statement' could not be evaluated.
Unknown variable or property name 'Parameters.UUTcorrect'.' at step 'Statement' in seq 'ProcessModelPostStepRuntimeError'

TST-C-ROS-T2935    9/7/2026 3:56:06 PM ProcessModelError
Error Code: -17306, Unknown variable or property name.
Message: 'The post-expression for the step 'Statement' could not be evaluated.
Unknown variable or property name 'Parameters.UUTcorrect'.' at step 'Statement' in seq 'ProcessModelPostStepRuntimeError'

TST-C-ROS-T2935    9/7/2026 3:56:07 PM ProcessModelError
Error Code: -17306, Unknown variable or property name.
Message: 'The post-expression for the step 'Statement' could not be evaluated.
Unknown variable or property name 'Parameters.UUTcorrect'.' at step 'Statement' in seq 'ProcessModelPostStepRuntimeError'

TST-C-ROS-T2935    9/7/2026 3:56:07 PM ProcessModelError
Error Code: -17306, Unknown variable or property name.
Message: 'The post-expression for the step 'Statement' could not be evaluated.
Unknown variable or property name 'Parameters.UUTcorrect'.' at step 'Statement' in seq 'ProcessModelPostStepRuntimeError'

TST-C-ROS-T2935    9/7/2026 3:56:07 PM ProcessModelError
Error Code: -17306, Unknown variable or property name.
Message: 'The post-expression for the step 'Statement' could not be evaluated.
Unknown variable or property name 'Parameters.UUTcorrect'.' at step 'Statement' in seq 'ProcessModelPostStepRuntimeError'

TST-C-ROS-T2935    9/7/2026 3:56:07 PM ProcessModelError
Error Code: -17306, Unknown variable or property name.
Message: 'The post-expression for the step 'Statement' could not be evaluated.
Unknown variable or property name 'Parameters.UUTcorrect'.' at step 'Statement' in seq 'ProcessModelPostStepRuntimeError'

TST-C-ROS-T2935    9/7/2026 3:56:08 PM ProcessModelError
Error Code: -17306, Unknown variable or property name.
Message: 'The post-expression for the step 'Statement' could not be evaluated.
Unknown variable or property name 'Parameters.UUTcorrect'.' at step 'Statement' in seq 'ProcessModelPostStepRuntimeError'

TST-C-ROS-T2935    9/7/2026 3:56:08 PM ProcessModelError
Error Code: -17306, Unknown variable or property name.
Message: 'The post-expression for the step 'Statement' could not be evaluated.
Unknown variable or property name 'Parameters.UUTcorrect'.' at step 'Statement' in seq 'ProcessModelPostStepRuntimeError'

TST-C-ROS-T2935    9/7/2026 3:56:08 PM ProcessModelError
Error Code: -17306, Unknown variable or property name.
Message: 'The post-expression for the step 'Statement' could not be evaluated.
Unknown variable or property name 'Parameters.UUTcorrect'.' at step 'Statement' in seq 'ProcessModelPostStepRuntimeError'

TST-C-ROS-T2935    9/7/2026 3:56:09 PM ProcessModelError
Error Code: -17306, Unknown variable or property name.
Message: 'The post-expression for the step 'Statement' could not be evaluated.
Unknown variable or property name 'Parameters.UUTcorrect'.' at step 'Statement' in seq 'ProcessModelPostStepRuntimeError'

TST-C-ROS-T2935    9/7/2026 3:56:09 PM ProcessModelError
Error Code: -17306, Unknown variable or property name.
Message: 'The post-expression for the step 'Statement' could not be evaluated.
Unknown variable or property name 'Parameters.UUTcorrect'.' at step 'Statement' in seq 'ProcessModelPostStepRuntimeError'

TST-C-ROS-T2935    9/7/2026 3:56:09 PM ProcessModelError
Error Code: -17306, Unknown variable or property name.
Message: 'The post-expression for the step 'Statement' could not be evaluated.
Unknown variable or property name 'Parameters.UUTcorrect'.' at step 'Statement' in seq 'ProcessModelPostStepRuntimeError'

TST-C-ROS-T2935    9/7/2026 3:56:10 PM ProcessModelError
Error Code: -17306, Unknown variable or property name.
Message: 'The post-expression for the step 'Statement' could not be evaluated.
Unknown variable or property name 'Parameters.UUTcorrect'.' at step 'Statement' in seq 'ProcessModelPostStepRuntimeError'

TST-C-ROS-T2935    9/7/2026 3:56:10 PM ProcessModelError
Error Code: -17306, Unknown variable or property name.
Message: 'The post-expression for the step 'Statement' could not be evaluated.
Unknown variable or property name 'Parameters.UUTcorrect'.' at step 'Statement' in seq 'ProcessModelPostStepRuntimeError'

TST-C-ROS-T2935    9/7/2026 3:56:10 PM ProcessModelError
Error Code: -17306, Unknown variable or property name.
Message: 'The post-expression for the step 'Statement' could not be evaluated.
Unknown variable or property name 'Parameters.UUTcorrect'.' at step 'Statement' in seq 'ProcessModelPostStepRuntimeError'

TST-C-ROS-T2935    9/7/2026 3:56:11 PM ProcessModelError
Error Code: -17306, Unknown variable or property name.
Message: 'The post-expression for the step 'Statement' could not be evaluated.
Unknown variable or property name 'Parameters.UUTcorrect'.' at step 'Statement' in seq 'ProcessModelPostStepRuntimeError'

TST-C-ROS-T2935    9/7/2026 3:56:11 PM ProcessModelError
Error Code: -17306, Unknown variable or property name.
Message: 'The post-expression for the step 'Statement' could not be evaluated.
Unknown variable or property name 'Parameters.UUTcorrect'.' at step 'Statement' in seq 'ProcessModelPostStepRuntimeError'

TST-C-ROS-T2935    9/7/2026 3:56:11 PM ProcessModelError
Error Code: -17306, Unknown variable or property name.
Message: 'The post-expression for the step 'Statement' could not be evaluated.
Unknown variable or property name 'Parameters.UUTcorrect'.' at step 'Statement' in seq 'ProcessModelPostStepRuntimeError'

TST-C-ROS-T2935    9/7/2026 3:56:12 PM ProcessModelError
Error Code: -17306, Unknown variable or property name.
Message: 'The post-expression for the step 'Statement' could not be evaluated.
Unknown variable or property name 'Parameters.UUTcorrect'.' at step 'Statement' in seq 'ProcessModelPostStepRuntimeError'

TST-C-ROS-T2935    9/7/2026 3:56:12 PM ProcessModelError
Error Code: -17306, Unknown variable or property name.
Message: 'The post-expression for the step 'Statement' could not be evaluated.
Unknown variable or property name 'Parameters.UUTcorrect'.' at step 'Statement' in seq 'ProcessModelPostStepRuntimeError'

TST-C-ROS-T2935    9/7/2026 3:56:12 PM ProcessModelError
Error Code: -17306, Unknown variable or property name.
Message: 'The post-expression for the step 'Statement' could not be evaluated.
Unknown variable or property name 'Parameters.UUTcorrect'.' at step 'Statement' in seq 'ProcessModelPostStepRuntimeError'

TST-C-ROS-T2935    9/7/2026 3:56:13 PM ProcessModelError
Error Code: -17306, Unknown variable or property name.
Message: 'The post-expression for the step 'Statement' could not be evaluated.
Unknown variable or property name 'Parameters.UUTcorrect'.' at step 'Statement' in seq 'ProcessModelPostStepRuntimeError'

TST-C-ROS-T2935    9/7/2026 3:56:13 PM ProcessModelError
Error Code: -17306, Unknown variable or property name.
Message: 'The post-expression for the step 'Statement' could not be evaluated.
Unknown variable or property name 'Parameters.UUTcorrect'.' at step 'Statement' in seq 'ProcessModelPostStepRuntimeError'

TST-C-ROS-T2935    9/7/2026 3:56:13 PM ProcessModelError
Error Code: -17306, Unknown variable or property name.
Message: 'The post-expression for the step 'Statement' could not be evaluated.
Unknown variable or property name 'Parameters.UUTcorrect'.' at step 'Statement' in seq 'ProcessModelPostStepRuntimeError'

TST-C-ROS-T2935    9/7/2026 3:56:14 PM ProcessModelError
Error Code: -17306, Unknown variable or property name.
Message: 'The post-expression for the step 'Statement' could not be evaluated.
Unknown variable or property name 'Parameters.UUTcorrect'.' at step 'Statement' in seq 'ProcessModelPostStepRuntimeError'

TST-C-ROS-T2935    9/7/2026 3:56:14 PM ProcessModelError
Error Code: -17306, Unknown variable or property name.
Message: 'The post-expression for the step 'Statement' could not be evaluated.
Unknown variable or property name 'Parameters.UUTcorrect'.' at step 'Statement' in seq 'ProcessModelPostStepRuntimeError'

TST-C-ROS-T2935    9/7/2026 3:56:14 PM ProcessModelError
Error Code: -17306, Unknown variable or property name.
Message: 'The post-expression for the step 'Statement' could not be evaluated.
Unknown variable or property name 'Parameters.UUTcorrect'.' at step 'Statement' in seq 'ProcessModelPostStepRuntimeError'

TST-C-ROS-T2935    9/7/2026 3:56:15 PM ProcessModelError
Error Code: -17306, Unknown variable or property name.
Message: 'The post-expression for the step 'Statement' could not be evaluated.
Unknown variable or property name 'Parameters.UUTcorrect'.' at step 'Statement' in seq 'ProcessModelPostStepRuntimeError'

TST-C-ROS-T2935    9/7/2026 3:56:15 PM ProcessModelError
Error Code: -17306, Unknown variable or property name.
Message: 'The post-expression for the step 'Statement' could not be evaluated.
Unknown variable or property name 'Parameters.UUTcorrect'.' at step 'Statement' in seq 'ProcessModelPostStepRuntimeError'

TST-C-ROS-T2935    9/7/2026 3:56:15 PM ProcessModelError
Error Code: -17306, Unknown variable or property name.
Message: 'The post-expression for the step 'Statement' could not be evaluated.
Unknown variable or property name 'Parameters.UUTcorrect'.' at step 'Statement' in seq 'ProcessModelPostStepRuntimeError'

TST-C-ROS-T2935    9/7/2026 3:56:15 PM ProcessModelError
Error Code: -17306, Unknown variable or property name.
Message: 'The post-expression for the step 'Statement' could not be evaluated.
Unknown variable or property name 'Parameters.UUTcorrect'.' at step 'Statement' in seq 'ProcessModelPostStepRuntimeError'

TST-C-ROS-T2935    9/7/2026 3:56:16 PM ProcessModelError
Error Code: -17306, Unknown variable or property name.
Message: 'The post-expression for the step 'Statement' could not be evaluated.
Unknown variable or property name 'Parameters.UUTcorrect'.' at step 'Statement' in seq 'ProcessModelPostStepRuntimeError'

TST-C-ROS-T2935    9/7/2026 3:56:16 PM ProcessModelError
Error Code: -17306, Unknown variable or property name.
Message: 'The post-expression for the step 'Statement' could not be evaluated.
Unknown variable or property name 'Parameters.UUTcorrect'.' at step 'Statement' in seq 'ProcessModelPostStepRuntimeError'

TST-C-ROS-T2935    9/7/2026 3:56:16 PM ProcessModelError
Error Code: -17306, Unknown variable or property name.
Message: 'The post-expression for the step 'Statement' could not be evaluated.
Unknown variable or property name 'Parameters.UUTcorrect'.' at step 'Statement' in seq 'ProcessModelPostStepRuntimeError'

TST-C-ROS-T2935    9/7/2026 3:56:17 PM ProcessModelError
Error Code: -17306, Unknown variable or property name.
Message: 'The post-expression for the step 'Statement' could not be evaluated.
Unknown variable or property name 'Parameters.UUTcorrect'.' at step 'Statement' in seq 'ProcessModelPostStepRuntimeError'

TST-C-ROS-T2935    9/7/2026 3:56:17 PM ProcessModelError
Error Code: -17306, Unknown variable or property name.
Message: 'The post-expression for the step 'Statement' could not be evaluated.
Unknown variable or property name 'Parameters.UUTcorrect'.' at step 'Statement' in seq 'ProcessModelPostStepRuntimeError'

TST-C-ROS-T2935    9/7/2026 3:56:17 PM ProcessModelError
Error Code: -17306, Unknown variable or property name.
Message: 'The post-expression for the step 'Statement' could not be evaluated.
Unknown variable or property name 'Parameters.UUTcorrect'.' at step 'Statement' in seq 'ProcessModelPostStepRuntimeError'

TST-C-ROS-T2935    9/7/2026 3:56:18 PM ProcessModelError
Error Code: -17306, Unknown variable or property name.
Message: 'The post-expression for the step 'Statement' could not be evaluated.
Unknown variable or property name 'Parameters.UUTcorrect'.' at step 'Statement' in seq 'ProcessModelPostStepRuntimeError'

TST-C-ROS-T2935    9/7/2026 3:56:18 PM ProcessModelError
Error Code: -17306, Unknown variable or property name.
Message: 'The post-expression for the step 'Statement' could not be evaluated.
Unknown variable or property name 'Parameters.UUTcorrect'.' at step 'Statement' in seq 'ProcessModelPostStepRuntimeError'

TST-C-ROS-T2935    9/7/2026 3:56:18 PM ProcessModelError
Error Code: -17306, Unknown variable or property name.
Message: 'The post-expression for the step 'Statement' could not be evaluated.
Unknown variable or property name 'Parameters.UUTcorrect'.' at step 'Statement' in seq 'ProcessModelPostStepRuntimeError'

TST-C-ROS-T2935    9/7/2026 3:56:19 PM ProcessModelError
Error Code: -17306, Unknown variable or property name.
Message: 'The post-expression for the step 'Statement' could not be evaluated.
Unknown variable or property name 'Parameters.UUTcorrect'.' at step 'Statement' in seq 'ProcessModelPostStepRuntimeError'

TST-C-ROS-T2935    9/7/2026 3:56:19 PM ProcessModelError
Error Code: -17306, Unknown variable or property name.
Message: 'The post-expression for the step 'Statement' could not be evaluated.
Unknown variable or property name 'Parameters.UUTcorrect'.' at step 'Statement' in seq 'ProcessModelPostStepRuntimeError'

TST-C-ROS-T2935    9/7/2026 3:56:19 PM ProcessModelError
Error Code: -17306, Unknown variable or property name.
Message: 'The post-expression for the step 'Statement' could not be evaluated.
Unknown variable or property name 'Parameters.UUTcorrect'.' at step 'Statement' in seq 'ProcessModelPostStepRuntimeError'

TST-C-ROS-T2935    9/7/2026 3:56:20 PM ProcessModelError
Error Code: -17306, Unknown variable or property name.
Message: 'The post-expression for the step 'Statement' could not be evaluated.
Unknown variable or property name 'Parameters.UUTcorrect'.' at step 'Statement' in seq 'ProcessModelPostStepRuntimeError'

TST-C-ROS-T2935    9/7/2026 3:56:20 PM ProcessModelError
Error Code: -17306, Unknown variable or property name.
Message: 'The post-expression for the step 'Statement' could not be evaluated.
Unknown variable or property name 'Parameters.UUTcorrect'.' at step 'Statement' in seq 'ProcessModelPostStepRuntimeError'

TST-C-ROS-T2935    9/7/2026 3:56:20 PM ProcessModelError
Error Code: -17306, Unknown variable or property name.
Message: 'The post-expression for the step 'Statement' could not be evaluated.
Unknown variable or property name 'Parameters.UUTcorrect'.' at step 'Statement' in seq 'ProcessModelPostStepRuntimeError'

TST-C-ROS-T2935    9/7/2026 3:56:21 PM ProcessModelError
Error Code: -17306, Unknown variable or property name.
Message: 'The post-expression for the step 'Statement' could not be evaluated.
Unknown variable or property name 'Parameters.UUTcorrect'.' at step 'Statement' in seq 'ProcessModelPostStepRuntimeError'

TST-C-ROS-T2935    9/7/2026 3:56:21 PM ProcessModelError
Error Code: -17306, Unknown variable or property name.
Message: 'The post-expression for the step 'Statement' could not be evaluated.
Unknown variable or property name 'Parameters.UUTcorrect'.' at step 'Statement' in seq 'ProcessModelPostStepRuntimeError'

TST-C-ROS-T2935    9/7/2026 3:56:21 PM ProcessModelError
Error Code: -17306, Unknown variable or property name.
Message: 'The post-expression for the step 'Statement' could not be evaluated.
Unknown variable or property name 'Parameters.UUTcorrect'.' at step 'Statement' in seq 'ProcessModelPostStepRuntimeError'

TST-C-ROS-T2935    9/7/2026 3:56:22 PM ProcessModelError
Error Code: -17306, Unknown variable or property name.
Message: 'The post-expression for the step 'Statement' could not be evaluated.
Unknown variable or property name 'Parameters.UUTcorrect'.' at step 'Statement' in seq 'ProcessModelPostStepRuntimeError'

TST-C-ROS-T2935    9/7/2026 3:56:22 PM ProcessModelError
Error Code: -17306, Unknown variable or property name.
Message: 'The post-expression for the step 'Statement' could not be evaluated.
Unknown variable or property name 'Parameters.UUTcorrect'.' at step 'Statement' in seq 'ProcessModelPostStepRuntimeError'

TST-C-ROS-T2935    9/7/2026 3:56:22 PM ProcessModelError
Error Code: -17306, Unknown variable or property name.
Message: 'The post-expression for the step 'Statement' could not be evaluated.
Unknown variable or property name 'Parameters.UUTcorrect'.' at step 'Statement' in seq 'ProcessModelPostStepRuntimeError'

TST-C-ROS-T2935    9/7/2026 3:56:22 PM ProcessModelError
Error Code: -17306, Unknown variable or property name.
Message: 'The post-expression for the step 'Statement' could not be evaluated.
Unknown variable or property name 'Parameters.UUTcorrect'.' at step 'Statement' in seq 'ProcessModelPostStepRuntimeError'

TST-C-ROS-T2935    9/7/2026 3:56:23 PM ProcessModelError
Error Code: -17306, Unknown variable or property name.
Message: 'The post-expression for the step 'Statement' could not be evaluated.
Unknown variable or property name 'Parameters.UUTcorrect'.' at step 'Statement' in seq 'ProcessModelPostStepRuntimeError'

TST-C-ROS-T2935    9/7/2026 3:56:23 PM ProcessModelError
Error Code: -17306, Unknown variable or property name.
Message: 'The post-expression for the step 'Statement' could not be evaluated.
Unknown variable or property name 'Parameters.UUTcorrect'.' at step 'Statement' in seq 'ProcessModelPostStepRuntimeError'

TST-C-ROS-T2935    9/7/2026 3:56:23 PM ProcessModelError
Error Code: -17306, Unknown variable or property name.
Message: 'The post-expression for the step 'Statement' could not be evaluated.
Unknown variable or property name 'Parameters.UUTcorrect'.' at step 'Statement' in seq 'ProcessModelPostStepRuntimeError'

TST-C-ROS-T2935    9/7/2026 3:56:24 PM ProcessModelError
Error Code: -17306, Unknown variable or property name.
Message: 'The post-expression for the step 'Statement' could not be evaluated.
Unknown variable or property name 'Parameters.UUTcorrect'.' at step 'Statement' in seq 'ProcessModelPostStepRuntimeError'

TST-C-ROS-T2935    9/7/2026 3:56:24 PM ProcessModelError
Error Code: -17306, Unknown variable or property name.
Message: 'The post-expression for the step 'Statement' could not be evaluated.
Unknown variable or property name 'Parameters.UUTcorrect'.' at step 'Statement' in seq 'ProcessModelPostStepRuntimeError'

TST-C-ROS-T2935    9/7/2026 3:56:24 PM ProcessModelError
Error Code: -17306, Unknown variable or property name.
Message: 'The post-expression for the step 'Statement' could not be evaluated.
Unknown variable or property name 'Parameters.UUTcorrect'.' at step 'Statement' in seq 'ProcessModelPostStepRuntimeError'

TST-C-ROS-T2935    9/7/2026 3:56:25 PM ProcessModelError
Error Code: -17306, Unknown variable or property name.
Message: 'The post-expression for the step 'Statement' could not be evaluated.
Unknown variable or property name 'Parameters.UUTcorrect'.' at step 'Statement' in seq 'ProcessModelPostStepRuntimeError'

TST-C-ROS-T2935    9/7/2026 3:56:25 PM ProcessModelError
Error Code: -17306, Unknown variable or property name.
Message: 'The post-expression for the step 'Statement' could not be evaluated.
Unknown variable or property name 'Parameters.UUTcorrect'.' at step 'Statement' in seq 'ProcessModelPostStepRuntimeError'

TST-C-ROS-T2935    9/7/2026 3:56:25 PM ProcessModelError
Error Code: -17306, Unknown variable or property name.
Message: 'The post-expression for the step 'Statement' could not be evaluated.
Unknown variable or property name 'Parameters.UUTcorrect'.' at step 'Statement' in seq 'ProcessModelPostStepRuntimeError'

TST-C-ROS-T2935    9/7/2026 3:56:26 PM ProcessModelError
Error Code: -17306, Unknown variable or property name.
Message: 'The post-expression for the step 'Statement' could not be evaluated.
Unknown variable or property name 'Parameters.UUTcorrect'.' at step 'Statement' in seq 'ProcessModelPostStepRuntimeError'

TST-C-ROS-T2935    9/7/2026 3:56:26 PM ProcessModelError
Error Code: -17306, Unknown variable or property name.
Message: 'The post-expression for the step 'Statement' could not be evaluated.
Unknown variable or property name 'Parameters.UUTcorrect'.' at step 'Statement' in seq 'ProcessModelPostStepRuntimeError'

TST-C-ROS-T2935    9/7/2026 3:56:26 PM ProcessModelError
Error Code: -17306, Unknown variable or property name.
Message: 'The post-expression for the step 'Statement' could not be evaluated.
Unknown variable or property name 'Parameters.UUTcorrect'.' at step 'Statement' in seq 'ProcessModelPostStepRuntimeError'

TST-C-ROS-T2935    9/7/2026 3:56:27 PM ProcessModelError
Error Code: -17306, Unknown variable or property name.
Message: 'The post-expression for the step 'Statement' could not be evaluated.
Unknown variable or property name 'Parameters.UUTcorrect'.' at step 'Statement' in seq 'ProcessModelPostStepRuntimeError'

TST-C-ROS-T2935    9/7/2026 3:56:27 PM ProcessModelError
Error Code: -17306, Unknown variable or property name.
Message: 'The post-expression for the step 'Statement' could not be evaluated.
Unknown variable or property name 'Parameters.UUTcorrect'.' at step 'Statement' in seq 'ProcessModelPostStepRuntimeError'

TST-C-ROS-T2935    9/7/2026 3:56:27 PM ProcessModelError
Error Code: -17306, Unknown variable or property name.
Message: 'The post-expression for the step 'Statement' could not be evaluated.
Unknown variable or property name 'Parameters.UUTcorrect'.' at step 'Statement' in seq 'ProcessModelPostStepRuntimeError'

TST-C-ROS-T2935    9/7/2026 3:56:28 PM ProcessModelError
Error Code: -17306, Unknown variable or property name.
Message: 'The post-expression for the step 'Statement' could not be evaluated.
Unknown variable or property name 'Parameters.UUTcorrect'.' at step 'Statement' in seq 'ProcessModelPostStepRuntimeError'

TST-C-ROS-T2935    9/7/2026 3:56:28 PM ProcessModelError
Error Code: -17306, Unknown variable or property name.
Message: 'The post-expression for the step 'Statement' could not be evaluated.
Unknown variable or property name 'Parameters.UUTcorrect'.' at step 'Statement' in seq 'ProcessModelPostStepRuntimeError'

TST-C-ROS-T2935    9/7/2026 3:56:28 PM ProcessModelError
Error Code: -17306, Unknown variable or property name.
Message: 'The post-expression for the step 'Statement' could not be evaluated.
Unknown variable or property name 'Parameters.UUTcorrect'.' at step 'Statement' in seq 'ProcessModelPostStepRuntimeError'

TST-C-ROS-T2935    9/7/2026 3:56:29 PM ProcessModelError
Error Code: -17306, Unknown variable or property name.
Message: 'The post-expression for the step 'Statement' could not be evaluated.
Unknown variable or property name 'Parameters.UUTcorrect'.' at step 'Statement' in seq 'ProcessModelPostStepRuntimeError'

TST-C-ROS-T2935    9/7/2026 3:56:29 PM ProcessModelError
Error Code: -17306, Unknown variable or property name.
Message: 'The post-expression for the step 'Statement' could not be evaluated.
Unknown variable or property name 'Parameters.UUTcorrect'.' at step 'Statement' in seq 'ProcessModelPostStepRuntimeError'

TST-C-ROS-T2935    9/7/2026 3:56:29 PM ProcessModelError
Error Code: -17306, Unknown variable or property name.
Message: 'The post-expression for the step 'Statement' could not be evaluated.
Unknown variable or property name 'Parameters.UUTcorrect'.' at step 'Statement' in seq 'ProcessModelPostStepRuntimeError'

TST-C-ROS-T2935    9/7/2026 3:56:30 PM ProcessModelError
Error Code: -17306, Unknown variable or property name.
Message: 'The post-expression for the step 'Statement' could not be evaluated.
Unknown variable or property name 'Parameters.UUTcorrect'.' at step 'Statement' in seq 'ProcessModelPostStepRuntimeError'

TST-C-ROS-T2935    9/7/2026 3:56:30 PM ProcessModelError
Error Code: -17306, Unknown variable or property name.
Message: 'The post-expression for the step 'Statement' could not be evaluated.
Unknown variable or property name 'Parameters.UUTcorrect'.' at step 'Statement' in seq 'ProcessModelPostStepRuntimeError'

TST-C-ROS-T2935    9/7/2026 3:56:30 PM ProcessModelError
Error Code: -17306, Unknown variable or property name.
Message: 'The post-expression for the step 'Statement' could not be evaluated.
Unknown variable or property name 'Parameters.UUTcorrect'.' at step 'Statement' in seq 'ProcessModelPostStepRuntimeError'

TST-C-ROS-T2935    9/7/2026 3:56:30 PM ProcessModelError
Error Code: -17306, Unknown variable or property name.
Message: 'The post-expression for the step 'Statement' could not be evaluated.
Unknown variable or property name 'Parameters.UUTcorrect'.' at step 'Statement' in seq 'ProcessModelPostStepRuntimeError'

TST-C-ROS-T2935    9/7/2026 3:56:31 PM ProcessModelError
Error Code: -17306, Unknown variable or property name.
Message: 'The post-expression for the step 'Statement' could not be evaluated.
Unknown variable or property name 'Parameters.UUTcorrect'.' at step 'Statement' in seq 'ProcessModelPostStepRuntimeError'

TST-C-ROS-T2935    9/7/2026 3:56:31 PM ProcessModelError
Error Code: -17306, Unknown variable or property name.
Message: 'The post-expression for the step 'Statement' could not be evaluated.
Unknown variable or property name 'Parameters.UUTcorrect'.' at step 'Statement' in seq 'ProcessModelPostStepRuntimeError'

TST-C-ROS-T2935    9/7/2026 3:56:31 PM ProcessModelError
Error Code: -17306, Unknown variable or property name.
Message: 'The post-expression for the step 'Statement' could not be evaluated.
Unknown variable or property name 'Parameters.UUTcorrect'.' at step 'Statement' in seq 'ProcessModelPostStepRuntimeError'

TST-C-ROS-T2935    9/7/2026 3:56:32 PM ProcessModelError
Error Code: -17306, Unknown variable or property name.
Message: 'The post-expression for the step 'Statement' could not be evaluated.
Unknown variable or property name 'Parameters.UUTcorrect'.' at step 'Statement' in seq 'ProcessModelPostStepRuntimeError'

TST-C-ROS-T2935    9/7/2026 3:56:32 PM ProcessModelError
Error Code: -17306, Unknown variable or property name.
Message: 'The post-expression for the step 'Statement' could not be evaluated.
Unknown variable or property name 'Parameters.UUTcorrect'.' at step 'Statement' in seq 'ProcessModelPostStepRuntimeError'

TST-C-ROS-T2935    9/7/2026 3:56:32 PM ProcessModelError
Error Code: -17306, Unknown variable or property name.
Message: 'The post-expression for the step 'Statement' could not be evaluated.
Unknown variable or property name 'Parameters.UUTcorrect'.' at step 'Statement' in seq 'ProcessModelPostStepRuntimeError'

TST-C-ROS-T2935    9/7/2026 3:56:33 PM ProcessModelError
Error Code: -17306, Unknown variable or property name.
Message: 'The post-expression for the step 'Statement' could not be evaluated.
Unknown variable or property name 'Parameters.UUTcorrect'.' at step 'Statement' in seq 'ProcessModelPostStepRuntimeError'

TST-C-ROS-T2935    9/7/2026 3:56:33 PM ProcessModelError
Error Code: -17306, Unknown variable or property name.
Message: 'The post-expression for the step 'Statement' could not be evaluated.
Unknown variable or property name 'Parameters.UUTcorrect'.' at step 'Statement' in seq 'ProcessModelPostStepRuntimeError'

TST-C-ROS-T2935    9/7/2026 3:56:33 PM ProcessModelError
Error Code: -17306, Unknown variable or property name.
Message: 'The post-expression for the step 'Statement' could not be evaluated.
Unknown variable or property name 'Parameters.UUTcorrect'.' at step 'Statement' in seq 'ProcessModelPostStepRuntimeError'

TST-C-ROS-T2935    9/7/2026 3:56:34 PM ProcessModelError
Error Code: -17306, Unknown variable or property name.
Message: 'The post-expression for the step 'Statement' could not be evaluated.
Unknown variable or property name 'Parameters.UUTcorrect'.' at step 'Statement' in seq 'ProcessModelPostStepRuntimeError'

TST-C-ROS-T2935    9/7/2026 3:56:34 PM ProcessModelError
Error Code: -17306, Unknown variable or property name.
Message: 'The post-expression for the step 'Statement' could not be evaluated.
Unknown variable or property name 'Parameters.UUTcorrect'.' at step 'Statement' in seq 'ProcessModelPostStepRuntimeError'

TST-C-ROS-T2935    9/7/2026 3:56:34 PM ProcessModelError
Error Code: -17306, Unknown variable or property name.
Message: 'The post-expression for the step 'Statement' could not be evaluated.
Unknown variable or property name 'Parameters.UUTcorrect'.' at step 'Statement' in seq 'ProcessModelPostStepRuntimeError'

TST-C-ROS-T2935    9/7/2026 3:56:35 PM ProcessModelError
Error Code: -17306, Unknown variable or property name.
Message: 'The post-expression for the step 'Statement' could not be evaluated.
Unknown variable or property name 'Parameters.UUTcorrect'.' at step 'Statement' in seq 'ProcessModelPostStepRuntimeError'

TST-C-ROS-T2935    9/7/2026 3:56:35 PM ProcessModelError
Error Code: -17306, Unknown variable or property name.
Message: 'The post-expression for the step 'Statement' could not be evaluated.
Unknown variable or property name 'Parameters.UUTcorrect'.' at step 'Statement' in seq 'ProcessModelPostStepRuntimeError'

TST-C-ROS-T2935    9/7/2026 3:56:35 PM ProcessModelError
Error Code: -17306, Unknown variable or property name.
Message: 'The post-expression for the step 'Statement' could not be evaluated.
Unknown variable or property name 'Parameters.UUTcorrect'.' at step 'Statement' in seq 'ProcessModelPostStepRuntimeError'

TST-C-ROS-T2935    9/7/2026 3:56:36 PM ProcessModelError
Error Code: -17306, Unknown variable or property name.
Message: 'The post-expression for the step 'Statement' could not be evaluated.
Unknown variable or property name 'Parameters.UUTcorrect'.' at step 'Statement' in seq 'ProcessModelPostStepRuntimeError'

TST-C-ROS-T2935    9/7/2026 3:56:36 PM ProcessModelError
Error Code: -17306, Unknown variable or property name.
Message: 'The post-expression for the step 'Statement' could not be evaluated.
Unknown variable or property name 'Parameters.UUTcorrect'.' at step 'Statement' in seq 'ProcessModelPostStepRuntimeError'

TST-C-ROS-T2935    9/7/2026 3:56:36 PM ProcessModelError
Error Code: -17306, Unknown variable or property name.
Message: 'The post-expression for the step 'Statement' could not be evaluated.
Unknown variable or property name 'Parameters.UUTcorrect'.' at step 'Statement' in seq 'ProcessModelPostStepRuntimeError'

TST-C-ROS-T2935    9/7/2026 3:56:37 PM ProcessModelError
Error Code: -17306, Unknown variable or property name.
Message: 'The post-expression for the step 'Statement' could not be evaluated.
Unknown variable or property name 'Parameters.UUTcorrect'.' at step 'Statement' in seq 'ProcessModelPostStepRuntimeError'

TST-C-ROS-T2935    9/7/2026 3:56:37 PM ProcessModelError
Error Code: -17306, Unknown variable or property name.
Message: 'The post-expression for the step 'Statement' could not be evaluated.
Unknown variable or property name 'Parameters.UUTcorrect'.' at step 'Statement' in seq 'ProcessModelPostStepRuntimeError'

TST-C-ROS-T2935    9/7/2026 3:56:37 PM ProcessModelError
Error Code: -17306, Unknown variable or property name.
Message: 'The post-expression for the step 'Statement' could not be evaluated.
Unknown variable or property name 'Parameters.UUTcorrect'.' at step 'Statement' in seq 'ProcessModelPostStepRuntimeError'

TST-C-ROS-T2935    9/7/2026 3:56:38 PM ProcessModelError
Error Code: -17306, Unknown variable or property name.
Message: 'The post-expression for the step 'Statement' could not be evaluated.
Unknown variable or property name 'Parameters.UUTcorrect'.' at step 'Statement' in seq 'ProcessModelPostStepRuntimeError'

TST-C-ROS-T2935    9/7/2026 3:56:38 PM ProcessModelError
Error Code: -17306, Unknown variable or property name.
Message: 'The post-expression for the step 'Statement' could not be evaluated.
Unknown variable or property name 'Parameters.UUTcorrect'.' at step 'Statement' in seq 'ProcessModelPostStepRuntimeError'

TST-C-ROS-T2935    9/7/2026 3:56:38 PM ProcessModelError
Error Code: -17306, Unknown variable or property name.
Message: 'The post-expression for the step 'Statement' could not be evaluated.
Unknown variable or property name 'Parameters.UUTcorrect'.' at step 'Statement' in seq 'ProcessModelPostStepRuntimeError'

TST-C-ROS-T2935    9/7/2026 3:56:38 PM ProcessModelError
Error Code: -17306, Unknown variable or property name.
Message: 'The post-expression for the step 'Statement' could not be evaluated.
Unknown variable or property name 'Parameters.UUTcorrect'.' at step 'Statement' in seq 'ProcessModelPostStepRuntimeError'

TST-C-ROS-T2935    9/7/2026 3:56:39 PM ProcessModelError
Error Code: -17306, Unknown variable or property name.
Message: 'The post-expression for the step 'Statement' could not be evaluated.
Unknown variable or property name 'Parameters.UUTcorrect'.' at step 'Statement' in seq 'ProcessModelPostStepRuntimeError'

TST-C-ROS-T2935    9/7/2026 3:56:39 PM ProcessModelError
Error Code: -17306, Unknown variable or property name.
Message: 'The post-expression for the step 'Statement' could not be evaluated.
Unknown variable or property name 'Parameters.UUTcorrect'.' at step 'Statement' in seq 'ProcessModelPostStepRuntimeError'

TST-C-ROS-T2935    9/7/2026 3:56:39 PM ProcessModelError
Error Code: -17306, Unknown variable or property name.
Message: 'The post-expression for the step 'Statement' could not be evaluated.
Unknown variable or property name 'Parameters.UUTcorrect'.' at step 'Statement' in seq 'ProcessModelPostStepRuntimeError'

TST-C-ROS-T2935    9/7/2026 3:56:40 PM ProcessModelError
Error Code: -17306, Unknown variable or property name.
Message: 'The post-expression for the step 'Statement' could not be evaluated.
Unknown variable or property name 'Parameters.UUTcorrect'.' at step 'Statement' in seq 'ProcessModelPostStepRuntimeError'

TST-C-ROS-T2935    9/7/2026 3:56:40 PM ProcessModelError
Error Code: -17306, Unknown variable or property name.
Message: 'The post-expression for the step 'Statement' could not be evaluated.
Unknown variable or property name 'Parameters.UUTcorrect'.' at step 'Statement' in seq 'ProcessModelPostStepRuntimeError'

TST-C-ROS-T2935    9/7/2026 3:56:40 PM ProcessModelError
Error Code: -17306, Unknown variable or property name.
Message: 'The post-expression for the step 'Statement' could not be evaluated.
Unknown variable or property name 'Parameters.UUTcorrect'.' at step 'Statement' in seq 'ProcessModelPostStepRuntimeError'

TST-C-ROS-T2935    9/7/2026 3:56:41 PM ProcessModelError
Error Code: -17306, Unknown variable or property name.
Message: 'The post-expression for the step 'Statement' could not be evaluated.
Unknown variable or property name 'Parameters.UUTcorrect'.' at step 'Statement' in seq 'ProcessModelPostStepRuntimeError'

TST-C-ROS-T2935    9/7/2026 3:56:41 PM ProcessModelError
Error Code: -17306, Unknown variable or property name.
Message: 'The post-expression for the step 'Statement' could not be evaluated.
Unknown variable or property name 'Parameters.UUTcorrect'.' at step 'Statement' in seq 'ProcessModelPostStepRuntimeError'

TST-C-ROS-T2935    9/7/2026 3:56:41 PM ProcessModelError
Error Code: -17306, Unknown variable or property name.
Message: 'The post-expression for the step 'Statement' could not be evaluated.
Unknown variable or property name 'Parameters.UUTcorrect'.' at step 'Statement' in seq 'ProcessModelPostStepRuntimeError'

TST-C-ROS-T2935    9/7/2026 3:56:42 PM ProcessModelError
Error Code: -17306, Unknown variable or property name.
Message: 'The post-expression for the step 'Statement' could not be evaluated.
Unknown variable or property name 'Parameters.UUTcorrect'.' at step 'Statement' in seq 'ProcessModelPostStepRuntimeError'

TST-C-ROS-T2935    9/7/2026 3:56:42 PM ProcessModelError
Error Code: -17306, Unknown variable or property name.
Message: 'The post-expression for the step 'Statement' could not be evaluated.
Unknown variable or property name 'Parameters.UUTcorrect'.' at step 'Statement' in seq 'ProcessModelPostStepRuntimeError'

TST-C-ROS-T2935    9/7/2026 3:56:42 PM ProcessModelError
Error Code: -17306, Unknown variable or property name.
Message: 'The post-expression for the step 'Statement' could not be evaluated.
Unknown variable or property name 'Parameters.UUTcorrect'.' at step 'Statement' in seq 'ProcessModelPostStepRuntimeError'

TST-C-ROS-T2935    9/7/2026 3:56:43 PM ProcessModelError
Error Code: -17306, Unknown variable or property name.
Message: 'The post-expression for the step 'Statement' could not be evaluated.
Unknown variable or property name 'Parameters.UUTcorrect'.' at step 'Statement' in seq 'ProcessModelPostStepRuntimeError'

TST-C-ROS-T2935    9/7/2026 3:56:43 PM ProcessModelError
Error Code: -17306, Unknown variable or property name.
Message: 'The post-expression for the step 'Statement' could not be evaluated.
Unknown variable or property name 'Parameters.UUTcorrect'.' at step 'Statement' in seq 'ProcessModelPostStepRuntimeError'

TST-C-ROS-T2935    9/7/2026 3:56:43 PM ProcessModelError
Error Code: -17306, Unknown variable or property name.
Message: 'The post-expression for the step 'Statement' could not be evaluated.
Unknown variable or property name 'Parameters.UUTcorrect'.' at step 'Statement' in seq 'ProcessModelPostStepRuntimeError'

TST-C-ROS-T2935    9/7/2026 3:56:44 PM ProcessModelError
Error Code: -17306, Unknown variable or property name.
Message: 'The post-expression for the step 'Statement' could not be evaluated.
Unknown variable or property name 'Parameters.UUTcorrect'.' at step 'Statement' in seq 'ProcessModelPostStepRuntimeError'

TST-C-ROS-T2935    9/7/2026 3:56:44 PM ProcessModelError
Error Code: -17306, Unknown variable or property name.
Message: 'The post-expression for the step 'Statement' could not be evaluated.
Unknown variable or property name 'Parameters.UUTcorrect'.' at step 'Statement' in seq 'ProcessModelPostStepRuntimeError'

TST-C-ROS-T2935    9/7/2026 3:56:44 PM ProcessModelError
Error Code: -17306, Unknown variable or property name.
Message: 'The post-expression for the step 'Statement' could not be evaluated.
Unknown variable or property name 'Parameters.UUTcorrect'.' at step 'Statement' in seq 'ProcessModelPostStepRuntimeError'

TST-C-ROS-T2935    9/7/2026 3:56:45 PM ProcessModelError
Error Code: -17306, Unknown variable or property name.
Message: 'The post-expression for the step 'Statement' could not be evaluated.
Unknown variable or property name 'Parameters.UUTcorrect'.' at step 'Statement' in seq 'ProcessModelPostStepRuntimeError'

TST-C-ROS-T2935    9/7/2026 3:56:45 PM ProcessModelError
Error Code: -17306, Unknown variable or property name.
Message: 'The post-expression for the step 'Statement' could not be evaluated.
Unknown variable or property name 'Parameters.UUTcorrect'.' at step 'Statement' in seq 'ProcessModelPostStepRuntimeError'

TST-C-ROS-T2935    9/7/2026 3:56:45 PM ProcessModelError
Error Code: -17306, Unknown variable or property name.
Message: 'The post-expression for the step 'Statement' could not be evaluated.
Unknown variable or property name 'Parameters.UUTcorrect'.' at step 'Statement' in seq 'ProcessModelPostStepRuntimeError'

TST-C-ROS-T2935    9/7/2026 3:56:46 PM ProcessModelError
Error Code: -17306, Unknown variable or property name.
Message: 'The post-expression for the step 'Statement' could not be evaluated.
Unknown variable or property name 'Parameters.UUTcorrect'.' at step 'Statement' in seq 'ProcessModelPostStepRuntimeError'

TST-C-ROS-T2935    9/7/2026 3:56:46 PM ProcessModelError
Error Code: -17306, Unknown variable or property name.
Message: 'The post-expression for the step 'Statement' could not be evaluated.
Unknown variable or property name 'Parameters.UUTcorrect'.' at step 'Statement' in seq 'ProcessModelPostStepRuntimeError'

TST-C-ROS-T2935    9/7/2026 3:56:46 PM ProcessModelError
Error Code: -17306, Unknown variable or property name.
Message: 'The post-expression for the step 'Statement' could not be evaluated.
Unknown variable or property name 'Parameters.UUTcorrect'.' at step 'Statement' in seq 'ProcessModelPostStepRuntimeError'

TST-C-ROS-T2935    9/7/2026 3:56:46 PM ProcessModelError
Error Code: -17306, Unknown variable or property name.
Message: 'The post-expression for the step 'Statement' could not be evaluated.
Unknown variable or property name 'Parameters.UUTcorrect'.' at step 'Statement' in seq 'ProcessModelPostStepRuntimeError'

TST-C-ROS-T2935    9/7/2026 3:56:47 PM ProcessModelError
Error Code: -17306, Unknown variable or property name.
Message: 'The post-expression for the step 'Statement' could not be evaluated.
Unknown variable or property name 'Parameters.UUTcorrect'.' at step 'Statement' in seq 'ProcessModelPostStepRuntimeError'

TST-C-ROS-T2935    9/7/2026 3:56:47 PM ProcessModelError
Error Code: -17306, Unknown variable or property name.
Message: 'The post-expression for the step 'Statement' could not be evaluated.
Unknown variable or property name 'Parameters.UUTcorrect'.' at step 'Statement' in seq 'ProcessModelPostStepRuntimeError'

TST-C-ROS-T2935    9/7/2026 3:56:47 PM ProcessModelError
Error Code: -17306, Unknown variable or property name.
Message: 'The post-expression for the step 'Statement' could not be evaluated.
Unknown variable or property name 'Parameters.UUTcorrect'.' at step 'Statement' in seq 'ProcessModelPostStepRuntimeError'

TST-C-ROS-T2935    9/7/2026 3:56:48 PM ProcessModelError
Error Code: -17306, Unknown variable or property name.
Message: 'The post-expression for the step 'Statement' could not be evaluated.
Unknown variable or property name 'Parameters.UUTcorrect'.' at step 'Statement' in seq 'ProcessModelPostStepRuntimeError'

TST-C-ROS-T2935    9/7/2026 3:56:48 PM ProcessModelError
Error Code: -17306, Unknown variable or property name.
Message: 'The post-expression for the step 'Statement' could not be evaluated.
Unknown variable or property name 'Parameters.UUTcorrect'.' at step 'Statement' in seq 'ProcessModelPostStepRuntimeError'

TST-C-ROS-T2935    9/7/2026 3:56:48 PM ProcessModelError
Error Code: -17306, Unknown variable or property name.
Message: 'The post-expression for the step 'Statement' could not be evaluated.
Unknown variable or property name 'Parameters.UUTcorrect'.' at step 'Statement' in seq 'ProcessModelPostStepRuntimeError'

TST-C-ROS-T2935    9/7/2026 3:56:49 PM ProcessModelError
Error Code: -17306, Unknown variable or property name.
Message: 'The post-expression for the step 'Statement' could not be evaluated.
Unknown variable or property name 'Parameters.UUTcorrect'.' at step 'Statement' in seq 'ProcessModelPostStepRuntimeError'

TST-C-ROS-T2935    9/7/2026 3:56:49 PM ProcessModelError
Error Code: -17306, Unknown variable or property name.
Message: 'The post-expression for the step 'Statement' could not be evaluated.
Unknown variable or property name 'Parameters.UUTcorrect'.' at step 'Statement' in seq 'ProcessModelPostStepRuntimeError'

TST-C-ROS-T2935    9/7/2026 3:56:49 PM ProcessModelError
Error Code: -17306, Unknown variable or property name.
Message: 'The post-expression for the step 'Statement' could not be evaluated.
Unknown variable or property name 'Parameters.UUTcorrect'.' at step 'Statement' in seq 'ProcessModelPostStepRuntimeError'

TST-C-ROS-T2935    9/7/2026 3:56:50 PM ProcessModelError
Error Code: -17306, Unknown variable or property name.
Message: 'The post-expression for the step 'Statement' could not be evaluated.
Unknown variable or property name 'Parameters.UUTcorrect'.' at step 'Statement' in seq 'ProcessModelPostStepRuntimeError'

TST-C-ROS-T2935    9/7/2026 3:56:50 PM ProcessModelError
Error Code: -17306, Unknown variable or property name.
Message: 'The post-expression for the step 'Statement' could not be evaluated.
Unknown variable or property name 'Parameters.UUTcorrect'.' at step 'Statement' in seq 'ProcessModelPostStepRuntimeError'

TST-C-ROS-T2935    9/7/2026 3:56:50 PM ProcessModelError
Error Code: -17306, Unknown variable or property name.
Message: 'The post-expression for the step 'Statement' could not be evaluated.
Unknown variable or property name 'Parameters.UUTcorrect'.' at step 'Statement' in seq 'ProcessModelPostStepRuntimeError'

TST-C-ROS-T2935    9/7/2026 3:56:51 PM ProcessModelError
Error Code: -17306, Unknown variable or property name.
Message: 'The post-expression for the step 'Statement' could not be evaluated.
Unknown variable or property name 'Parameters.UUTcorrect'.' at step 'Statement' in seq 'ProcessModelPostStepRuntimeError'

TST-C-ROS-T2935    9/7/2026 3:56:51 PM ProcessModelError
Error Code: -17306, Unknown variable or property name.
Message: 'The post-expression for the step 'Statement' could not be evaluated.
Unknown variable or property name 'Parameters.UUTcorrect'.' at step 'Statement' in seq 'ProcessModelPostStepRuntimeError'

TST-C-ROS-T2935    9/7/2026 3:56:51 PM ProcessModelError
Error Code: -17306, Unknown variable or property name.
Message: 'The post-expression for the step 'Statement' could not be evaluated.
Unknown variable or property name 'Parameters.UUTcorrect'.' at step 'Statement' in seq 'ProcessModelPostStepRuntimeError'

TST-C-ROS-T2935    9/7/2026 3:56:52 PM ProcessModelError
Error Code: -17306, Unknown variable or property name.
Message: 'The post-expression for the step 'Statement' could not be evaluated.
Unknown variable or property name 'Parameters.UUTcorrect'.' at step 'Statement' in seq 'ProcessModelPostStepRuntimeError'

TST-C-ROS-T2935    9/7/2026 3:56:52 PM ProcessModelError
Error Code: -17306, Unknown variable or property name.
Message: 'The post-expression for the step 'Statement' could not be evaluated.
Unknown variable or property name 'Parameters.UUTcorrect'.' at step 'Statement' in seq 'ProcessModelPostStepRuntimeError'

TST-C-ROS-T2935    9/7/2026 3:56:52 PM ProcessModelError
Error Code: -17306, Unknown variable or property name.
Message: 'The post-expression for the step 'Statement' could not be evaluated.
Unknown variable or property name 'Parameters.UUTcorrect'.' at step 'Statement' in seq 'ProcessModelPostStepRuntimeError'

TST-C-ROS-T2935    9/7/2026 3:56:53 PM ProcessModelError
Error Code: -17306, Unknown variable or property name.
Message: 'The post-expression for the step 'Statement' could not be evaluated.
Unknown variable or property name 'Parameters.UUTcorrect'.' at step 'Statement' in seq 'ProcessModelPostStepRuntimeError'

TST-C-ROS-T2935    9/7/2026 3:56:53 PM ProcessModelError
Error Code: -17306, Unknown variable or property name.
Message: 'The post-expression for the step 'Statement' could not be evaluated.
Unknown variable or property name 'Parameters.UUTcorrect'.' at step 'Statement' in seq 'ProcessModelPostStepRuntimeError'

TST-C-ROS-T2935    9/7/2026 3:56:53 PM ProcessModelError
Error Code: -17306, Unknown variable or property name.
Message: 'The post-expression for the step 'Statement' could not be evaluated.
Unknown variable or property name 'Parameters.UUTcorrect'.' at step 'Statement' in seq 'ProcessModelPostStepRuntimeError'

TST-C-ROS-T2935    9/7/2026 3:56:53 PM ProcessModelError
Error Code: -17306, Unknown variable or property name.
Message: 'The post-expression for the step 'Statement' could not be evaluated.
Unknown variable or property name 'Parameters.UUTcorrect'.' at step 'Statement' in seq 'ProcessModelPostStepRuntimeError'

TST-C-ROS-T2935    9/7/2026 3:56:54 PM ProcessModelError
Error Code: -17306, Unknown variable or property name.
Message: 'The post-expression for the step 'Statement' could not be evaluated.
Unknown variable or property name 'Parameters.UUTcorrect'.' at step 'Statement' in seq 'ProcessModelPostStepRuntimeError'

TST-C-ROS-T2935    9/7/2026 3:56:54 PM ProcessModelError
Error Code: -17306, Unknown variable or property name.
Message: 'The post-expression for the step 'Statement' could not be evaluated.
Unknown variable or property name 'Parameters.UUTcorrect'.' at step 'Statement' in seq 'ProcessModelPostStepRuntimeError'

TST-C-ROS-T2935    9/7/2026 3:56:54 PM ProcessModelError
Error Code: -17306, Unknown variable or property name.
Message: 'The post-expression for the step 'Statement' could not be evaluated.
Unknown variable or property name 'Parameters.UUTcorrect'.' at step 'Statement' in seq 'ProcessModelPostStepRuntimeError'

TST-C-ROS-T2935    9/7/2026 3:56:55 PM ProcessModelError
Error Code: -17306, Unknown variable or property name.
Message: 'The post-expression for the step 'Statement' could not be evaluated.
Unknown variable or property name 'Parameters.UUTcorrect'.' at step 'Statement' in seq 'ProcessModelPostStepRuntimeError'

TST-C-ROS-T2935    9/7/2026 3:56:55 PM ProcessModelError
Error Code: -17306, Unknown variable or property name.
Message: 'The post-expression for the step 'Statement' could not be evaluated.
Unknown variable or property name 'Parameters.UUTcorrect'.' at step 'Statement' in seq 'ProcessModelPostStepRuntimeError'

TST-C-ROS-T2935    9/7/2026 3:56:55 PM ProcessModelError
Error Code: -17306, Unknown variable or property name.
Message: 'The post-expression for the step 'Statement' could not be evaluated.
Unknown variable or property name 'Parameters.UUTcorrect'.' at step 'Statement' in seq 'ProcessModelPostStepRuntimeError'

TST-C-ROS-T2935    9/7/2026 3:56:56 PM ProcessModelError
Error Code: -17306, Unknown variable or property name.
Message: 'The post-expression for the step 'Statement' could not be evaluated.
Unknown variable or property name 'Parameters.UUTcorrect'.' at step 'Statement' in seq 'ProcessModelPostStepRuntimeError'

TST-C-ROS-T2935    9/7/2026 3:56:56 PM ProcessModelError
Error Code: -17306, Unknown variable or property name.
Message: 'The post-expression for the step 'Statement' could not be evaluated.
Unknown variable or property name 'Parameters.UUTcorrect'.' at step 'Statement' in seq 'ProcessModelPostStepRuntimeError'

TST-C-ROS-T2935    9/7/2026 3:56:56 PM ProcessModelError
Error Code: -17306, Unknown variable or property name.
Message: 'The post-expression for the step 'Statement' could not be evaluated.
Unknown variable or property name 'Parameters.UUTcorrect'.' at step 'Statement' in seq 'ProcessModelPostStepRuntimeError'

TST-C-ROS-T2935    9/7/2026 3:56:57 PM ProcessModelError
Error Code: -17306, Unknown variable or property name.
Message: 'The post-expression for the step 'Statement' could not be evaluated.
Unknown variable or property name 'Parameters.UUTcorrect'.' at step 'Statement' in seq 'ProcessModelPostStepRuntimeError'

TST-C-ROS-T2935    9/7/2026 3:56:57 PM ProcessModelError
Error Code: -17306, Unknown variable or property name.
Message: 'The post-expression for the step 'Statement' could not be evaluated.
Unknown variable or property name 'Parameters.UUTcorrect'.' at step 'Statement' in seq 'ProcessModelPostStepRuntimeError'

TST-C-ROS-T2935    9/7/2026 3:56:57 PM ProcessModelError
Error Code: -17306, Unknown variable or property name.
Message: 'The post-expression for the step 'Statement' could not be evaluated.
Unknown variable or property name 'Parameters.UUTcorrect'.' at step 'Statement' in seq 'ProcessModelPostStepRuntimeError'

TST-C-ROS-T2935    9/7/2026 3:56:58 PM ProcessModelError
Error Code: -17306, Unknown variable or property name.
Message: 'The post-expression for the step 'Statement' could not be evaluated.
Unknown variable or property name 'Parameters.UUTcorrect'.' at step 'Statement' in seq 'ProcessModelPostStepRuntimeError'

TST-C-ROS-T2935    9/7/2026 3:56:58 PM ProcessModelError
Error Code: -17306, Unknown variable or property name.
Message: 'The post-expression for the step 'Statement' could not be evaluated.
Unknown variable or property name 'Parameters.UUTcorrect'.' at step 'Statement' in seq 'ProcessModelPostStepRuntimeError'

TST-C-ROS-T2935    9/7/2026 3:56:58 PM ProcessModelError
Error Code: -17306, Unknown variable or property name.
Message: 'The post-expression for the step 'Statement' could not be evaluated.
Unknown variable or property name 'Parameters.UUTcorrect'.' at step 'Statement' in seq 'ProcessModelPostStepRuntimeError'

TST-C-ROS-T2935    9/7/2026 3:56:59 PM ProcessModelError
Error Code: -17306, Unknown variable or property name.
Message: 'The post-expression for the step 'Statement' could not be evaluated.
Unknown variable or property name 'Parameters.UUTcorrect'.' at step 'Statement' in seq 'ProcessModelPostStepRuntimeError'

TST-C-ROS-T2935    9/7/2026 3:56:59 PM ProcessModelError
Error Code: -17306, Unknown variable or property name.
Message: 'The post-expression for the step 'Statement' could not be evaluated.
Unknown variable or property name 'Parameters.UUTcorrect'.' at step 'Statement' in seq 'ProcessModelPostStepRuntimeError'

TST-C-ROS-T2935    9/7/2026 3:56:59 PM ProcessModelError
Error Code: -17306, Unknown variable or property name.
Message: 'The post-expression for the step 'Statement' could not be evaluated.
Unknown variable or property name 'Parameters.UUTcorrect'.' at step 'Statement' in seq 'ProcessModelPostStepRuntimeError'

TST-C-ROS-T2935    9/7/2026 3:57:00 PM ProcessModelError
Error Code: -17306, Unknown variable or property name.
Message: 'The post-expression for the step 'Statement' could not be evaluated.
Unknown variable or property name 'Parameters.UUTcorrect'.' at step 'Statement' in seq 'ProcessModelPostStepRuntimeError'

TST-C-ROS-T2935    9/7/2026 3:57:00 PM ProcessModelError
Error Code: -17306, Unknown variable or property name.
Message: 'The post-expression for the step 'Statement' could not be evaluated.
Unknown variable or property name 'Parameters.UUTcorrect'.' at step 'Statement' in seq 'ProcessModelPostStepRuntimeError'

TST-C-ROS-T2935    9/7/2026 3:57:00 PM ProcessModelError
Error Code: -17306, Unknown variable or property name.
Message: 'The post-expression for the step 'Statement' could not be evaluated.
Unknown variable or property name 'Parameters.UUTcorrect'.' at step 'Statement' in seq 'ProcessModelPostStepRuntimeError'

TST-C-ROS-T2935    9/7/2026 3:57:01 PM ProcessModelError
Error Code: -17306, Unknown variable or property name.
Message: 'The post-expression for the step 'Statement' could not be evaluated.
Unknown variable or property name 'Parameters.UUTcorrect'.' at step 'Statement' in seq 'ProcessModelPostStepRuntimeError'

TST-C-ROS-T2935    9/7/2026 3:57:01 PM ProcessModelError
Error Code: -17306, Unknown variable or property name.
Message: 'The post-expression for the step 'Statement' could not be evaluated.
Unknown variable or property name 'Parameters.UUTcorrect'.' at step 'Statement' in seq 'ProcessModelPostStepRuntimeError'

TST-C-ROS-T2935    9/7/2026 3:57:01 PM ProcessModelError
Error Code: -17306, Unknown variable or property name.
Message: 'The post-expression for the step 'Statement' could not be evaluated.
Unknown variable or property name 'Parameters.UUTcorrect'.' at step 'Statement' in seq 'ProcessModelPostStepRuntimeError'

TST-C-ROS-T2935    9/7/2026 3:57:01 PM ProcessModelError
Error Code: -17306, Unknown variable or property name.
Message: 'The post-expression for the step 'Statement' could not be evaluated.
Unknown variable or property name 'Parameters.UUTcorrect'.' at step 'Statement' in seq 'ProcessModelPostStepRuntimeError'

TST-C-ROS-T2935    9/7/2026 3:57:02 PM ProcessModelError
Error Code: -17306, Unknown variable or property name.
Message: 'The post-expression for the step 'Statement' could not be evaluated.
Unknown variable or property name 'Parameters.UUTcorrect'.' at step 'Statement' in seq 'ProcessModelPostStepRuntimeError'

TST-C-ROS-T2935    9/7/2026 3:57:02 PM ProcessModelError
Error Code: -17306, Unknown variable or property name.
Message: 'The post-expression for the step 'Statement' could not be evaluated.
Unknown variable or property name 'Parameters.UUTcorrect'.' at step 'Statement' in seq 'ProcessModelPostStepRuntimeError'

TST-C-ROS-T2935    9/7/2026 3:57:02 PM ProcessModelError
Error Code: -17306, Unknown variable or property name.
Message: 'The post-expression for the step 'Statement' could not be evaluated.
Unknown variable or property name 'Parameters.UUTcorrect'.' at step 'Statement' in seq 'ProcessModelPostStepRuntimeError'

TST-C-ROS-T2935    9/7/2026 3:57:03 PM ProcessModelError
Error Code: -17306, Unknown variable or property name.
Message: 'The post-expression for the step 'Statement' could not be evaluated.
Unknown variable or property name 'Parameters.UUTcorrect'.' at step 'Statement' in seq 'ProcessModelPostStepRuntimeError'

TST-C-ROS-T2935    9/7/2026 3:57:03 PM ProcessModelError
Error Code: -17306, Unknown variable or property name.
Message: 'The post-expression for the step 'Statement' could not be evaluated.
Unknown variable or property name 'Parameters.UUTcorrect'.' at step 'Statement' in seq 'ProcessModelPostStepRuntimeError'

TST-C-ROS-T2935    9/7/2026 3:57:03 PM ProcessModelError
Error Code: -17306, Unknown variable or property name.
Message: 'The post-expression for the step 'Statement' could not be evaluated.
Unknown variable or property name 'Parameters.UUTcorrect'.' at step 'Statement' in seq 'ProcessModelPostStepRuntimeError'

TST-C-ROS-T2935    9/7/2026 3:57:04 PM ProcessModelError
Error Code: -17306, Unknown variable or property name.
Message: 'The post-expression for the step 'Statement' could not be evaluated.
Unknown variable or property name 'Parameters.UUTcorrect'.' at step 'Statement' in seq 'ProcessModelPostStepRuntimeError'

TST-C-ROS-T2935    9/7/2026 3:57:04 PM ProcessModelError
Error Code: -17306, Unknown variable or property name.
Message: 'The post-expression for the step 'Statement' could not be evaluated.
Unknown variable or property name 'Parameters.UUTcorrect'.' at step 'Statement' in seq 'ProcessModelPostStepRuntimeError'

TST-C-ROS-T2935    9/7/2026 3:57:04 PM ProcessModelError
Error Code: -17306, Unknown variable or property name.
Message: 'The post-expression for the step 'Statement' could not be evaluated.
Unknown variable or property name 'Parameters.UUTcorrect'.' at step 'Statement' in seq 'ProcessModelPostStepRuntimeError'

TST-C-ROS-T2935    9/7/2026 3:57:05 PM ProcessModelError
Error Code: -17306, Unknown variable or property name.
Message: 'The post-expression for the step 'Statement' could not be evaluated.
Unknown variable or property name 'Parameters.UUTcorrect'.' at step 'Statement' in seq 'ProcessModelPostStepRuntimeError'

TST-C-ROS-T2935    9/7/2026 3:57:05 PM ProcessModelError
Error Code: -17306, Unknown variable or property name.
Message: 'The post-expression for the step 'Statement' could not be evaluated.
Unknown variable or property name 'Parameters.UUTcorrect'.' at step 'Statement' in seq 'ProcessModelPostStepRuntimeError'

TST-C-ROS-T2935    9/7/2026 3:57:05 PM ProcessModelError
Error Code: -17306, Unknown variable or property name.
Message: 'The post-expression for the step 'Statement' could not be evaluated.
Unknown variable or property name 'Parameters.UUTcorrect'.' at step 'Statement' in seq 'ProcessModelPostStepRuntimeError'

TST-C-ROS-T2935    9/7/2026 3:57:06 PM ProcessModelError
Error Code: -17306, Unknown variable or property name.
Message: 'The post-expression for the step 'Statement' could not be evaluated.
Unknown variable or property name 'Parameters.UUTcorrect'.' at step 'Statement' in seq 'ProcessModelPostStepRuntimeError'

TST-C-ROS-T2935    9/7/2026 3:57:06 PM ProcessModelError
Error Code: -17306, Unknown variable or property name.
Message: 'The post-expression for the step 'Statement' could not be evaluated.
Unknown variable or property name 'Parameters.UUTcorrect'.' at step 'Statement' in seq 'ProcessModelPostStepRuntimeError'

TST-C-ROS-T2935    9/7/2026 3:57:06 PM ProcessModelError
Error Code: -17306, Unknown variable or property name.
Message: 'The post-expression for the step 'Statement' could not be evaluated.
Unknown variable or property name 'Parameters.UUTcorrect'.' at step 'Statement' in seq 'ProcessModelPostStepRuntimeError'

TST-C-ROS-T2935    9/7/2026 3:57:07 PM ProcessModelError
Error Code: -17306, Unknown variable or property name.
Message: 'The post-expression for the step 'Statement' could not be evaluated.
Unknown variable or property name 'Parameters.UUTcorrect'.' at step 'Statement' in seq 'ProcessModelPostStepRuntimeError'

TST-C-ROS-T2935    9/7/2026 3:57:07 PM ProcessModelError
Error Code: -17306, Unknown variable or property name.
Message: 'The post-expression for the step 'Statement' could not be evaluated.
Unknown variable or property name 'Parameters.UUTcorrect'.' at step 'Statement' in seq 'ProcessModelPostStepRuntimeError'

TST-C-ROS-T2935    9/7/2026 3:57:07 PM ProcessModelError
Error Code: -17306, Unknown variable or property name.
Message: 'The post-expression for the step 'Statement' could not be evaluated.
Unknown variable or property name 'Parameters.UUTcorrect'.' at step 'Statement' in seq 'ProcessModelPostStepRuntimeError'

TST-C-ROS-T2935    9/7/2026 3:57:08 PM ProcessModelError
Error Code: -17306, Unknown variable or property name.
Message: 'The post-expression for the step 'Statement' could not be evaluated.
Unknown variable or property name 'Parameters.UUTcorrect'.' at step 'Statement' in seq 'ProcessModelPostStepRuntimeError'

TST-C-ROS-T2935    9/7/2026 3:57:08 PM ProcessModelError
Error Code: -17306, Unknown variable or property name.
Message: 'The post-expression for the step 'Statement' could not be evaluated.
Unknown variable or property name 'Parameters.UUTcorrect'.' at step 'Statement' in seq 'ProcessModelPostStepRuntimeError'

TST-C-ROS-T2935    9/7/2026 3:57:08 PM ProcessModelError
Error Code: -17306, Unknown variable or property name.
Message: 'The post-expression for the step 'Statement' could not be evaluated.
Unknown variable or property name 'Parameters.UUTcorrect'.' at step 'Statement' in seq 'ProcessModelPostStepRuntimeError'

TST-C-ROS-T2935    9/7/2026 3:57:09 PM ProcessModelError
Error Code: -17306, Unknown variable or property name.
Message: 'The post-expression for the step 'Statement' could not be evaluated.
Unknown variable or property name 'Parameters.UUTcorrect'.' at step 'Statement' in seq 'ProcessModelPostStepRuntimeError'

TST-C-ROS-T2935    9/7/2026 3:57:09 PM ProcessModelError
Error Code: -17306, Unknown variable or property name.
Message: 'The post-expression for the step 'Statement' could not be evaluated.
Unknown variable or property name 'Parameters.UUTcorrect'.' at step 'Statement' in seq 'ProcessModelPostStepRuntimeError'

TST-C-ROS-T2935    9/7/2026 3:57:09 PM ProcessModelError
Error Code: -17306, Unknown variable or property name.
Message: 'The post-expression for the step 'Statement' could not be evaluated.
Unknown variable or property name 'Parameters.UUTcorrect'.' at step 'Statement' in seq 'ProcessModelPostStepRuntimeError'

TST-C-ROS-T2935    9/7/2026 3:57:09 PM ProcessModelError
Error Code: -17306, Unknown variable or property name.
Message: 'The post-expression for the step 'Statement' could not be evaluated.
Unknown variable or property name 'Parameters.UUTcorrect'.' at step 'Statement' in seq 'ProcessModelPostStepRuntimeError'

TST-C-ROS-T2935    9/7/2026 3:57:10 PM ProcessModelError
Error Code: -17306, Unknown variable or property name.
Message: 'The post-expression for the step 'Statement' could not be evaluated.
Unknown variable or property name 'Parameters.UUTcorrect'.' at step 'Statement' in seq 'ProcessModelPostStepRuntimeError'

TST-C-ROS-T2935    9/7/2026 3:57:10 PM ProcessModelError
Error Code: -17306, Unknown variable or property name.
Message: 'The post-expression for the step 'Statement' could not be evaluated.
Unknown variable or property name 'Parameters.UUTcorrect'.' at step 'Statement' in seq 'ProcessModelPostStepRuntimeError'

TST-C-ROS-T2935    9/7/2026 3:57:10 PM ProcessModelError
Error Code: -17306, Unknown variable or property name.
Message: 'The post-expression for the step 'Statement' could not be evaluated.
Unknown variable or property name 'Parameters.UUTcorrect'.' at step 'Statement' in seq 'ProcessModelPostStepRuntimeError'

TST-C-ROS-T2935    9/7/2026 3:57:11 PM ProcessModelError
Error Code: -17306, Unknown variable or property name.
Message: 'The post-expression for the step 'Statement' could not be evaluated.
Unknown variable or property name 'Parameters.UUTcorrect'.' at step 'Statement' in seq 'ProcessModelPostStepRuntimeError'

TST-C-ROS-T2935    9/7/2026 3:57:11 PM ProcessModelError
Error Code: -17306, Unknown variable or property name.
Message: 'The post-expression for the step 'Statement' could not be evaluated.
Unknown variable or property name 'Parameters.UUTcorrect'.' at step 'Statement' in seq 'ProcessModelPostStepRuntimeError'

TST-C-ROS-T2935    9/7/2026 3:57:11 PM ProcessModelError
Error Code: -17306, Unknown variable or property name.
Message: 'The post-expression for the step 'Statement' could not be evaluated.
Unknown variable or property name 'Parameters.UUTcorrect'.' at step 'Statement' in seq 'ProcessModelPostStepRuntimeError'

TST-C-ROS-T2935    9/7/2026 3:57:12 PM ProcessModelError
Error Code: -17306, Unknown variable or property name.
Message: 'The post-expression for the step 'Statement' could not be evaluated.
Unknown variable or property name 'Parameters.UUTcorrect'.' at step 'Statement' in seq 'ProcessModelPostStepRuntimeError'

TST-C-ROS-T2935    9/7/2026 3:57:12 PM ProcessModelError
Error Code: -17306, Unknown variable or property name.
Message: 'The post-expression for the step 'Statement' could not be evaluated.
Unknown variable or property name 'Parameters.UUTcorrect'.' at step 'Statement' in seq 'ProcessModelPostStepRuntimeError'

TST-C-ROS-T2935    9/7/2026 3:57:12 PM ProcessModelError
Error Code: -17306, Unknown variable or property name.
Message: 'The post-expression for the step 'Statement' could not be evaluated.
Unknown variable or property name 'Parameters.UUTcorrect'.' at step 'Statement' in seq 'ProcessModelPostStepRuntimeError'

TST-C-ROS-T2935    9/7/2026 3:57:13 PM ProcessModelError
Error Code: -17306, Unknown variable or property name.
Message: 'The post-expression for the step 'Statement' could not be evaluated.
Unknown variable or property name 'Parameters.UUTcorrect'.' at step 'Statement' in seq 'ProcessModelPostStepRuntimeError'

TST-C-ROS-T2935    9/7/2026 3:57:13 PM ProcessModelError
Error Code: -17306, Unknown variable or property name.
Message: 'The post-expression for the step 'Statement' could not be evaluated.
Unknown variable or property name 'Parameters.UUTcorrect'.' at step 'Statement' in seq 'ProcessModelPostStepRuntimeError'

TST-C-ROS-T2935    9/7/2026 3:57:13 PM ProcessModelError
Error Code: -17306, Unknown variable or property name.
Message: 'The post-expression for the step 'Statement' could not be evaluated.
Unknown variable or property name 'Parameters.UUTcorrect'.' at step 'Statement' in seq 'ProcessModelPostStepRuntimeError'

TST-C-ROS-T2935    9/7/2026 3:57:14 PM ProcessModelError
Error Code: -17306, Unknown variable or property name.
Message: 'The post-expression for the step 'Statement' could not be evaluated.
Unknown variable or property name 'Parameters.UUTcorrect'.' at step 'Statement' in seq 'ProcessModelPostStepRuntimeError'

TST-C-ROS-T2935    9/7/2026 3:57:14 PM ProcessModelError
Error Code: -17306, Unknown variable or property name.
Message: 'The post-expression for the step 'Statement' could not be evaluated.
Unknown variable or property name 'Parameters.UUTcorrect'.' at step 'Statement' in seq 'ProcessModelPostStepRuntimeError'

TST-C-ROS-T2935    9/7/2026 3:57:14 PM ProcessModelError
Error Code: -17306, Unknown variable or property name.
Message: 'The post-expression for the step 'Statement' could not be evaluated.
Unknown variable or property name 'Parameters.UUTcorrect'.' at step 'Statement' in seq 'ProcessModelPostStepRuntimeError'

TST-C-ROS-T2935    9/7/2026 3:57:15 PM ProcessModelError
Error Code: -17306, Unknown variable or property name.
Message: 'The post-expression for the step 'Statement' could not be evaluated.
Unknown variable or property name 'Parameters.UUTcorrect'.' at step 'Statement' in seq 'ProcessModelPostStepRuntimeError'

TST-C-ROS-T2935    9/7/2026 3:57:15 PM ProcessModelError
Error Code: -17306, Unknown variable or property name.
Message: 'The post-expression for the step 'Statement' could not be evaluated.
Unknown variable or property name 'Parameters.UUTcorrect'.' at step 'Statement' in seq 'ProcessModelPostStepRuntimeError'

TST-C-ROS-T2935    9/7/2026 3:57:15 PM ProcessModelError
Error Code: -17306, Unknown variable or property name.
Message: 'The post-expression for the step 'Statement' could not be evaluated.
Unknown variable or property name 'Parameters.UUTcorrect'.' at step 'Statement' in seq 'ProcessModelPostStepRuntimeError'

TST-C-ROS-T2935    9/7/2026 3:57:16 PM ProcessModelError
Error Code: -17306, Unknown variable or property name.
Message: 'The post-expression for the step 'Statement' could not be evaluated.
Unknown variable or property name 'Parameters.UUTcorrect'.' at step 'Statement' in seq 'ProcessModelPostStepRuntimeError'

TST-C-ROS-T2935    9/7/2026 3:57:16 PM ProcessModelError
Error Code: -17306, Unknown variable or property name.
Message: 'The post-expression for the step 'Statement' could not be evaluated.
Unknown variable or property name 'Parameters.UUTcorrect'.' at step 'Statement' in seq 'ProcessModelPostStepRuntimeError'

TST-C-ROS-T2935    9/7/2026 3:57:16 PM ProcessModelError
Error Code: -17306, Unknown variable or property name.
Message: 'The post-expression for the step 'Statement' could not be evaluated.
Unknown variable or property name 'Parameters.UUTcorrect'.' at step 'Statement' in seq 'ProcessModelPostStepRuntimeError'

TST-C-ROS-T2935    9/7/2026 3:57:16 PM ProcessModelError
Error Code: -17306, Unknown variable or property name.
Message: 'The post-expression for the step 'Statement' could not be evaluated.
Unknown variable or property name 'Parameters.UUTcorrect'.' at step 'Statement' in seq 'ProcessModelPostStepRuntimeError'

TST-C-ROS-T2935    9/7/2026 3:57:17 PM ProcessModelError
Error Code: -17306, Unknown variable or property name.
Message: 'The post-expression for the step 'Statement' could not be evaluated.
Unknown variable or property name 'Parameters.UUTcorrect'.' at step 'Statement' in seq 'ProcessModelPostStepRuntimeError'

TST-C-ROS-T2935    9/7/2026 3:57:17 PM ProcessModelError
Error Code: -17306, Unknown variable or property name.
Message: 'The post-expression for the step 'Statement' could not be evaluated.
Unknown variable or property name 'Parameters.UUTcorrect'.' at step 'Statement' in seq 'ProcessModelPostStepRuntimeError'

TST-C-ROS-T2935    9/7/2026 3:57:17 PM ProcessModelError
Error Code: -17306, Unknown variable or property name.
Message: 'The post-expression for the step 'Statement' could not be evaluated.
Unknown variable or property name 'Parameters.UUTcorrect'.' at step 'Statement' in seq 'ProcessModelPostStepRuntimeError'

TST-C-ROS-T2935    9/7/2026 3:57:18 PM ProcessModelError
Error Code: -17306, Unknown variable or property name.
Message: 'The post-expression for the step 'Statement' could not be evaluated.
Unknown variable or property name 'Parameters.UUTcorrect'.' at step 'Statement' in seq 'ProcessModelPostStepRuntimeError'

TST-C-ROS-T2935    9/7/2026 3:57:18 PM ProcessModelError
Error Code: -17306, Unknown variable or property name.
Message: 'The post-expression for the step 'Statement' could not be evaluated.
Unknown variable or property name 'Parameters.UUTcorrect'.' at step 'Statement' in seq 'ProcessModelPostStepRuntimeError'

TST-C-ROS-T2935    9/7/2026 3:57:18 PM ProcessModelError
Error Code: -17306, Unknown variable or property name.
Message: 'The post-expression for the step 'Statement' could not be evaluated.
Unknown variable or property name 'Parameters.UUTcorrect'.' at step 'Statement' in seq 'ProcessModelPostStepRuntimeError'

TST-C-ROS-T2935    9/7/2026 3:57:19 PM ProcessModelError
Error Code: -17306, Unknown variable or property name.
Message: 'The post-expression for the step 'Statement' could not be evaluated.
Unknown variable or property name 'Parameters.UUTcorrect'.' at step 'Statement' in seq 'ProcessModelPostStepRuntimeError'

TST-C-ROS-T2935    9/7/2026 3:57:19 PM ProcessModelError
Error Code: -17306, Unknown variable or property name.
Message: 'The post-expression for the step 'Statement' could not be evaluated.
Unknown variable or property name 'Parameters.UUTcorrect'.' at step 'Statement' in seq 'ProcessModelPostStepRuntimeError'

TST-C-ROS-T2935    9/7/2026 3:57:19 PM ProcessModelError
Error Code: -17306, Unknown variable or property name.
Message: 'The post-expression for the step 'Statement' could not be evaluated.
Unknown variable or property name 'Parameters.UUTcorrect'.' at step 'Statement' in seq 'ProcessModelPostStepRuntimeError'

TST-C-ROS-T2935    9/7/2026 3:57:20 PM ProcessModelError
Error Code: -17306, Unknown variable or property name.
Message: 'The post-expression for the step 'Statement' could not be evaluated.
Unknown variable or property name 'Parameters.UUTcorrect'.' at step 'Statement' in seq 'ProcessModelPostStepRuntimeError'

TST-C-ROS-T2935    9/7/2026 3:57:20 PM ProcessModelError
Error Code: -17306, Unknown variable or property name.
Message: 'The post-expression for the step 'Statement' could not be evaluated.
Unknown variable or property name 'Parameters.UUTcorrect'.' at step 'Statement' in seq 'ProcessModelPostStepRuntimeError'

TST-C-ROS-T2935    9/7/2026 3:57:20 PM ProcessModelError
Error Code: -17306, Unknown variable or property name.
Message: 'The post-expression for the step 'Statement' could not be evaluated.
Unknown variable or property name 'Parameters.UUTcorrect'.' at step 'Statement' in seq 'ProcessModelPostStepRuntimeError'

TST-C-ROS-T2935    9/7/2026 3:57:21 PM ProcessModelError
Error Code: -17306, Unknown variable or property name.
Message: 'The post-expression for the step 'Statement' could not be evaluated.
Unknown variable or property name 'Parameters.UUTcorrect'.' at step 'Statement' in seq 'ProcessModelPostStepRuntimeError'

TST-C-ROS-T2935    9/7/2026 3:57:21 PM ProcessModelError
Error Code: -17306, Unknown variable or property name.
Message: 'The post-expression for the step 'Statement' could not be evaluated.
Unknown variable or property name 'Parameters.UUTcorrect'.' at step 'Statement' in seq 'ProcessModelPostStepRuntimeError'

TST-C-ROS-T2935    9/7/2026 3:57:21 PM ProcessModelError
Error Code: -17306, Unknown variable or property name.
Message: 'The post-expression for the step 'Statement' could not be evaluated.
Unknown variable or property name 'Parameters.UUTcorrect'.' at step 'Statement' in seq 'ProcessModelPostStepRuntimeError'

TST-C-ROS-T2935    9/7/2026 3:57:22 PM ProcessModelError
Error Code: -17306, Unknown variable or property name.
Message: 'The post-expression for the step 'Statement' could not be evaluated.
Unknown variable or property name 'Parameters.UUTcorrect'.' at step 'Statement' in seq 'ProcessModelPostStepRuntimeError'

TST-C-ROS-T2935    9/7/2026 3:57:22 PM ProcessModelError
Error Code: -17306, Unknown variable or property name.
Message: 'The post-expression for the step 'Statement' could not be evaluated.
Unknown variable or property name 'Parameters.UUTcorrect'.' at step 'Statement' in seq 'ProcessModelPostStepRuntimeError'

TST-C-ROS-T2935    9/7/2026 3:57:22 PM ProcessModelError
Error Code: -17306, Unknown variable or property name.
Message: 'The post-expression for the step 'Statement' could not be evaluated.
Unknown variable or property name 'Parameters.UUTcorrect'.' at step 'Statement' in seq 'ProcessModelPostStepRuntimeError'

TST-C-ROS-T2935    9/7/2026 3:57:23 PM ProcessModelError
Error Code: -17306, Unknown variable or property name.
Message: 'The post-expression for the step 'Statement' could not be evaluated.
Unknown variable or property name 'Parameters.UUTcorrect'.' at step 'Statement' in seq 'ProcessModelPostStepRuntimeError'

TST-C-ROS-T2935    9/7/2026 3:57:23 PM ProcessModelError
Error Code: -17306, Unknown variable or property name.
Message: 'The post-expression for the step 'Statement' could not be evaluated.
Unknown variable or property name 'Parameters.UUTcorrect'.' at step 'Statement' in seq 'ProcessModelPostStepRuntimeError'

TST-C-ROS-T2935    9/7/2026 3:57:23 PM ProcessModelError
Error Code: -17306, Unknown variable or property name.
Message: 'The post-expression for the step 'Statement' could not be evaluated.
Unknown variable or property name 'Parameters.UUTcorrect'.' at step 'Statement' in seq 'ProcessModelPostStepRuntimeError'

TST-C-ROS-T2935    9/7/2026 3:57:24 PM ProcessModelError
Error Code: -17306, Unknown variable or property name.
Message: 'The post-expression for the step 'Statement' could not be evaluated.
Unknown variable or property name 'Parameters.UUTcorrect'.' at step 'Statement' in seq 'ProcessModelPostStepRuntimeError'

TST-C-ROS-T2935    9/7/2026 3:57:24 PM ProcessModelError
Error Code: -17306, Unknown variable or property name.
Message: 'The post-expression for the step 'Statement' could not be evaluated.
Unknown variable or property name 'Parameters.UUTcorrect'.' at step 'Statement' in seq 'ProcessModelPostStepRuntimeError'

TST-C-ROS-T2935    9/7/2026 3:57:24 PM ProcessModelError
Error Code: -17306, Unknown variable or property name.
Message: 'The post-expression for the step 'Statement' could not be evaluated.
Unknown variable or property name 'Parameters.UUTcorrect'.' at step 'Statement' in seq 'ProcessModelPostStepRuntimeError'

TST-C-ROS-T2935    9/7/2026 3:57:24 PM ProcessModelError
Error Code: -17306, Unknown variable or property name.
Message: 'The post-expression for the step 'Statement' could not be evaluated.
Unknown variable or property name 'Parameters.UUTcorrect'.' at step 'Statement' in seq 'ProcessModelPostStepRuntimeError'

TST-C-ROS-T2935    9/7/2026 3:57:25 PM ProcessModelError
Error Code: -17306, Unknown variable or property name.
Message: 'The post-expression for the step 'Statement' could not be evaluated.
Unknown variable or property name 'Parameters.UUTcorrect'.' at step 'Statement' in seq 'ProcessModelPostStepRuntimeError'

TST-C-ROS-T2935    9/7/2026 3:57:25 PM ProcessModelError
Error Code: -17306, Unknown variable or property name.
Message: 'The post-expression for the step 'Statement' could not be evaluated.
Unknown variable or property name 'Parameters.UUTcorrect'.' at step 'Statement' in seq 'ProcessModelPostStepRuntimeError'

TST-C-ROS-T2935    9/7/2026 3:57:25 PM ProcessModelError
Error Code: -17306, Unknown variable or property name.
Message: 'The post-expression for the step 'Statement' could not be evaluated.
Unknown variable or property name 'Parameters.UUTcorrect'.' at step 'Statement' in seq 'ProcessModelPostStepRuntimeError'

TST-C-ROS-T2935    9/7/2026 3:57:26 PM ProcessModelError
Error Code: -17306, Unknown variable or property name.
Message: 'The post-expression for the step 'Statement' could not be evaluated.
Unknown variable or property name 'Parameters.UUTcorrect'.' at step 'Statement' in seq 'ProcessModelPostStepRuntimeError'

TST-C-ROS-T2935    9/7/2026 3:57:26 PM ProcessModelError
Error Code: -17306, Unknown variable or property name.
Message: 'The post-expression for the step 'Statement' could not be evaluated.
Unknown variable or property name 'Parameters.UUTcorrect'.' at step 'Statement' in seq 'ProcessModelPostStepRuntimeError'

TST-C-ROS-T2935    9/7/2026 3:57:26 PM ProcessModelError
Error Code: -17306, Unknown variable or property name.
Message: 'The post-expression for the step 'Statement' could not be evaluated.
Unknown variable or property name 'Parameters.UUTcorrect'.' at step 'Statement' in seq 'ProcessModelPostStepRuntimeError'

TST-C-ROS-T2935    9/7/2026 3:57:26 PM ProcessModelError
Error Code: -17306, Unknown variable or property name.
Message: 'The post-expression for the step 'Statement' could not be evaluated.
Unknown variable or property name 'Parameters.UUTcorrect'.' at step 'Statement' in seq 'ProcessModelPostStepRuntimeError'

TST-C-ROS-T2935    14/7/2026 4:13:51 PM ProcessModelError
Error Code: -1074000000, Code Module/User-defined error code.
Message: 'BK Precision 8500B Series.lvlib:Error Query.vi
Instrument reports:
-200,"Execution error"
0,"No error"



Complete call chain:
     BK Precision 8500B Series.lvlib:Error Query.vi
     BK Precision 8500B Series.lvlib:Enable Input.vi
     BK Precision 8500B Series.lvlib:Enable Input.vi.ProxyCaller
LabVIEW: (Hex 0xBFFC0F80) Instrument error query failure.' at step 'Enable/Disable E-Load1' in seq 'ProcessModelPostStepRuntimeError'

TST-C-ROS-T2935    14/7/2026 4:13:59 PM ProcessModelError
Error Code: -1074000000, Code Module/User-defined error code.
Message: 'BK Precision 8500B Series.lvlib:Error Query.vi
Instrument reports:
-200,"Execution error"
0,"No error"



Complete call chain:
     BK Precision 8500B Series.lvlib:Error Query.vi
     BK Precision 8500B Series.lvlib:Enable Input.vi
     BK Precision 8500B Series.lvlib:Enable Input.vi.ProxyCaller
LabVIEW: (Hex 0xBFFC0F80) Instrument error query failure.' at step 'Enable/Disable E-Load1' in seq 'ProcessModelPostStepRuntimeError'

    14/7/2026 5:21:04 PM ProcessModelError
Error Code: 0, Code Module/User-defined error code.
Message: 'Open Com Error
LabVIEW: (Hex 0x0) Error connecting to GPIB driver or device. The NI-488.2 driver may not be installed.
=========================
Error connecting to driver or device. The NI-488.2 driver may not be installed.
=========================
VISA:  (Hex 0x0) Operation completed successfully.' at step 'Initialize Feasa' in seq 'ProcessModelPostStepRuntimeError'

    14/7/2026 5:24:30 PM ProcessModelError
Error Code: 0, Code Module/User-defined error code.
Message: 'Open Com Error
LabVIEW: (Hex 0x0) Error connecting to GPIB driver or device. The NI-488.2 driver may not be installed.
=========================
Error connecting to driver or device. The NI-488.2 driver may not be installed.
=========================
VISA:  (Hex 0x0) Operation completed successfully.' at step 'Initialize Feasa' in seq 'ProcessModelPostStepRuntimeError'

TST-C-ROS-T2935    15/7/2026 9:01:42 AM ProcessModelError
Error Code: -1074000000, Code Module/User-defined error code.
Message: 'BK Precision 8500B Series.lvlib:Error Query.vi
Instrument reports:
-200,"Execution error"
0,"No error"



Complete call chain:
     BK Precision 8500B Series.lvlib:Error Query.vi
     BK Precision 8500B Series.lvlib:Enable Input.vi
     BK Precision 8500B Series.lvlib:Enable Input.vi.ProxyCaller
LabVIEW: (Hex 0xBFFC0F80) Instrument error query failure.' at step 'Enable/Disable E-Load1' in seq 'ProcessModelPostStepRuntimeError'

TST-C-ROS-T2935    15/7/2026 9:01:49 AM ProcessModelError
Error Code: -1074000000, Code Module/User-defined error code.
Message: 'BK Precision 8500B Series.lvlib:Error Query.vi
Instrument reports:
-200,"Execution error"
0,"No error"



Complete call chain:
     BK Precision 8500B Series.lvlib:Error Query.vi
     BK Precision 8500B Series.lvlib:Enable Input.vi
     BK Precision 8500B Series.lvlib:Enable Input.vi.ProxyCaller
LabVIEW: (Hex 0xBFFC0F80) Instrument error query failure.' at step 'Enable/Disable E-Load1' in seq 'ProcessModelPostStepRuntimeError'

TST-C-ROS-T2935    15/7/2026 9:01:49 AM ProcessModelError
Error Code: -1074000000, Code Module/User-defined error code.
Message: 'BK Precision 8500B Series.lvlib:Error Query.vi
Instrument reports:
-200,"Execution error"
0,"No error"



Complete call chain:
     BK Precision 8500B Series.lvlib:Error Query.vi
     BK Precision 8500B Series.lvlib:Enable Input.vi
     BK Precision 8500B Series.lvlib:Enable Input.vi.ProxyCaller
LabVIEW: (Hex 0xBFFC0F80) Instrument error query failure.' at step 'Enable/Disable E-Load2' in seq 'ProcessModelPostStepRuntimeError'

TST-C-ROS-T2935    15/7/2026 9:36:26 AM ProcessModelError
Error Code: -1074000000, Code Module/User-defined error code.
Message: 'BK Precision 8500B Series.lvlib:Error Query.vi
Instrument reports:
-200,"Execution error"
0,"No error"



Complete call chain:
     BK Precision 8500B Series.lvlib:Error Query.vi
     BK Precision 8500B Series.lvlib:Enable Input.vi
     BK Precision 8500B Series.lvlib:Enable Input.vi.ProxyCaller
LabVIEW: (Hex 0xBFFC0F80) Instrument error query failure.' at step 'Enable/Disable E-Load2' in seq 'ProcessModelPostStepRuntimeError'

TST-C-ROS-T2935    15/7/2026 9:36:32 AM ProcessModelError
Error Code: -1074000000, Code Module/User-defined error code.
Message: 'BK Precision 8500B Series.lvlib:Error Query.vi
Instrument reports:
-200,"Execution error"
0,"No error"



Complete call chain:
     BK Precision 8500B Series.lvlib:Error Query.vi
     BK Precision 8500B Series.lvlib:Enable Input.vi
     BK Precision 8500B Series.lvlib:Enable Input.vi.ProxyCaller
LabVIEW: (Hex 0xBFFC0F80) Instrument error query failure.' at step 'Enable/Disable E-Load2' in seq 'ProcessModelPostStepRuntimeError'

TST-C-ROS-T2935    15/7/2026 10:20:49 AM ProcessModelError
Error Code: -1074000000, Code Module/User-defined error code.
Message: 'BK Precision 8500B Series.lvlib:Error Query.vi
Instrument reports:
-200,"Execution error"
0,"No error"



Complete call chain:
     BK Precision 8500B Series.lvlib:Error Query.vi
     BK Precision 8500B Series.lvlib:Enable Input.vi
     BK Precision 8500B Series.lvlib:Enable Input.vi.ProxyCaller
LabVIEW: (Hex 0xBFFC0F80) Instrument error query failure.' at step 'Enable/Disable E-Load1' in seq 'ProcessModelPostStepRuntimeError'

TST-C-ROS-T2935    15/7/2026 10:20:55 AM ProcessModelError
Error Code: -1074000000, Code Module/User-defined error code.
Message: 'BK Precision 8500B Series.lvlib:Error Query.vi
Instrument reports:
-200,"Execution error"
0,"No error"



Complete call chain:
     BK Precision 8500B Series.lvlib:Error Query.vi
     BK Precision 8500B Series.lvlib:Enable Input.vi
     BK Precision 8500B Series.lvlib:Enable Input.vi.ProxyCaller
LabVIEW: (Hex 0xBFFC0F80) Instrument error query failure.' at step 'Enable/Disable E-Load1' in seq 'ProcessModelPostStepRuntimeError'

TST-C-ROS-T2935    15/7/2026 10:20:56 AM ProcessModelError
Error Code: -1074000000, Code Module/User-defined error code.
Message: 'BK Precision 8500B Series.lvlib:Error Query.vi
Instrument reports:
-200,"Execution error"
0,"No error"



Complete call chain:
     BK Precision 8500B Series.lvlib:Error Query.vi
     BK Precision 8500B Series.lvlib:Enable Input.vi
     BK Precision 8500B Series.lvlib:Enable Input.vi.ProxyCaller
LabVIEW: (Hex 0xBFFC0F80) Instrument error query failure.' at step 'Enable/Disable E-Load2' in seq 'ProcessModelPostStepRuntimeError'

TST-C-ROS-T2935    15/7/2026 10:21:05 AM ProcessModelError
Error Code: -1074000000, Code Module/User-defined error code.
Message: 'BK Precision 8500B Series.lvlib:Error Query.vi
Instrument reports:
-200,"Execution error"
-200,"Execution error"
0,"No error"



Complete call chain:
     BK Precision 8500B Series.lvlib:Error Query.vi
     BK Precision 8500B Series.lvlib:Configure Operation Mode.vi
     BK Precision 8500B Series.lvlib:Configure Operation Mode.vi.ProxyCaller
LabVIEW: (Hex 0xBFFC0F80) Instrument error query failure.' at step 'Set E-Load1 Operation Mode' in seq 'ProcessModelPostStepRuntimeError'

TST-C-ROS-T2935    15/7/2026 10:21:10 AM ProcessModelError
Error Code: -1074000000, Code Module/User-defined error code.
Message: 'BK Precision 8500B Series.lvlib:Error Query.vi
Instrument reports:
-200,"Execution error"
0,"No error"



Complete call chain:
     BK Precision 8500B Series.lvlib:Error Query.vi
     BK Precision 8500B Series.lvlib:Enable Input.vi
     BK Precision 8500B Series.lvlib:Enable Input.vi.ProxyCaller
LabVIEW: (Hex 0xBFFC0F80) Instrument error query failure.' at step 'Enable/Disable E-Load1' in seq 'ProcessModelPostStepRuntimeError'

TST-C-ROS-T2935    15/7/2026 10:21:10 AM ProcessModelError
Error Code: -1074000000, Code Module/User-defined error code.
Message: 'BK Precision 8500B Series.lvlib:Error Query.vi
Instrument reports:
-200,"Execution error"
0,"No error"



Complete call chain:
     BK Precision 8500B Series.lvlib:Error Query.vi
     BK Precision 8500B Series.lvlib:Enable Input.vi
     BK Precision 8500B Series.lvlib:Enable Input.vi.ProxyCaller
LabVIEW: (Hex 0xBFFC0F80) Instrument error query failure.' at step 'Enable/Disable E-Load2' in seq 'ProcessModelPostStepRuntimeError'

TST-C-ROS-T2935    15/7/2026 10:39:30 AM ProcessModelError
Error Code: -1074000000, Code Module/User-defined error code.
Message: 'BK Precision 8500B Series.lvlib:Error Query.vi
Instrument reports:
-200,"Execution error"
0,"No error"



Complete call chain:
     BK Precision 8500B Series.lvlib:Error Query.vi
     BK Precision 8500B Series.lvlib:Enable Input.vi
     BK Precision 8500B Series.lvlib:Enable Input.vi.ProxyCaller
LabVIEW: (Hex 0xBFFC0F80) Instrument error query failure.' at step 'Enable/Disable E-Load1' in seq 'ProcessModelPostStepRuntimeError'

TST-C-ROS-T2935    15/7/2026 10:39:37 AM ProcessModelError
Error Code: -1074000000, Code Module/User-defined error code.
Message: 'BK Precision 8500B Series.lvlib:Error Query.vi
Instrument reports:
-200,"Execution error"
0,"No error"



Complete call chain:
     BK Precision 8500B Series.lvlib:Error Query.vi
     BK Precision 8500B Series.lvlib:Enable Input.vi
     BK Precision 8500B Series.lvlib:Enable Input.vi.ProxyCaller
LabVIEW: (Hex 0xBFFC0F80) Instrument error query failure.' at step 'Enable/Disable E-Load1' in seq 'ProcessModelPostStepRuntimeError'

TST-C-ROS-T2935    15/7/2026 10:39:37 AM ProcessModelError
Error Code: -1074000000, Code Module/User-defined error code.
Message: 'BK Precision 8500B Series.lvlib:Error Query.vi
Instrument reports:
-200,"Execution error"
0,"No error"



Complete call chain:
     BK Precision 8500B Series.lvlib:Error Query.vi
     BK Precision 8500B Series.lvlib:Enable Input.vi
     BK Precision 8500B Series.lvlib:Enable Input.vi.ProxyCaller
LabVIEW: (Hex 0xBFFC0F80) Instrument error query failure.' at step 'Enable/Disable E-Load2' in seq 'ProcessModelPostStepRuntimeError'

TST-C-ROS-T2935    15/7/2026 2:36:44 PM ProcessModelError
Error Code: -1074000000, Code Module/User-defined error code.
Message: 'BK Precision 8500B Series.lvlib:Error Query.vi
Instrument reports:
-200,"Execution error"
0,"No error"



Complete call chain:
     BK Precision 8500B Series.lvlib:Error Query.vi
     BK Precision 8500B Series.lvlib:Enable Input.vi
     BK Precision 8500B Series.lvlib:Enable Input.vi.ProxyCaller
LabVIEW: (Hex 0xBFFC0F80) Instrument error query failure.' at step 'Enable/Disable E-Load1' in seq 'ProcessModelPostStepRuntimeError'

TST-C-ROS-T2935    15/7/2026 2:36:50 PM ProcessModelError
Error Code: -1074000000, Code Module/User-defined error code.
Message: 'BK Precision 8500B Series.lvlib:Error Query.vi
Instrument reports:
-200,"Execution error"
0,"No error"



Complete call chain:
     BK Precision 8500B Series.lvlib:Error Query.vi
     BK Precision 8500B Series.lvlib:Enable Input.vi
     BK Precision 8500B Series.lvlib:Enable Input.vi.ProxyCaller
LabVIEW: (Hex 0xBFFC0F80) Instrument error query failure.' at step 'Enable/Disable E-Load1' in seq 'ProcessModelPostStepRuntimeError'

TST-C-ROS-T2935    15/7/2026 3:08:24 PM ProcessModelError
Error Code: -1074000000, Code Module/User-defined error code.
Message: 'BK Precision 8500B Series.lvlib:Error Query.vi
Instrument reports:
-200,"Execution error"
0,"No error"



Complete call chain:
     BK Precision 8500B Series.lvlib:Error Query.vi
     BK Precision 8500B Series.lvlib:Enable Input.vi
     BK Precision 8500B Series.lvlib:Enable Input.vi.ProxyCaller
LabVIEW: (Hex 0xBFFC0F80) Instrument error query failure.' at step 'Enable/Disable E-Load1' in seq 'ProcessModelPostStepRuntimeError'

TST-C-ROS-T2935    15/7/2026 3:08:31 PM ProcessModelError
Error Code: -1074000000, Code Module/User-defined error code.
Message: 'BK Precision 8500B Series.lvlib:Error Query.vi
Instrument reports:
-200,"Execution error"
0,"No error"



Complete call chain:
     BK Precision 8500B Series.lvlib:Error Query.vi
     BK Precision 8500B Series.lvlib:Enable Input.vi
     BK Precision 8500B Series.lvlib:Enable Input.vi.ProxyCaller
LabVIEW: (Hex 0xBFFC0F80) Instrument error query failure.' at step 'Enable/Disable E-Load1' in seq 'ProcessModelPostStepRuntimeError'

    15/7/2026 6:14:12 PM ProcessModelError
Error Code: -1073807343, Code Module/User-defined error code.
Message: 'VISA Open in Agilent 3446X Series.lvlib:Initialize.vi
VISA:  (Hex 0xBFFF0011) Insufficient location information or the device or resource is not present in the system.' at step 'Initialize DMM' in seq 'ProcessModelPostStepRuntimeError'

    15/7/2026 6:14:22 PM ProcessModelError
Error Code: -1073807343, Code Module/User-defined error code.
Message: 'VISA Write in Agilent 3446X Series.lvlib:Error Query.vi->Agilent 3446X Series.lvlib:Close.vi
VISA:  (Hex 0xBFFF0011) Insufficient location information or the device or resource is not present in the system.' at step 'Disconnect DMM' in seq 'ProcessModelPostStepRuntimeError'

    15/7/2026 6:16:04 PM ProcessModelError
Error Code: -1073807343, Code Module/User-defined error code.
Message: 'VISA Open in Agilent 3446X Series.lvlib:Initialize.vi
VISA:  (Hex 0xBFFF0011) Insufficient location information or the device or resource is not present in the system.' at step 'Initialize DMM' in seq 'ProcessModelPostStepRuntimeError'

    15/7/2026 6:16:35 PM ProcessModelError
Error Code: -1073807343, Code Module/User-defined error code.
Message: 'VISA Write in Agilent 3446X Series.lvlib:Error Query.vi->Agilent 3446X Series.lvlib:Close.vi
VISA:  (Hex 0xBFFF0011) Insufficient location information or the device or resource is not present in the system.' at step 'Disconnect DMM' in seq 'ProcessModelPostStepRuntimeError'

    15/7/2026 6:18:05 PM ProcessModelError
Error Code: 0, Code Module/User-defined error code.
Message: 'Open Com Error
LabVIEW: (Hex 0x0) Error connecting to GPIB driver or device. The NI-488.2 driver may not be installed.
=========================
Error connecting to driver or device. The NI-488.2 driver may not be installed.
=========================
VISA:  (Hex 0x0) Operation completed successfully.' at step 'Initialize Feasa' in seq 'ProcessModelPostStepRuntimeError'

    16/7/2026 10:46:49 AM ProcessModelError
Error Code: -1074001912, Code Module/User-defined error code.
Message: 'GENser Write to Instrument.vi -> GENser Config Output On-Off.vi  Error sending command to Genesys addr 00:
"OUT OFF"

No response when changing to a new address of a  Genesys power supply.

Sent command:           "ADR 00"
Received response:    none (timeout error)
' at step 'PPS3 Output' in seq 'ProcessModelPostStepRuntimeError'

    16/7/2026 10:47:06 AM ProcessModelError
Error Code: -1073807339, Code Module/User-defined error code.
Message: 'VISA Read in BK Precision 8500B Series.lvlib:Error Query.vi->BK Precision 8500B Series.lvlib:Close.vi
VISA:  (Hex 0xBFFF0015) Timeout expired before operation completed.' at step 'Disconnect E-Load1' in seq 'ProcessModelPostStepRuntimeError'

    16/7/2026 10:47:08 AM ProcessModelError
Error Code: -1073807343, Code Module/User-defined error code.
Message: 'VISA Write in Agilent 3446X Series.lvlib:Error Query.vi->Agilent 3446X Series.lvlib:Close.vi
VISA:  (Hex 0xBFFF0011) Insufficient location information or the device or resource is not present in the system.' at step 'Disconnect DMM' in seq 'ProcessModelPostStepRuntimeError'

TST-C-ROS-T2935    16/7/2026 11:21:40 AM ProcessModelError
Error Code: -1074000000, Code Module/User-defined error code.
Message: 'BK Precision 8500B Series.lvlib:Error Query.vi
Instrument reports:
-200,"Execution error"
0,"No error"



Complete call chain:
     BK Precision 8500B Series.lvlib:Error Query.vi
     BK Precision 8500B Series.lvlib:Enable Input.vi
     BK Precision 8500B Series.lvlib:Enable Input.vi.ProxyCaller
LabVIEW: (Hex 0xBFFC0F80) Instrument error query failure.' at step 'Enable/Disable E-Load1' in seq 'ProcessModelPostStepRuntimeError'

TST-C-ROS-T2935    16/7/2026 11:21:47 AM ProcessModelError
Error Code: -1074000000, Code Module/User-defined error code.
Message: 'BK Precision 8500B Series.lvlib:Error Query.vi
Instrument reports:
-200,"Execution error"
0,"No error"



Complete call chain:
     BK Precision 8500B Series.lvlib:Error Query.vi
     BK Precision 8500B Series.lvlib:Enable Input.vi
     BK Precision 8500B Series.lvlib:Enable Input.vi.ProxyCaller
LabVIEW: (Hex 0xBFFC0F80) Instrument error query failure.' at step 'Enable/Disable E-Load1' in seq 'ProcessModelPostStepRuntimeError'

TST-C-ROS-T2935    16/7/2026 11:21:47 AM ProcessModelError
Error Code: -1074000000, Code Module/User-defined error code.
Message: 'BK Precision 8500B Series.lvlib:Error Query.vi
Instrument reports:
-200,"Execution error"
0,"No error"



Complete call chain:
     BK Precision 8500B Series.lvlib:Error Query.vi
     BK Precision 8500B Series.lvlib:Enable Input.vi
     BK Precision 8500B Series.lvlib:Enable Input.vi.ProxyCaller
LabVIEW: (Hex 0xBFFC0F80) Instrument error query failure.' at step 'Enable/Disable E-Load2' in seq 'ProcessModelPostStepRuntimeError'

TST-C-ROS-T2935    16/7/2026 11:29:54 AM ProcessModelError
Error Code: -1074000000, Code Module/User-defined error code.
Message: 'BK Precision 8500B Series.lvlib:Error Query.vi
Instrument reports:
-200,"Execution error"
0,"No error"



Complete call chain:
     BK Precision 8500B Series.lvlib:Error Query.vi
     BK Precision 8500B Series.lvlib:Enable Input.vi
     BK Precision 8500B Series.lvlib:Enable Input.vi.ProxyCaller
LabVIEW: (Hex 0xBFFC0F80) Instrument error query failure.' at step 'Enable/Disable E-Load1' in seq 'ProcessModelPostStepRuntimeError'

TST-C-ROS-T2935    16/7/2026 11:30:00 AM ProcessModelError
Error Code: -1074000000, Code Module/User-defined error code.
Message: 'BK Precision 8500B Series.lvlib:Error Query.vi
Instrument reports:
-200,"Execution error"
0,"No error"



Complete call chain:
     BK Precision 8500B Series.lvlib:Error Query.vi
     BK Precision 8500B Series.lvlib:Enable Input.vi
     BK Precision 8500B Series.lvlib:Enable Input.vi.ProxyCaller
LabVIEW: (Hex 0xBFFC0F80) Instrument error query failure.' at step 'Enable/Disable E-Load1' in seq 'ProcessModelPostStepRuntimeError'

    17/7/2026 8:57:04 AM ProcessModelError
Error Code: -1073807343, Code Module/User-defined error code.
Message: 'VISA Open in Agilent 3446X Series.lvlib:Initialize.vi
VISA:  (Hex 0xBFFF0011) Insufficient location information or the device or resource is not present in the system.' at step 'Initialize DMM' in seq 'ProcessModelPostStepRuntimeError'

TST-C-ROS-T2935    17/7/2026 9:00:54 AM ProcessModelError
Error Code: -1074000000, Code Module/User-defined error code.
Message: 'BK Precision 8500B Series.lvlib:Error Query.vi
Instrument reports:
-200,"Execution error"
0,"No error"



Complete call chain:
     BK Precision 8500B Series.lvlib:Error Query.vi
     BK Precision 8500B Series.lvlib:Enable Input.vi
     BK Precision 8500B Series.lvlib:Enable Input.vi.ProxyCaller
LabVIEW: (Hex 0xBFFC0F80) Instrument error query failure.' at step 'Enable/Disable E-Load1' in seq 'ProcessModelPostStepRuntimeError'

TST-C-ROS-T2935    17/7/2026 9:01:02 AM ProcessModelError
Error Code: -1074000000, Code Module/User-defined error code.
Message: 'BK Precision 8500B Series.lvlib:Error Query.vi
Instrument reports:
-200,"Execution error"
0,"No error"



Complete call chain:
     BK Precision 8500B Series.lvlib:Error Query.vi
     BK Precision 8500B Series.lvlib:Enable Input.vi
     BK Precision 8500B Series.lvlib:Enable Input.vi.ProxyCaller
LabVIEW: (Hex 0xBFFC0F80) Instrument error query failure.' at step 'Enable/Disable E-Load1' in seq 'ProcessModelPostStepRuntimeError'

TST-C-ROS-T2935    17/7/2026 9:01:02 AM ProcessModelError
Error Code: -1074000000, Code Module/User-defined error code.
Message: 'BK Precision 8500B Series.lvlib:Error Query.vi
Instrument reports:
-200,"Execution error"
0,"No error"



Complete call chain:
     BK Precision 8500B Series.lvlib:Error Query.vi
     BK Precision 8500B Series.lvlib:Enable Input.vi
     BK Precision 8500B Series.lvlib:Enable Input.vi.ProxyCaller
LabVIEW: (Hex 0xBFFC0F80) Instrument error query failure.' at step 'Enable/Disable E-Load2' in seq 'ProcessModelPostStepRuntimeError'

    17/7/2026 9:01:13 AM ProcessModelError
Error Code: -1073807339, Code Module/User-defined error code.
Message: 'VISA Read in GENser Write to Instrument.vi->GENser Config Output On-Off.vi
VISA:  (Hex 0xBFFF0015) Timeout expired before operation completed.' at step 'PPS3 Output' in seq 'ProcessModelPostStepRuntimeError'

    17/7/2026 9:01:17 AM ProcessModelError
Error Code: -1073807343, Code Module/User-defined error code.
Message: 'VISA Write in Agilent 3446X Series.lvlib:Error Query.vi->Agilent 3446X Series.lvlib:Close.vi
VISA:  (Hex 0xBFFF0011) Insufficient location information or the device or resource is not present in the system.' at step 'Disconnect DMM' in seq 'ProcessModelPostStepRuntimeError'

TST-C-ROS-T2935    17/7/2026 9:07:20 AM ProcessModelError
Error Code: -1074000000, Code Module/User-defined error code.
Message: 'BK Precision 8500B Series.lvlib:Error Query.vi
Instrument reports:
-200,"Execution error"
0,"No error"



Complete call chain:
     BK Precision 8500B Series.lvlib:Error Query.vi
     BK Precision 8500B Series.lvlib:Enable Input.vi
     BK Precision 8500B Series.lvlib:Enable Input.vi.ProxyCaller
LabVIEW: (Hex 0xBFFC0F80) Instrument error query failure.' at step 'Enable/Disable E-Load1' in seq 'ProcessModelPostStepRuntimeError'

TST-C-ROS-T2935    17/7/2026 9:07:26 AM ProcessModelError
Error Code: -1074000000, Code Module/User-defined error code.
Message: 'BK Precision 8500B Series.lvlib:Error Query.vi
Instrument reports:
-200,"Execution error"
0,"No error"



Complete call chain:
     BK Precision 8500B Series.lvlib:Error Query.vi
     BK Precision 8500B Series.lvlib:Enable Input.vi
     BK Precision 8500B Series.lvlib:Enable Input.vi.ProxyCaller
LabVIEW: (Hex 0xBFFC0F80) Instrument error query failure.' at step 'Enable/Disable E-Load1' in seq 'ProcessModelPostStepRuntimeError'

    17/7/2026 9:07:31 AM ProcessModelError
Error Code: -1073807339, Code Module/User-defined error code.
Message: 'VISA Read in GENser Write to Instrument.vi->GENser Config Output On-Off.vi
VISA:  (Hex 0xBFFF0015) Timeout expired before operation completed.' at step 'PPS3 Output' in seq 'ProcessModelPostStepRuntimeError'

    17/7/2026 9:10:36 AM ProcessModelError
Error Code: -1073807339, Code Module/User-defined error code.
Message: 'VISA Read in GENser Write to Instrument.vi->GENser Config Output On-Off.vi
VISA:  (Hex 0xBFFF0015) Timeout expired before operation completed.' at step 'PPS3 Output' in seq 'ProcessModelPostStepRuntimeError'

TST-C-ROS-T2935    17/7/2026 10:30:50 AM ProcessModelError
Error Code: -1074000000, Code Module/User-defined error code.
Message: 'BK Precision 8500B Series.lvlib:Error Query.vi
Instrument reports:
-200,"Execution error"
0,"No error"



Complete call chain:
     BK Precision 8500B Series.lvlib:Error Query.vi
     BK Precision 8500B Series.lvlib:Enable Input.vi
     BK Precision 8500B Series.lvlib:Enable Input.vi.ProxyCaller
LabVIEW: (Hex 0xBFFC0F80) Instrument error query failure.' at step 'Enable/Disable E-Load1' in seq 'ProcessModelPostStepRuntimeError'

TST-C-ROS-T2935    17/7/2026 10:30:55 AM ProcessModelError
Error Code: -1074000000, Code Module/User-defined error code.
Message: 'BK Precision 8500B Series.lvlib:Error Query.vi
Instrument reports:
-200,"Execution error"
0,"No error"



Complete call chain:
     BK Precision 8500B Series.lvlib:Error Query.vi
     BK Precision 8500B Series.lvlib:Enable Input.vi
     BK Precision 8500B Series.lvlib:Enable Input.vi.ProxyCaller
LabVIEW: (Hex 0xBFFC0F80) Instrument error query failure.' at step 'Enable/Disable E-Load1' in seq 'ProcessModelPostStepRuntimeError'

    17/7/2026 10:30:59 AM ProcessModelError
Error Code: -1073807339, Code Module/User-defined error code.
Message: 'VISA Read in GENser Write to Instrument.vi->GENser Config Output On-Off.vi
VISA:  (Hex 0xBFFF0015) Timeout expired before operation completed.' at step 'PPS3 Output' in seq 'ProcessModelPostStepRuntimeError'

    17/7/2026 10:32:00 AM ProcessModelError
Error Code: -1073807339, Code Module/User-defined error code.
Message: 'VISA Read in GENser Write to Instrument.vi->GENser Config Output On-Off.vi
VISA:  (Hex 0xBFFF0015) Timeout expired before operation completed.' at step 'PPS3 Output' in seq 'ProcessModelPostStepRuntimeError'

    17/7/2026 10:37:08 AM ProcessModelError
Error Code: -1073807339, Code Module/User-defined error code.
Message: 'VISA Read in GENser Write to Instrument.vi->GENser Config Output On-Off.vi
VISA:  (Hex 0xBFFF0015) Timeout expired before operation completed.' at step 'PPS3 Output' in seq 'ProcessModelPostStepRuntimeError'

TST-C-ROS-T2935    17/7/2026 11:47:29 AM ProcessModelError
Error Code: -1074000000, Code Module/User-defined error code.
Message: 'BK Precision 8500B Series.lvlib:Error Query.vi
Instrument reports:
-200,"Execution error"
0,"No error"



Complete call chain:
     BK Precision 8500B Series.lvlib:Error Query.vi
     BK Precision 8500B Series.lvlib:Enable Input.vi
     BK Precision 8500B Series.lvlib:Enable Input.vi.ProxyCaller
LabVIEW: (Hex 0xBFFC0F80) Instrument error query failure.' at step 'Enable/Disable E-Load1' in seq 'ProcessModelPostStepRuntimeError'

TST-C-ROS-T2935    17/7/2026 11:47:36 AM ProcessModelError
Error Code: -1074000000, Code Module/User-defined error code.
Message: 'BK Precision 8500B Series.lvlib:Error Query.vi
Instrument reports:
-200,"Execution error"
0,"No error"



Complete call chain:
     BK Precision 8500B Series.lvlib:Error Query.vi
     BK Precision 8500B Series.lvlib:Enable Input.vi
     BK Precision 8500B Series.lvlib:Enable Input.vi.ProxyCaller
LabVIEW: (Hex 0xBFFC0F80) Instrument error query failure.' at step 'Enable/Disable E-Load1' in seq 'ProcessModelPostStepRuntimeError'

TST-C-ROS-T2935    17/7/2026 11:47:36 AM ProcessModelError
Error Code: -1074000000, Code Module/User-defined error code.
Message: 'BK Precision 8500B Series.lvlib:Error Query.vi
Instrument reports:
-200,"Execution error"
0,"No error"



Complete call chain:
     BK Precision 8500B Series.lvlib:Error Query.vi
     BK Precision 8500B Series.lvlib:Enable Input.vi
     BK Precision 8500B Series.lvlib:Enable Input.vi.ProxyCaller
LabVIEW: (Hex 0xBFFC0F80) Instrument error query failure.' at step 'Enable/Disable E-Load2' in seq 'ProcessModelPostStepRuntimeError'

    17/7/2026 3:48:50 PM ProcessModelError
Error Code: 0, Code Module/User-defined error code.
Message: 'Open Com Error
LabVIEW: (Hex 0x0) Error connecting to GPIB driver or device. The NI-488.2 driver may not be installed.
=========================
Error connecting to driver or device. The NI-488.2 driver may not be installed.
=========================
VISA:  (Hex 0x0) Operation completed successfully.' at step 'Initialize Feasa' in seq 'ProcessModelPostStepRuntimeError'

TST-C-ROS-T2935    17/7/2026 4:04:36 PM ProcessModelError
Error Code: -1074000000, Code Module/User-defined error code.
Message: 'BK Precision 8500B Series.lvlib:Error Query.vi
Instrument reports:
-200,"Execution error"
0,"No error"



Complete call chain:
     BK Precision 8500B Series.lvlib:Error Query.vi
     BK Precision 8500B Series.lvlib:Enable Input.vi
     BK Precision 8500B Series.lvlib:Enable Input.vi.ProxyCaller
LabVIEW: (Hex 0xBFFC0F80) Instrument error query failure.' at step 'Enable/Disable E-Load1' in seq 'ProcessModelPostStepRuntimeError'

TST-C-ROS-T2935    17/7/2026 4:04:42 PM ProcessModelError
Error Code: -1074000000, Code Module/User-defined error code.
Message: 'BK Precision 8500B Series.lvlib:Error Query.vi
Instrument reports:
-200,"Execution error"
0,"No error"



Complete call chain:
     BK Precision 8500B Series.lvlib:Error Query.vi
     BK Precision 8500B Series.lvlib:Enable Input.vi
     BK Precision 8500B Series.lvlib:Enable Input.vi.ProxyCaller
LabVIEW: (Hex 0xBFFC0F80) Instrument error query failure.' at step 'Enable/Disable E-Load1' in seq 'ProcessModelPostStepRuntimeError'

TST-C-ROS-T2935    17/7/2026 4:26:16 PM ProcessModelError
Error Code: -1073807339, Code Module/User-defined error code.
Message: 'VISA Read in RIGOL MHO900 Series.lvlib:Fetch Waveform Measurement.vi
VISA:  (Hex 0xBFFF0015) Timeout expired before operation completed.' at step 'TRS04.2 - Measure UUT Hiccup Mode ' in seq 'ProcessModelPostStepRuntimeError'

    17/7/2026 4:36:54 PM ProcessModelError
Error Code: -1074000000, Code Module/User-defined error code.
Message: 'Agilent 3446X Series.lvlib:Error Query.vi
Instrument reports:
-113,"Undefined header"
-420,"Query UNTERMINATED"
-113,"Undefined header"
-420,"Query UNTERMINATED"
-113,"Undefined header"
-420,"Query UNTERMINATED"
-113,"Undefined header"
-420,"Query UNTERMINATED"
-113,"Undefined header"
-420,"Query UNTERMINATED"
-113,"Undefined header"
-420,"Query UNTERMINATED"
-113,"Undefined header"
-420,"Query UNTERMINATED"
-113,"Undefined header"
-420,"Query UNTERMINATED"
-113,"Undefined header"
-420,"Query UNTERMINATED"
+0,"No error"



Complete call chain:
     Agilent 3446X Series.lvlib:Error Query.vi
     Agilent 3446X Series.lvlib:Close.vi
     Agilent 3446X Series.lvlib:Close.vi.ProxyCaller
LabVIEW: (Hex 0xBFFC0F80) Instrument error query failure.' at step 'Disconnect DMM' in seq 'ProcessModelPostStepRuntimeError'

TST-C-ROS-T2935    17/7/2026 4:39:08 PM ProcessModelError
Error Code: -1073807339, Code Module/User-defined error code.
Message: 'VISA Read in RIGOL MHO900 Series.lvlib:Fetch Waveform Measurement.vi
VISA:  (Hex 0xBFFF0015) Timeout expired before operation completed.' at step 'TRS04.2 - Measure UUT Hiccup Mode ' in seq 'ProcessModelPostStepRuntimeError'

TST-C-ROS-T2935    17/7/2026 4:41:38 PM ProcessModelError
Error Code: -1073807339, Code Module/User-defined error code.
Message: 'VISA Read in RIGOL MHO900 Series.lvlib:Fetch Waveform Measurement.vi
VISA:  (Hex 0xBFFF0015) Timeout expired before operation completed.' at step 'TRS04.2 - Measure UUT Hiccup Mode ' in seq 'ProcessModelPostStepRuntimeError'

    17/7/2026 4:41:43 PM ProcessModelError
Error Code: -1074000000, Code Module/User-defined error code.
Message: 'Agilent 3446X Series.lvlib:Error Query.vi
Instrument reports:
-113,"Undefined header"
-420,"Query UNTERMINATED"
-113,"Undefined header"
-420,"Query UNTERMINATED"
-113,"Undefined header"
-420,"Query UNTERMINATED"
-113,"Undefined header"
-420,"Query UNTERMINATED"
-113,"Undefined header"
-420,"Query UNTERMINATED"
+0,"No error"



Complete call chain:
     Agilent 3446X Series.lvlib:Error Query.vi
     Agilent 3446X Series.lvlib:Close.vi
     Agilent 3446X Series.lvlib:Close.vi.ProxyCaller
LabVIEW: (Hex 0xBFFC0F80) Instrument error query failure.' at step 'Disconnect DMM' in seq 'ProcessModelPostStepRuntimeError'

TST-C-ROS-T2935    17/7/2026 4:48:32 PM ProcessModelError
Error Code: -1073807339, Code Module/User-defined error code.
Message: 'VISA Read in RIGOL MHO900 Series.lvlib:Fetch Waveform Measurement.vi
VISA:  (Hex 0xBFFF0015) Timeout expired before operation completed.' at step 'TRS04.2 - Measure UUT Hiccup Mode ' in seq 'ProcessModelPostStepRuntimeError'

    17/7/2026 4:48:40 PM ProcessModelError
Error Code: -1074000000, Code Module/User-defined error code.
Message: 'Agilent 3446X Series.lvlib:Error Query.vi
Instrument reports:
-113,"Undefined header"
-420,"Query UNTERMINATED"
-113,"Undefined header"
-420,"Query UNTERMINATED"
-113,"Undefined header"
-420,"Query UNTERMINATED"
+0,"No error"



Complete call chain:
     Agilent 3446X Series.lvlib:Error Query.vi
     Agilent 3446X Series.lvlib:Close.vi
     Agilent 3446X Series.lvlib:Close.vi.ProxyCaller
LabVIEW: (Hex 0xBFFC0F80) Instrument error query failure.' at step 'Disconnect DMM' in seq 'ProcessModelPostStepRuntimeError'

TST-C-ROS-T2935    17/7/2026 7:03:45 PM ProcessModelError
Error Code: -1074001403, Code Module/User-defined error code.
Message: 'GENser Write to Instrument.vi -> GENser Config Voltage Limit.vi  Error sending command to Genesys addr 00:
"PV 33.000000"

Setting out of range.  Attempt to program a setting outside of the model rating.' at step 'PPS1 Voltage' in seq 'ProcessModelPostStepRuntimeError'

TST-C-ROS-T2935    17/7/2026 7:12:08 PM ProcessModelError
Error Code: -1074001403, Code Module/User-defined error code.
Message: 'GENser Write to Instrument.vi -> GENser Config Voltage Limit.vi  Error sending command to Genesys addr 00:
"PV 33.000000"

Setting out of range.  Attempt to program a setting outside of the model rating.' at step 'PPS1 Voltage' in seq 'ProcessModelPostStepRuntimeError'

TST-C-ROS-T2935    20/7/2026 10:29:56 AM ProcessModelError
Error Code: 5000, Code Module/User-defined error code.
Message: 'Parse_pyWebscraper_Data.vi
Row specified is not found within array


Complete call chain:
     Parse_pyWebscraper_Data.vi
     Parse_pyWebscraper_Data.vi.ProxyCaller' at step 'TRS07.3.5 - SDU Internal Temperature' in seq 'ProcessModelPostStepRuntimeError'

TST-C-ROS-T2935    20/7/2026 10:40:28 AM ProcessModelError
Error Code: 5000, Code Module/User-defined error code.
Message: 'Parse_pyWebscraper_Data.vi
Row specified is not found within array


Complete call chain:
     Parse_pyWebscraper_Data.vi
     Parse_pyWebscraper_Data.vi.ProxyCaller' at step 'TRS07.3.6 - SDU Lifetime Turn-On Time' in seq 'ProcessModelPostStepRuntimeError'

TST-C-ROS-T2935    20/7/2026 10:41:42 AM ProcessModelError
Error Code: 5000, Code Module/User-defined error code.
Message: 'Parse_pyWebscraper_Data.vi
Row specified is not found within array


Complete call chain:
     Parse_pyWebscraper_Data.vi
     Parse_pyWebscraper_Data.vi.ProxyCaller' at step 'TRS07.3.5 - SDU Internal Temperature' in seq 'ProcessModelPostStepRuntimeError'

    20/7/2026 11:02:44 AM ProcessModelError
Error Code: -1073807343, Code Module/User-defined error code.
Message: 'VISA Open in Agilent 3446X Series.lvlib:Initialize.vi
VISA:  (Hex 0xBFFF0011) Insufficient location information or the device or resource is not present in the system.' at step 'Initialize DMM' in seq 'ProcessModelPostStepRuntimeError'

    20/7/2026 11:03:00 AM ProcessModelError
Error Code: -1073807343, Code Module/User-defined error code.
Message: 'VISA Write in Agilent 3446X Series.lvlib:Error Query.vi->Agilent 3446X Series.lvlib:Close.vi
VISA:  (Hex 0xBFFF0011) Insufficient location information or the device or resource is not present in the system.' at step 'Disconnect DMM' in seq 'ProcessModelPostStepRuntimeError'

TST-C-ROS-T2935    20/7/2026 11:11:43 AM ProcessModelError
Error Code: 5000, Code Module/User-defined error code.
Message: 'Parse_pyWebscraper_Data.vi
Row specified is not found within array


Complete call chain:
     Parse_pyWebscraper_Data.vi
     Parse_pyWebscraper_Data.vi.ProxyCaller' at step 'TRS07.3.7 - SDU Turn-On Time' in seq 'ProcessModelPostStepRuntimeError'

TST-C-ROS-T2935    20/7/2026 11:32:06 AM ProcessModelError
Error Code: 5000, Code Module/User-defined error code.
Message: 'Parse_pyWebscraper_Data.vi
Row specified is not found within array


Complete call chain:
     Parse_pyWebscraper_Data.vi
     Parse_pyWebscraper_Data.vi.ProxyCaller' at step 'TRS07.3.7 - SDU Turn-On Time' in seq 'ProcessModelPostStepRuntimeError'

TST-C-ROS-T2935    20/7/2026 11:40:05 AM ProcessModelError
Error Code: 5000, Code Module/User-defined error code.
Message: 'Parse_pyWebscraper_Data.vi
Row specified is not found within array


Complete call chain:
     Parse_pyWebscraper_Data.vi
     Parse_pyWebscraper_Data.vi.ProxyCaller' at step 'TRS07.5.1 - SDU High Internal Temperature' in seq 'ProcessModelPostStepRuntimeError'

    20/7/2026 3:58:49 PM ProcessModelError
Error Code: 0, Code Module/User-defined error code.
Message: 'Open Com Error
LabVIEW: (Hex 0x0) Error connecting to GPIB driver or device. The NI-488.2 driver may not be installed.
=========================
Error connecting to driver or device. The NI-488.2 driver may not be installed.
=========================
VISA:  (Hex 0x0) Operation completed successfully.' at step 'Initialize Feasa' in seq 'ProcessModelPostStepRuntimeError'

TST-C-ROS-T2935    20/7/2026 4:38:52 PM ProcessModelError
Error Code: -1074000000, Code Module/User-defined error code.
Message: 'BK Precision 8500B Series.lvlib:Error Query.vi
Instrument reports:
-200,"Execution error"
0,"No error"



Complete call chain:
     BK Precision 8500B Series.lvlib:Error Query.vi
     BK Precision 8500B Series.lvlib:Enable Input.vi
     BK Precision 8500B Series.lvlib:Enable Input.vi.ProxyCaller
LabVIEW: (Hex 0xBFFC0F80) Instrument error query failure.' at step 'Enable/Disable E-Load2' in seq 'ProcessModelPostStepRuntimeError'

TST-C-ROS-T2935    20/7/2026 4:40:25 PM ProcessModelError
Error Code: -1074000000, Code Module/User-defined error code.
Message: 'BK Precision 8500B Series.lvlib:Error Query.vi
Instrument reports:
-200,"Execution error"
0,"No error"



Complete call chain:
     BK Precision 8500B Series.lvlib:Error Query.vi
     BK Precision 8500B Series.lvlib:Enable Input.vi
     BK Precision 8500B Series.lvlib:Enable Input.vi.ProxyCaller
LabVIEW: (Hex 0xBFFC0F80) Instrument error query failure.' at step 'Enable/Disable E-Load2' in seq 'ProcessModelPostStepRuntimeError'

TST-C-ROS-T2935    20/7/2026 6:36:15 PM ProcessModelError
Error Code: -1074000000, Code Module/User-defined error code.
Message: 'BK Precision 8500B Series.lvlib:Error Query.vi
Instrument reports:
-200,"Execution error"
0,"No error"



Complete call chain:
     BK Precision 8500B Series.lvlib:Error Query.vi
     BK Precision 8500B Series.lvlib:Enable Input.vi
     BK Precision 8500B Series.lvlib:Enable Input.vi.ProxyCaller
LabVIEW: (Hex 0xBFFC0F80) Instrument error query failure.' at step 'Enable/Disable E-Load1' in seq 'ProcessModelPostStepRuntimeError'

TST-C-ROS-T2935    20/7/2026 6:36:19 PM ProcessModelError
Error Code: -1074000000, Code Module/User-defined error code.
Message: 'BK Precision 8500B Series.lvlib:Error Query.vi
Instrument reports:
-200,"Execution error"
0,"No error"



Complete call chain:
     BK Precision 8500B Series.lvlib:Error Query.vi
     BK Precision 8500B Series.lvlib:Enable Input.vi
     BK Precision 8500B Series.lvlib:Enable Input.vi.ProxyCaller
LabVIEW: (Hex 0xBFFC0F80) Instrument error query failure.' at step 'Enable/Disable E-Load1' in seq 'ProcessModelPostStepRuntimeError'

TST-C-ROS-T2935    21/7/2026 9:29:25 AM ProcessModelError
Error Code: -17306, Unknown variable or property name.
Message: 'The precondition for the step 'Webserver HTML Set-up' could not be evaluated.
Unknown variable or property name 'Locals.Ratio'.' at step 'Webserver HTML Set-up' in seq 'ProcessModelPostStepRuntimeError'

TST-C-ROS-T2935    21/7/2026 9:30:17 AM ProcessModelError
Error Code: -17306, Unknown variable or property name.
Message: 'The precondition for the step 'Webserver HTML Set-up' could not be evaluated.
Unknown variable or property name 'Locals.Ratio'.' at step 'Webserver HTML Set-up' in seq 'ProcessModelPostStepRuntimeError'

TST-C-ROS-T2935    21/7/2026 9:45:09 AM ProcessModelError
Error Code: 5000, Code Module/User-defined error code.
Message: 'Parse_pyWebscraper_Data.vi
Row specified is not found within array


Complete call chain:
     Parse_pyWebscraper_Data.vi
     Parse_pyWebscraper_Data.vi.ProxyCaller' at step 'TRS07.7.1 - SDU System Temperature' in seq 'ProcessModelPostStepRuntimeError'

TST-C-ROS-T2935    21/7/2026 4:04:53 PM ProcessModelError
Error Code: 0, Code Module/User-defined error code.
Message: 'Error making unique filepath' at step 'Error Making FilePath' in seq 'Socket'

TST-C-ROS-T2935    22/7/2026 8:56:28 AM ProcessModelError
Error Code: -17306, Unknown variable or property name.
Message: 'The post-expression for the step 'Statement' could not be evaluated.
Unknown variable or property name 'Parameters.UUTcorrect'.' at step 'Statement' in seq 'ProcessModelPostStepRuntimeError'

TST-C-ROS-T2935    22/7/2026 8:59:54 AM ProcessModelError
Error Code: -17306, Unknown variable or property name.
Message: 'The post-expression for the step 'Statement' could not be evaluated.
Unknown variable or property name 'Parameters.UUTcorrect'.' at step 'Statement' in seq 'ProcessModelPostStepRuntimeError'

TST-C-ROS-T2935    22/7/2026 9:00:05 AM ProcessModelError
Error Code: -17306, Unknown variable or property name.
Message: 'The post-expression for the step 'Statement' could not be evaluated.
Unknown variable or property name 'Parameters.UUTcorrect'.' at step 'Statement' in seq 'ProcessModelPostStepRuntimeError'

TST-C-ROS-T2935    22/7/2026 10:13:35 AM ProcessModelError
Error Code: -17208, File or directory not found.
Message: 'The step specifies to display an image or web page, but the following file could not be found:
  'TesterCommon\Pictures\Connect TLA LAN Cable #1.jpg'' at step 'Connect LAN Cable #1' in seq 'ProcessModelPostStepRuntimeError'

TST-C-ROS-T2935    22/7/2026 10:14:24 AM ProcessModelError
Error Code: -17208, File or directory not found.
Message: 'The step specifies to display an image or web page, but the following file could not be found:
  'TesterCommon\Pictures\Connect LAN TLA Cable #2.jpg'' at step 'Connect LAN Cable #2' in seq 'ProcessModelPostStepRuntimeError'

TST-C-ROS-T2935    22/7/2026 10:14:26 AM ProcessModelError
Error Code: -17208, File or directory not found.
Message: 'The step specifies to display an image or web page, but the following file could not be found:
  'TesterCommon\Pictures\Connect TLA Switch.jpg'' at step 'Connect Switch' in seq 'ProcessModelPostStepRuntimeError'

TST-C-ROS-T2935    22/7/2026 10:14:30 AM ProcessModelError
Error Code: -17208, File or directory not found.
Message: 'The step specifies to display an image or web page, but the following file could not be found:
  'TesterCommon\Pictures\Engage TLA Power Probe.jpg'' at step 'Engage Power Probe' in seq 'ProcessModelPostStepRuntimeError'

