:020000040800F2
:1000000000000420898F00085D2B01085F2B010888
:10001000612B0108632B0108652B0108000000001B
:10002000000000000000000000000000C12D0108D9
:10003000672B010800000000612E0108C52E010891
:10004000D98F0008D98F0008D98F0008D98F0008F0
:10005000D98F0008D98F0008B72B0108992B010808
:10006000D98F0008D98F0008AD2B0108012C010899
:10007000D98F0008D98F0008E12B0108F12B010866
:10008000D98F0008D98F0008B12C0108D98F00083A
:10009000D98F0008D98F0008D98F0008A32B010839
:1000A000D98F0008D98F0008D98F0008D98F000890
:1000B000D98F0008D98F0008892B0108512C01081D
:1000C000612C0108712C0108812C0108D98F0008CE
:1000D000D98F0008212C0108D98F0008D98F00087A
:1000E000D98F0008D98F0008D98F0008D98F000850
:1000F000692B0108D98F0008D98F0008112C01083D
:10010000D98F0008D98F0008792B0108D98F0008F2
:10011000D98F0008D98F0008D98F0008D98F00081F
:10012000C12B0108D98F0008412C0108D12B0108EF
:10013000D98F00080000000000000000000000004F
:10014000000000000000000000000000D98F00083F
:10015000D98F0008D98F0008312C0108D98F0008E9
:10016000912C0108A12C0108D98F0008D98F000813
:10017000D98F0008D98F000800000000000000009F
:10018000D98F0008D98F0008D98F0008D98F0008AF
:10019000D98F0008D98F000800000000D98F00080F
:1001A000000000000000000000000000D98F0008DF
:1001B000D98F0008D98F000800000000000000005F
:1001C000000000000000000000000000000000002F
:1001D000000000000000000000000000D98F0008AF
:1002000010B5054C237833B9044B13B10448AFF350
:1002100000800123237010BDF409002000000000BD
:10022000A404020808B5034B1BB103490348AFF30C
:10023000008008BD00000000F8090020A4040208A6
:10024000F0B44C1E4F2C41D8DFE804F028282828B1
:10025000404040403E3E283E3E3E3E3E3E3E3E3ECC
:100260003E3E3E402A2A2A2A2A2A2A2A283E3E3E62
:100270003E3E403E2A292840282A2A3E2940403E28
:100280003E3E28282828283E28283E2840403E3E3A
:100290003E4040403E3E3E282A282A2AB2B1ABB119
:1002A000D0E90545AC4211DA0669270106EB0415D1
:1002B0004FF0000C0134C5F804C04461F1552846E4
:1002C000C5E90223F0BC7047002AE9D10025284681
:1002D000F0BC704710B4C3681C78522C0A460FD08B
:1002E0004F2C03D008465DF8044B7047C16A0331B8
:1002F000C16220210133C3605DF8044B00239FE7F6
:10030000C16A0231C1621F21F4E700BF002963D036
:1003100038B505460C462378013B4F2B37D8DFE82C
:1003200003F03131315036363B3B313131313131EF
:1003300031313131313131313136313131313131A8
:1003400031313131282831313631313131373131A4
:10035000313131363B31313131313131313131317E
:100360003131363631373737373631313131313156
:100370003131A3681B78052B04D1D5F8383101330E
:10038000C5F83831D5F81C31B3F5006F08DD38BD3C
:10039000A468002CBFD138BDE468002CBBD1FAE7BB
:1003A0000133C5F81C31A1682846FFF7AFFFE168AB
:1003B0002846FFF7ABFFD5F81C31013BC5F81C31CF
:1003C00038BDD5F844310133C5F84431D5F81C3176
:1003D000B3F5006FDBDCE3E7704700BF7AB32DE9CC
:1003E000F0410A440D460446D0F80011571E013D65
:1003F0004FF0000809E00B46BD4201F10101C4F8CD
:100400000011E65484F8046117D0FF2915F8016F34
:10041000F1D1D4E9423284F8FF8020469847D4F8DD
:1004200028310133C4F8283100230121BD42C4F82A
:100430000011E65484F80461E7D1BDE8F08170470B
:100440002DE9F041026815786E2D07462CD0A5F1F4
:100450003003092B33D84FF0000EDFF868C00020BE
:100460006FF0004802E0B0EBD10F19DC01323A60C6
:100470001478A4F1300300EB8000A8EB0301DBB299
:1004800005EB4006092BACFB01012546A6F1300027
:10049000E9D9BEF1000F01D0C6F13000BDE8F0810E
:1004A0004FF0FF30BDE8F081531C03605578A5F193
:1004B0003002092A03D81A464FF0010ECDE700207A
:1004C000ECE700BFCDCCCCCC38B5D0E905329342B7
:1004D0000FDA026902EB031419010025656001338C
:1004E0004225436155540C30FFF7AAFFA060204617
:1004F00038BD0024204638BD10B5C3681A785F2A7D
:1005000004460DD06E2A0DD00C30FFF799FF013054
:1005100008D4E3681A785F2A04D10133E36010BD80
:100520000020FAE74FF0FF3010BD00BFC3681A7813
:10053000542A19D1013370B5C3600446FFF7DCFFBC
:10054000021E0FDBD4E905318B420BDA216901EB86
:1005500003101D01002646600133052663614E55D8
:10056000826070BD002070BD0020704770B50446E9
:100570000C30FFF765FF051E3EDDE66863689B1BD8
:100580009D4237DCA26873195207E36004D5725D9F
:10059000242A04BF0133E360092D12DCD4E90532BB
:1005A000934227DA206900EB0310002201334260F6
:1005B0006361FEB1C0E90265002343600370A0627D
:1005C00070BD1B49082230461EF008FE30B9337A50
:1005D0002E2B13D05F2B11D0242B0FD0D4E9053252
:1005E0009A4207DD206900EB0310002201334260CC
:1005F0006361DFE70020E2E7002070BD737A4E2BD5
:10060000ECD1E26AD4E905311632551B8B42E56222
:10061000F0DA2269074D02EB0310591C1B016161DE
:1006200000214160D1541523C0E90253C7E700BF40
:10063000C47A0208D07A020830B5C368856A0446D5
:100640001878422883B00A4610D10133E36020466F
:100650000192FFF78BFF019A03464C212046FFF7DA
:10066000EFFDE368197842290246EED01046A562F4
:1006700003B030BD2DE9F843C3681A78532A30D14E
:100680005A1CC2605A78044692B39A1CC2605A78C7
:100690005F2A42D0A2F13000C3B2092B24D8002136
:1006A0000DE0303B99421CD8E1680A78481C1AB129
:1006B000E0600A785F2A39D0A2F130001946C0B252
:1006C00001EBC1030928A2F1410502EB8303E8D93C
:1006D000192D06D801EBC10302EB8303373B994286
:1006E000E2D90020BDE8F883A2F14103192BD6D945
:1006F000A36803F00803002B14BF0125002500D1D7
:10070000B1B9354B742103F1A80001E013F81C1FA7
:10071000914214D08342F9D1E3E70023226A9A423E
:10072000DFD9E26952F82300BDE8F8830133F5E729
:10073000E3681B78433B012B98BF0D46E1E75E69F8
:10074000002E42D0D4E905208242D3F818C041DA05
:1007500027694FEA021E07EB02114FF00009013230
:100760004FF01808C1F80490626107F80E80C1E9E3
:10077000026CA16235B3D3E90351E36A82420B44B0
:10078000E36225DA236903EB0210160100274760B4
:100790000132182762619F55C0E90251E3681B7856
:1007A000422B9FD101462046FFF746FF002898D0F4
:1007B000D4E90832934294DAE1695A1C41F82300E3
:1007C00022628FE7D3E90151D7E7D4E90520D1E7C9
:1007D0000020E3E70021CCE7CC04020838B504464A
:1007E00029B9C3681A787AB15A1CC2601978682985
:1007F00019D0762908D104F10C052846FFF720FE10
:10080000E3681A785F2A01D0002038BD0133E36025
:100810002846FFF715FEE3681A785F2AF4D1013302
:10082000E360012038BD04F10C00FFF709FEF2E798
:10083000C3681A785F2A01D00120704710B55A1C8E
:10084000C2605A785F2A044605D00C30FFF7F8FDE5
:10085000C043C00F10BD023340F80C3FFFF7F0FD5E
:10086000002809DB092805DDE3681A785F2A03D12F
:100870000133E360012010BD002010BD28B909E05C
:10088000002908DDC068013940B103782F2BF7D06B
:10089000002070477047FBD180687047704700BFE9
:1008A0000346D0F8100130B1096843680029D868C0
:1008B00000DBE3E770470122C3F81821704700BF4F
:1008C000002943D038B505460C4623784C2B33D845
:1008D000DFE803F030323232322730383832323209
:1008E00032323232323232323232323230323232EA
:1008F00032323232323232323232323032323232DA
:1009000030323232323230383232323232323232C5
:1009100032323232323030323232303030323230C3
:10092000300004F108012846FFF7BAFF10B1037840
:100930002F2B00D0002038BDA1682846FFF7C0FF4C
:100940000028F8D1E468002CBFD1F3E700207047FD
:10095000F0B514465268A5684B1C1344AB4283B0F3
:100960000E46074611D8E5686DB9D4E9000339464B
:100970001844324606F00CFBD4E9003233449D544F
:1009800061683144616003B0F0BDE268002AFAD1C9
:1009900055B16D00AB42FCD8206829461EF050FDD1
:1009A00038B12060A560DEE7022B4FF00205F0D8D9
:1009B000F2E70190206808F05EFA019B0122C4E989
:1009C0000033C4E90232DEE72DE9F04FC268157842
:1009D00085B000238D420446039300F028820F4621
:1009E000994603AE4FF00108D4F830A0C4F8308027
:1009F00013784C2B7FD0542B00F09C80732B4DD060
:100A0000662B24D15378702B00F09980204601F09A
:100A1000DBFC0546002800F087800378322B00F0CD
:100A2000B280342B00F060810AD8332B08D1836860
:100A3000032B05D8DFE813F031015D010400040049
:100A4000C4F830A00025284605B0BDE8F08FA3F11A
:100A50003001092935D8204601F08AFE05460028D4
:100A600062D0E3681A78492A00F0A180C4F830A067
:100A70002A4600232E212046FFF7E2FB30600028A3
:100A800041D0E2681378BB4200F10C06ACD1039D63
:100A900001322846E26005B0BDE8F08F5378722B32
:100AA00000F0E580702BB1D10232E260204600F008
:100AB0000BFA002302464B212046FFF7C1FB0546F7
:100AC0001DE06F2B24D0692B7ED153786C2B9DD1E8
:100AD0000232E26000255078002800F0968145211E
:100AE0002046FFF771FF2A46034631212046FFF7D3
:100AF000A7FB054603E0204601F088FF0546C4F841
:100B000030A0002DB4D10025284605B0BDE8F08FF7
:100B100053786E2B7FF47AAF0232E260204601F008
:100B200027FE054600289CD12846C4F830A005B011
:100B3000BDE8F08F2046FFF7F9FC0546DFE7931C80
:100B4000E3609378542B5FD02046FFF7D5FC6FF01D
:100B5000004398423FF474AF431C3FF471AF01303F
:100B6000D4E905329342BFF66BAF2269190102EB5B
:100B700003154FF0060C0133C5F80490636102F8C9
:100B800001C0A86072E78068E26A81680368023980
:100B90000A44E2621A78732A25D0D0F80CB0BBF16F
:100BA000030F3FF64DAFDFE80BF0783380AF013332
:100BB000E360204600F0A8FB2A46034604212046B5
:100BC000FFF73EFB05469AE7742B7FF41FAF53787F
:100BD0006C2B7FF41BAF0232E260204600F0FCFF7A
:100BE000E268054677E759787429D6D199780029C3
:100BF000D3D1204600F0F0FF03462A463721204695
:100C0000FFF71EFB05467AE70332E2600020A7E704
:100C10001978702920D06D291ED04FF0000B732A4F
:100C200012D15A78502A0FD19B786BB9204600F028
:100C30006BFB0346BBF1000FDFD01A46392120467B
:100C4000FFF7FEFA0346D8E7204600F03DF90346D9
:100C5000BBF1000FF1D1D0E758788842DDD1E168CF
:100C600008785F28DBD10131E1601A78D5E70232DC
:100C7000E260204600F0B0FF0546204601F078FD16
:100C8000E3681978492900F0C48003462A46012107
:100C90002046FFF7D5FA054631E72A4600233621DC
:100CA0002046FFF7CDFA054629E7AA681268517871
:100CB000632900F0CD801A78662A00F0D98020469A
:100CC000019300F001F9019B83461A78632A72D1DF
:100CD00059786C296FD1997800296CD1452120462B
:100CE000FFF772FE024675E0E3681A785F2A00F0AB
:100CF000A780204600F0E8F82A4603463721204620
:100D0000FFF79EFA0546FAE6712A17D15A78752A36
:100D100014D19A7892B9204600F0D6F8834620463E
:100D200000F0D2F802462046019200F0CDF8019A78
:100D3000034670BBC4F830A0054684E61A78662ADC
:100D400000F09D806E2A7FF47BAE5B78772B02D01B
:100D5000612B7FF475AE5F212046FFF735FE834699
:100D6000204600F039FFE36819784529024600F073
:100D7000A680702900F0958069297FF461AE5B78C8
:100D80006C2B7FF45DAE0190204600F09DF8019A37
:100D900003463C212046FFF753FA5A4603463B21BF
:100DA0002046FFF74DFA2A4603463A212046FFF730
:100DB00047FA0546A3E6642A1AD15978742917D14F
:100DC0009978A9B9204601F0D3FCE368197849293C
:100DD000024658D0134639215A462046FFF730FACA
:100DE0002A46034638212046FFF72AFA054686E6BA
:100DF000702A05D15A78742A02D19B78002BE1D051
:100E0000204600F061F80246E4E7C4F830A0054649
:100E100019E601330190E360204600F075FA019A6B
:100E2000034604212046FFF70BFA03462EE7013262
:100E3000C2602E211A4605B0BDE8F04FFFF700BA98
:100E40000133E36045212046FFF7BEFD0346D4E6AB
:100E50001278A2F16301012903D9723A012A3FF6FF
:100E60002AAF2046019300F0B7FE019B83462CE792
:100E70002046019301F0A8FA019B834625E720460E
:100E800001F0A2FA4AE701330190E360204600F046
:100E90003BFA019A034604212046FFF7D1F90246A6
:100EA00098E7597869297FF4CBAD02330190E3606C
:100EB00045212046FFF788FD019A034669E7013383
:100EC000E360002365E700BFC26813784C2B00F095
:100ED0008B80542B00F08A80F0B5732B83B00446CE
:100EE00052D0662B30D0A3F1300109290CD820460E
:100EF00001F03EFC0546002872D0E3681A78492AC2
:100F000076D0284603B0F0BD6F2B4BD0692B7DD136
:100F100053786C2B00F09780204601F055FA054677
:100F200000285DD00378322B42D0342B00F07F8133
:100F300056D8332B54D18368032B51D8DFE813F0F4
:100F4000C700F300500050005378702BE4D1931C7D
:100F5000C3609378542B00F01181FFF7CDFAC3439F
:100F600033F000433CD00130D4E90532934237DA04
:100F7000226902EB0315190100266E600133062673
:100F800063615654A860BCE75378722B4AD0702B2B
:100F9000C2D10232C260FFF797FF002302464B2105
:100FA00020462EE053786E2BB6D10232C2609EE707
:100FB0008168E36A8A680E68023A1344E362337810
:100FC000732B4FD17278742A4CD1B278002A49D150
:100FD000204600F001FE2A4603463721204610E055
:100FE0000025284603B0F0BD01F010BDFFF79EBA02
:100FF0000133E360204600F087F92A4603460421C6
:10100000204603B0BDE8F040FFF71AB9742B83D136
:1010100053786C2B80D10232E26000F0DDFDE26893
:10102000054613E00232C26000F0D6FD05462046B8
:1010300001F09EFBE368197849291AD003462A4635
:1010400020460121DDE70232E26000255378002BC3
:10105000C6D045212046FFF7B7FC2A46034631217A
:101060002046CEE7CF68032FBAD8DFE807F0301369
:10107000356101330190E360204600F045F9019AA3
:10108000034604212046FFF7DBF82A4603460121E8
:101090002046B6E73278702A79D06D2A77D00027BB
:1010A000732B6FD17378502B6CD1B378002B69D12F
:1010B000204600F029F903462FB11A46392120466F
:1010C000FFF7BEF803462A462046372199E72A460D
:1010D00020460023362194E7AB681B685A78632AC0
:1010E00000F0B9803378662B00F0C3802046FFF70C
:1010F000EBFE07463378632B7BD172786C2A78D16C
:10110000B278002A75D145212046FFF75DFC0246E2
:10111000134639213A462046FFF792F82A460346FD
:10112000382120466DE72046FFF7CEFE0346CAE78A
:10113000712B37D17378752B34D1B37893BB20469C
:10114000FFF7C2FE06462046FFF7BEFE07462046D2
:10115000FFF7BAFE034600283FF442AF3A463C216F
:101160002046FFF76DF8324603463B212046FFF745
:1011700067F82A4603463A21204642E70332C26016
:101180000020F1E62046FFF79FFE034694E77178C2
:10119000914284D1E26811785F2981D10132E26005
:1011A00033787CE73378662B6FD06E2B7FF418AFE3
:1011B0007378772B02D0612B7FF412AF5F2120462A
:1011C000FFF702FC0646204600F006FDE3681978AA
:1011D0004529074669D070295BD069297FF400AFA3
:1011E0005B786C2B7FF4FCAE2046FFF76DFE034668
:1011F000B4E7642B28D17278742A25D1B2781ABB4F
:10120000204601F0B5FAE3681978492902467FF4CF
:101210007FAF01330190E360204600F075F8019A3A
:10122000034604212046FFF70BF8024670E7E36807
:101230001A785F2A7FF477AF0133E36045212046B7
:10124000FFF7C2FB03463EE7702B17D02046FFF79F
:101250003BFE02465CE71B78A3F16302012A03D937
:10126000723B012B3FF63EAF204600F0B5FC07462F
:1012700040E7204601F0A8F807463BE77378742B57
:10128000E4D1B378002BBBD0E0E7204601F09CF816
:1012900058E75A78692A7FF4A3AE0233E360452108
:1012A0002046FFF791FB034658E70133E360002334
:1012B00054E700BF38B5C26813784C2B1DD00446E4
:1012C00005D8493B012B13D8BDE838404EE0582BD8
:1012D0000ED101320123056BC2600363FFF7F4FDF9
:1012E000E36825631A78452A0BD10133E36038BDE2
:1012F0002046BDE8384000F06FBCBDE8384001F042
:1013000085BB002038BD00BF70B5C368866A1A78F7
:10131000452A82B004461FD00023019301AD09E0A5
:10132000FEF78EFF286000F10C0560B1E3681A78C3
:10133000452A0BD02046FFF7BDFF024600232F2190
:101340002046002AECD1002002B070BD0198A662B0
:101350000133E36002B070BD5A1C0023C2602F212C
:101360001A4602B0BDE87040FEF76ABFC1680A784D
:10137000493A012A02D80131C160C5E7002070470F
:101380002DE9F043C2681378472B83B0044601D09F
:10139000542B34D1E16A01F11403E3621378542B26
:1013A0005DD0472B40F0A680531CE3605378002BA0
:1013B00000F0A080931CE3605378562B00F2B680B7
:1013C000402B40F29780413B152B00F29380DFE8E1
:1013D00013F017019100910091009100910091008C
:1013E0009100910091009100910091009100910075
:1013F00091009100240191003001910041010E46BD
:1014000000F020FA0546002874D0002E77D0A3689B
:10141000DB0774D42B784D2BA3F11C01A3F14F02F1
:1014200000F0D68000F2D280042940F2D180022B55
:1014300061D1EA6813784D2BA3F11C00A3F14F0191
:1014400003D000F2AF81042855D89268EA6013787F
:101450004D2BA3F11C00A3F14F01F2D1F5E7531C72
:10146000E3605378002B45D0931CE3605378413BF5
:10147000352B3FD8DFE813F033013E0016013E0064
:101480003E000E013E0006018E0186013E003E0038
:101490003E003E003E003E003E003E007E017401E4
:1014A0003E006A0162013E003E003E003E003E00FA
:1014B0003E003E003E003E003E003E004B013E002E
:1014C0003E003E003E003B013E003E003E003E002E
:1014D0003E003E003E003E003E003E003E003E001C
:1014E0003E00F600D4E905039842C0F27281E36839
:1014F0000B44E3600025284603B0BDE8F083E368B1
:101500001B78002BF7D0452BF5D029460B78042B00
:1015100000F0738154D94D2BA3F14F0202D059D959
:10152000012A5AD889680029F0D157E0722BE1D1FD
:1015300004F10C00FEF784FF0128DBDDE3681A7874
:10154000002AD7D05F1CE7601B785F2BD2D1002226
:10155000451E90464FF041093B78002BCAD0242B02
:1015600040F024817B78532B00F05E815F2B00F0EC
:101570005981242BBED11946D4E90503984280F243
:1015800055812669070106EB00130130C3F804807A
:10159000606106F80790E76899600237023DE760EE
:1015A000002A00F0288140212046FEF749FE02462D
:1015B00000289FD0002DCFDC204600233F2127E0CC
:1015C000022B0AD1C9680029A0D107E0012A92D8CC
:1015D000AD681FE71C3B042BA4D90021204601F075
:1015E0006DF8002886D036B92B78022B03D103780A
:1015F000292B08BF866003462A462046032107E0C0
:1016000000212046FFF7BCFE00230246172120469A
:1016100003B0BDE8F043FEF713BE204600F012F918
:1016200001902046FEF750FF019A034616212046FE
:10163000EEE79378002120462BB1D31CE36093782A
:101640006E2B00F0F880FFF79BFE00230246492135
:101650002046DDE7204600F0F5F80023024613217E
:101660002046D5E776212046FFF7B8F800283FF45A
:1016700041AF00212046FFF783FE002302461021E0
:101680002046C5E7204600F0DDF80023024614217D
:101690002046BDE7204600F09FFA002302460E21B7
:1016A0002046B5E7204600F097FA054604F10C0005
:1016B000FEF7C6FE0028FFF61DAFE3681A785F2A22
:1016C0007FF418AF0133E360204600F085FAE36A47
:1016D000591D0246E1622B4620460B2198E7204621
:1016E000FFF7E8FD002302463021204690E76821FD
:1016F0002046FFF773F800283FF4FCAE0021204697
:10170000FFF73EFE002302460F21204680E700211E
:101710002046FFF763F800283FF4ECAE0021204696
:10172000FFF75CF800283FF4E5AE00212046FFF704
:1017300027FE002302461121204669E7204600F0DB
:1017400081F8002302461521204661E70F31E1624E
:10175000204600F041FA002302460921204657E7BF
:101760000A31E162204600F037FA002302460A21DE
:1017700020464DE7204600F02FFA002302460D21B7
:10178000204645E7204600F027FA002302461221B2
:1017900020463DE7204600F01FFA002302460C21B8
:1017A000204635E701293FF6A6AE4EE63E4600212B
:1017B00007E016F8013F002B3FF494AE242B3FF4D2
:1017C00091AE0131A942F4DBD4E9050383427FF7EE
:1017D0008EAE236903EB00130130C3F8048060610F
:1017E00083F80080E0689F604718C3F80480D960E0
:1017F0006D1AE760D4E61A46DCE68B6863B11978A7
:10180000082901F1FF3209D806293FF6E6AE012A80
:1018100002D8DB68002BF2D10121DFE6353918BF91
:101820000121DBE62E21A7E62F21A5E6E36802339E
:10183000E36000255FE6FFF7A3FD002302464A218F
:101840002046E5E62DE9F047C26813784E3B84B0A8
:1018500004460C2B08D8DFE803F028070707071316
:10186000072107070707760000F082FFE3681B786F
:10187000492B054600F0A980284604B0BDE8F08752
:101880005378742B00F0AB800021FEF7F3FEE36881
:101890001B78492B0546EFD12046F0E000F068FFA9
:1018A0000546284604B0BDE8F0870132C26003A9AE
:1018B000012200F043FE0746002800F08B80002143
:1018C0002046FEF707FDE1680E7880462EB3DFF86C
:1018D00004934FF0000A442E6AD0A6F13003DBB225
:1018E0001C2B40F2FD80A6F16103192B00F2FA8057
:1018F000204600F03DFF0546BAF1000F06D0012159
:101900002B4652462046FEF79BFC0546532E08D137
:10191000E168AA460E78002EDDD100253D60ABE7D8
:101920000546E1680E78452E00F08C80002DF4D03D
:10193000D4E908329342F0DAE269581C42F82350A5
:10194000AA462062E6E70132C2600021FFF718FDD7
:10195000054600283ED0E368197845293AD15A1C3B
:10196000E2605978732900F0F680642900F09180D4
:101970002046FFF767FF034650B10278462A07D09A
:10198000482A05D001902046FEF752FF019B08B37C
:101990002A78032A05D1EA681178292904BF002191
:1019A00091602A4620460221FEF74AFC054663E77D
:1019B0004B7803F0DF03542B204652D000F0D8FEC2
:1019C0000546BAF1000F9AD1ABE718B1D4E9083255
:1019D00093424EDB0025284604B0BDE8F087D0E9ED
:1019E000053102328B42C26080F2B38002697748CF
:1019F00002EB0315591C1B01616100216960D15480
:101A00000323C5E90203204600F0B2FE2A4603463E
:101A100001212046FEF714FCE36AE2680333E36227
:101A20001378492B05467FF427AF0028D2D0D4E99C
:101A300008329342CEDAE1695A1C41F8230022624F
:101A400020461CE0152329FA03F3DB075AD520466C
:101A500000F08EFE002D3FF463AFAA46012105463B
:101A60004EE700F0B9F80546BAF1000F7FF447AF32
:101A700057E7E1695A1C41F8230020462262FFF72C
:101A800075FC2A46034604212046FEF7D9FB05468D
:101A9000F2E60233E3602046FEF72EFD071E99DBD7
:101AA0002046FFF7CFFE064628B10378462B02D02A
:101AB000482B40F08480D4E905239A4265DA2169F5
:101AC00001EB021310014FF0000CC3F804C0013207
:101AD0004FF0470C626101F800C0C3E9026757E7A5
:101AE0005546B0E7552E32D0532E66D101212046FF
:101AF000FEF7C0FD0546BAF1000F7FF400AFE168C4
:101B0000AA4607E7492E42D0542E4CD0452E09D084
:101B10004D2E7FF402AF002D3FF4FFAE0131E160A6
:101B2000AA46F7E63D60002D3FF454AFB8F1000F30
:101B300004D0039BC8F80830CDF80C80E3681A780D
:101B4000452A7FF447AF0133039DE36094E6554691
:101B50007DE7002557E70233E3602046FEF768FE85
:101B600000283FF437AFD4E905239A420DDA216902
:101B7000174E01EB0213501C1201606100205860E7
:101B800088540E22C3E9026202E7002300E7002D19
:101B90003FF4C3AE0131E1602046FFF7B5FBAA4632
:101BA00004210546ACE62046FEF7C0FCAA460546E1
:101BB000BAF1000F7FF4A3AEB3E65546A4E7204682
:101BC000FEF736FE00287FF476AF03E7F87A0208C6
:101BD000E87A0208FF0308102DE9F041C1680B788C
:101BE000722B82B0044658D0562B56D04B2B54D073
:101BF000442B00F09E80A3F130024A2A00F290802C
:101C0000DFE812F02D012D012D012D012D012D01F7
:101C10002D012D012D012D018E008E008E008E00D4
:101C20008E008E008E0001028E0044018E008E0018
:101C3000600166018E008E008E008E008E004102D3
:101C40002D01740182018E0090019E01C201E90103
:101C50008E008E008E008E002D018E008E008E0074
:101C60008E008E008E001001100110011001100175
:101C7000100110011001100110018E00100110015F
:101C8000100110018E008E008E0010011001520113
:101C900010011001100110011001002201A92046BD
:101CA00000F04CFC054600283AD0E3681B78462B30
:101CB00020463AD0FFF790FF2860002830D0037804
:101CC0001F3B012B05D8019A836882602A68019224
:101CD0002B60019D25B3D4E90832934220DAE169F3
:101CE0005A1C284641F82350226202B0BDE8F08118
:101CF0000123056B0363FFF7E7F825630246002322
:101D000043212046FEF79CFA0546019040B1E36866
:101D10001A782AB15A1CE2601B78452B00F0A78084
:101D20000025284602B0BDE8F08100F0EBFC2860F9
:101D3000C3E74B7803F0DF024F2AAED0773B012B8D
:101D4000ABD94B1CC3604B78002BE9D08B1CC36014
:101D50004B78463B302BE3D801A252F823F000BF6A
:101D6000B7200008211D0008211D0008211D0008C2
:101D7000211D0008211D0008211D0008211D00084B
:101D8000211D0008211D0008211D0008211D00083B
:101D9000211D0008211D0008F11C0008211D00085C
:101DA000211D0008211D0008211D0008211D00081B
:101DB000211D0008211D0008211D0008211D00080B
:101DC000211D0008211D0008211D000853210008C5
:101DD000211D00082D210008F7210008CD21000851
:101DE000A3210008211D000879210008D322000842
:101DF000211D0008211D0008211D0008211D0008CB
:101E0000AB220008211D000895220008211D0008B2
:101E1000211D00086B220008F11C00084122000867
:101E200007220008D4E90525BF48613B03EB830383
:101E3000AA4200EB830380F2AB82206900EB02151B
:101E4000160100276F6001322727626187555868A5
:101E5000E26AAB6001310244E160E26261E7204680
:101E6000FFF7F0FC05460190002D3FF459AFD4E98F
:101E700008329342BFF654AFE16941F82350019D07
:101E80005A1C2846226202B0BDE8F0810131E160AF
:101E90002046FFF7A1FE0023024625212046FEF73B
:101EA000CFF905460190DFE70131E1602046FEF7FA
:101EB0005DFB0023024628212046FEF7C1F90546B6
:101EC0000190D1E7204600F01DFC05460190CBE7CC
:101ED0000131E1602046FFF77FFE00230246262104
:101EE0002046FEF7ADF905460190BDE70131E160FE
:101EF0002046FFF771FE0023024624212046FEF70C
:101F00009FF905460190AFE70131E1602046FFF7F8
:101F100063FE0023024622212046FEF791F9054682
:101F20000190A1E70131E1602046FFF755FE002353
:101F3000024623212046FEF783F90546019093E7E8
:101F40004B78A3F13002092A05D95F2B03D0413B1E
:101F5000192B00F2E28100212046FEF78BFBE3689B
:101F600001901A78492A05467FF4DBAE0133E3601D
:101F70002046FFF7C9F92A46034604212046FEF70A
:101F80005FF9054601906FE72046FEF7CFFAE66855
:101F900001903378492B05467FF466AF636B002BC5
:101FA00040F0C88100283FF4BBAED4E908218A4242
:101FB000BFF6B6AEE16941F8220001322262327802
:101FC000493A012A05D80136E6602046FFF79CF918
:101FD00003462A46D1E70131E1602046FEF7C6FA02
:101FE000E36801901A78492A054600F07B81204673
:101FF000FFF7F2FD019B024621212046FEF720F962
:102000000546019030E74D1CE5604B785F2B00F0F2
:102010006781303B092B00F272812B461946013350
:10202000E3601A78303A092AF8D9D4E905208242C7
:10203000A3EB0507BFF674AED4F810C000200CEB7C
:10204000021602F1010E874270604FEA0212C4F8D4
:1020500014E07FF765AE70600CF80200C6E9025725
:102060004A785F2A7FF45CAE1D460135E560204664
:10207000FFF7B2FD324603462A212046FEF7E0F87C
:1020800005460190F0E60131E1602046FFF7A4FD2E
:10209000054600283FF444AE2046FFF79DFD034669
:1020A00000283FF43DAE2A462B212046FEF7C8F813
:1020B00005460190D8E6D0E90532934280F26C8162
:1020C000006900EB03121D010026566001332C2627
:1020D0006361019246558B78303BDBB2092B94BF8C
:1020E00001230023938103D804F10C00FEF7A8F923
:1020F0002046019DFFF770FD019BA8609B68002BA7
:102100003FF40EAE04F10C00FEF79AF9E268137882
:1021100013B1531CE3601378019DA3F17302534282
:102120005341EB81FDE500BF90050208D0E905327F
:102130009342BFF6F5AD0269994E02EB0315591CA7
:102140001B01416100210E206960D154C5E9026084
:10215000E7E5D0E905329342BFF6E2AD0269914E60
:1021600002EB0315591C1B01416100210420696029
:10217000D154C5E90260D4E5D0E90532934280F23A
:1021800007810269884902EB031500206860581C2A
:102190001B0160612720D054E36AA9600433E36225
:1021A000BFE5D0E90532934280F2F28002697F49AF
:1021B00002EB031500206860581C1B01606127209A
:1021C000D054E36AA9600933E362AAE5D0E9053295
:1021D000934280F2DD800269754902EB031500200D
:1021E0006860581C1B0160612720D054E36AA96015
:1021F0000A33E36295E5D0E90532934280F2C88064
:1022000002696C49D4E78B785F2B00F0B780FEF74A
:102210005BF90546002D3FF483ADE3681A785F2A29
:102220007FF47EAD0133E3602046FFF7D5FC2A46FC
:1022300003462D212046FEF703F80546019013E6DC
:10224000D0E90532934280F2A38002695A4902EB39
:10225000031500206860581C1B0160612720D054C2
:10226000E36AA9600733E3625BE5D0E90532934294
:1022700080F28E800269514902EB031500206860EC
:10228000581C1B0160612720D054E36AA960083301
:10229000E36246E5FFF7A0FC002302464B212046FF
:1022A000FDF7CEFF05460190DEE5D0E90532934209
:1022B0006EDA0269424902EB031500206860581C7F
:1022C0001B0160612720D054E36AA9601133E362E7
:1022D00027E5D0E9053293425ADA02693949CBE75A
:1022E0000026C2E60133E3602046FFF70DF82A46D8
:1022F000034604212046FDF7A3FF019077E6012362
:10230000256B23632046FEF7DFFD25630646002884
:102310003FF406ADE3681A78A3E62046FFF792FA89
:102320000546019000283FF4FBAC0378182B7FF49E
:102330009EADF6E4731CE3602046D4F81480276A4F
:10234000E56AFEF7E1FFE3681A78492A034606D0FA
:10235000E562E660019DC4F81480276284E5019A75
:10236000002A3FF4DDACD4E908108142BFF6D8ACB6
:10237000E569481C45F821202062FEE50331012370
:10238000056BC1600363FEF79FFD2563054641E7CA
:10239000002301939B68FFDE00231B70FFDE00BF5C
:1023A000047B0208FC7A0208D40702089807020896
:1023B000C0070208AC070208E8070208FC07020889
:1023C0002408020810080208F8B5C3681F780646FA
:1023D0005FBB4FF0000E394D432100228B1A03EBF7
:1023E000D37302EB6303180105EB031C2C58207810
:1023F000B84206D094BF5A1C19468A42EED100203A
:10240000F8BD60787045F5D1D6E905329342F6DA29
:10241000326902EB031019010024446001333224B5
:1024200073615454C0F808C0F8BD5A1CC26093F8D8
:1024300001E01F78BEF1000F02D1762FCBD0C8E7A4
:102440009A1CC260762F93F801E01BD1AEF13004E4
:10245000E3B2092BBFD8FEF789F8D6E905318B42E4
:102460000246CCDA316901EB03105F1C00254560A0
:102470001B017761002AC2D033264560CE54C0E9E3
:102480000242F8BD632FA6D1BEF1760FA3D1D0E9E9
:102490000C34B3FA83F35B094363FFF79DFB736B63
:1024A000024633B1002335213046FDF7C9FE74637F
:1024B000F8BD34213046FDF7C3FEF8E738080208BE
:1024C00030B5C26883B000230193137823B3044668
:1024D00001AD11E04F2B16D0FFF77EFB0246002323
:1024E0002E212046C2B1FDF7ABFE2860A0B1E26804
:1024F000137800F10C054BB1452B204606D02E2B4E
:1025000004D0522BE6D15378452BE5D1019818B170
:10251000C36823B103B030BD002003B030BD826872
:1025200011782729F6D19268117C0929F2D15168D6
:10253000E26A521AE2628360ECE700BF2DE9F04FD5
:10254000D0F80CC0171E9CF8003083B004460D462E
:1025500015BF4FF01E0A4FF01B0A4FF01D094FF038
:102560001A0914BF4FF01C084FF019080E464FF01F
:10257000010B722B15D0562B13D04B2B11D0442BA3
:1025800006D00FB9462B5DD0304603B0BDE8F08FC2
:102590009CF8012002F0DF014F2902D0773A012A8E
:1025A000EFD80CF10102722BE26016D0562B2CD022
:1025B0004B2B24D09CF80130002B3ED00CF10203B1
:1025C000E3609CF80110782951D06F2923D1E36A88
:1025D0000933E3624F21002304E0E36A0933E36235
:1025E0004146002300222046FDF72AFE306020B33A
:1025F000D4F80CC000F108069CF80030B9E7E36A93
:102600000633E36251460023ECE7E36A0933E362F1
:1026100049460023E6E74F293CD1D4E90B32093380
:10262000E362C4F830B0204601910092FEF74CFC02
:10263000009A01992263034628BB0026304603B066
:10264000BDE8F08FAE429FD01D241E201C2105E066
:10265000192A15D003F10805AE4295D02B681A78D7
:102660001A2A0AD01B2AF3D118702B68F2E7E36A02
:102670001133E3624D210023B4E71C702B68E9E7B6
:1026800019702B68E6E7E26810784528D5D1013249
:10269000E260A7E77729D0D1E36A0633E3622046F8
:1026A000FFF70EFF03460028C7D0E26811784529DE
:1026B000C3D10132E260502194E700BF70B5C36816
:1026C0001A784A2A05461AD081B12846FFF784FABB
:1026D000044690B12846FFF7F3FE034668B1224650
:1026E00028462921BDE87040FDF7AABD28460C46C2
:1026F000FFF7E6FE03460028F1D1002070BD01334C
:10270000C360E2E710B50446806810F480200BD166
:10271000A26BB2F5006F06D8511CE368A16319786B
:10272000462907D0A26310BDE3681A78462A01D073
:10273000002010BD5A1CE2605A78592A04BF0233A7
:10274000E36001212046FFF7B9FF01462046FDF76F
:10275000C1FDE3681A78452A04BF0133E360A3682A
:1027600018BF00205B03DED4A26B013ADAE700BF9A
:10277000F8B5C2681378A3F13001092904464FD98E
:10278000A3F16101192914D86F2B04D153786E2B52
:1027900004BF0232C2602046FFF716FE054610B1A4
:1027A0000378322B49D0E368197842293FD0284674
:1027B000F8BDA3F1430101296CD94C2B5AD0552BFC
:1027C00063D153786C2B00F0D080742B5DD1531CF7
:1027D000C360517874295BD10232C260FDF78CFE70
:1027E0000028C0F2EF80D4E90532934280F2EA80FB
:1027F00022691E0102EB031500210133482769609D
:1028000063619755D4E908329342A86080F2DA8078
:10281000E169E26841F82350013323621178C4E78B
:10282000FDF7A4FEE368197842290546BFD1294681
:102830002046BDE8F840FDF7FFBE8268E36A916874
:10284000126807330B44E36213786C2BABD15378D7
:10285000692BA8D19378002BA5D12046FDF786FEE1
:102860002A46034637212046FDF7EAFCE368054681
:1028700019789AE70132C260FDF778FE054620B16B
:102880002046FDF7D5FF00288DD100252846F8BD4C
:1028900000258AE7806A18B1017851B3182928D039
:1028A000432B30D15378492B00F09080A3F13101B4
:1028B0000429EAD8303B0232DEB2E260D4E90531C5
:1028C0008B4280F29780216901EB031503F1010C23
:1028D00000276F601B01C4F814C0002800F090802E
:1028E0004FF0070C6F6001F803C02E72E86011789A
:1028F0005BE7C168E36A0B44E362117843290B4646
:10290000D0D04429C4D15178303905292AD8DFE8FC
:1029100001F0031D262923204FF0010CD4E90531D5
:10292000951C8B42E56062DA216901EB03155F1C9F
:1029300000266E601B01676100285ED008276E606C
:10294000CF5485F808C0E86091782EE74FF0020C6C
:10295000E4E74FF0050CE1E74FF0040CDEE74FF041
:10296000030CDBE7194600251FE7531CC3605178B1
:102970006C298DD10232C260FFF7A2FDE3680646E2
:1029800008B31978452983D10133E3602046FDF768
:10299000B3FD002816DBD4E90532934212DA22692E
:1029A0001F0102EB0315002101334FF0460C696053
:1029B000636102F807C0D4E908329342C5E90260B6
:1029C000FFF626AFE36819780025EEE6531CE360B6
:1029D0009378A3F13101042915D80332E260303B2A
:1029E0002046DEB2FFF7F8F8A06AE26866E7917861
:1029F0000025DAE611780025D7E691780546D4E679
:102A000011780546D1E651780025CEE6F8B5C268C2
:102A100013784C2B31D1531CC36051785F29054684
:102A200033D05A290CD10133EB6000212846FEF740
:102A3000A7FCEB681A78452A1FD10133EB60F8BD7B
:102A4000FFF7CAF8C8B10378272B06D183681A7C30
:102A50001AB15A68EB6A9B1AEB62EA6814786E2C1A
:102A60000DD03D21452C39D0134603E0EB601C7896
:102A7000452C12D00133002CF8D10020F8BD531C96
:102A8000EB6054783E211A46ECE7931CC3609278C1
:102A90005A2A18BF0020CED1C5E79C1AD5E9056394
:102AA0009E4219DAD5F810C000270CEB061306F188
:102AB000010EBC425F604FEA0616C5F814E00BDD5C
:102AC0005F600CF80670C3E9022402462846FDF751
:102AD000B7FBEB681A78AEE70023F6E70024DDE7E2
:102AE0002DE9F04F044697B0002A74D05368012BAB
:102AF000154670DCD0F81C21B2F5806F6BDC0E46F9
:102B0000591C6960D0F81871D0F82C11029502F1A7
:102B1000010C02A8C4F81CC10391C4F82C01002FB9
:102B200040F0D88095F800C0BCF1500F01F216803B
:102B3000DFE81CF0E707200120018C03710818046E
:102B4000BE07B1078C07660740071A07F406CE06D2
:102B50008D06670641061B06F505CF05A905830509
:102B60005D0537050D05FB00FB00FB00D800D80014
:102B7000D800D800D800D800D80008020802D80031
:102B8000D8004A023E0222027802DE01DC02DE01A7
:102B90009A019A0175093009B009D70814080A0981
:102BA000FD0838032D03720A620AFB01FB0157017D
:102BB00057013C0A2A0A080AD909EB0AC50A9F0AE2
:102BC000790A1408E804C2049C0442044608D800A8
:102BD0001B08D800D8000123C4F8183117B0BDE88D
:102BE000F08FAA6893681B685978632902F05284B1
:102BF00005F10C033146204603F044FE0746002849
:102C000042F04084AB681A78322A02F0DC849B6878
:102C1000C949186804F068FAEB6820B99A68117815
:102C2000032902F019869A683146204603F0DAFD3E
:102C3000AF68C249BB68D3F80080404604F054FA3C
:102C40008146002842F0B084D4F80031FF2B0ED129
:102C500084F8FF0019462046D4E942329847D4F858
:102C60002831C4F800915A1CC4F828214B46591C3D
:102C70005B22C4F80011E25484F80421EB68314669
:102C8000DA682046FFF72CFFD4F80031FF2B0FD174
:102C90000026194684F8FF60D4E94232204698475E
:102CA000D4F82831C4F800615A1CC4F828213346EE
:102CB0005D22591CC4F80011E25484F80421AB6869
:102CC0001A78322A02F02E856B68D4F81C210399F9
:102CD000013B013AC4F82C116B60C4F81C2117B0F9
:102CE000BDE8F08F0022D4E94431CDE9061506A9EC
:102CF000C4F814110021CDE90813A946002A36D0E2
:102D000031462046FFF7ECFE089B002B01F068855A
:102D1000069BC4F814310FB1C4F810816B68D4F865
:102D20001C210399013B013AD4E7D4F814E173461E
:102D3000BEF1000F0ED0996849B95A681278A2F115
:102D40001900022802F2EB81944502F0DB811B6836
:102D5000002BF0D1A94606ABC4F81431D4F81031D9
:102D6000CDF818E00022CDE90823CDF81C90D9F861
:102D70000820C5E7AA6831462046FFF7B1FE16F0E5
:102D8000040A02F0DA80D4F80031FF2B0FD10027BB
:102D9000194684F8FF70D4E9423220469847D4F8A7
:102DA0002831C4F800715A1CC4F828213B462E2251
:102DB000591CC4F80011E25484F80421D5F80C80A1
:102DC00098F80030472B02F0F68142463146204603
:102DD000FFF786FE6B68D4F81C210399013B013A8A
:102DE00078E7AA681378272B01F06E870027D4F8BC
:102DF0000011FF290ED14FF00008D4E9423284F8C7
:102E0000FF8020469847D4F82831AA68013341460C
:102E1000C4F828312823481CC4F800016354204614
:102E200084F804313146FFF75BFED4F80031FF2B04
:102E300001F07487591C2922C4F80011E25484F867
:102E400004212B783E2B02F03182082F02F0BD8046
:102E5000EA6831462046FFF743FE6B68D4F81C2130
:102E60000399013B013A35E7AA681AB13146204679
:102E7000FFF736FEEB68002B02F02C81D4F800310E
:102E8000FD2B0ED90027E75419462046D4E94232DB
:102E90009847D4F82831C4F800715A1CC4F8282186
:102EA0003B46DFF89C904FF02C0809F1010B4FF0E6
:102EB000000A19460CE00B460131CB45C4F800115D
:102EC00004F8038084F8048101F0AB8419F8018FC1
:102ED000FF29F0D1D4E9423284F8FFA02046984778
:102EE000D4F828310133C4F8283101210023E4E764
:102EF000D4E9443106AA0020CDE90615C4F814210E
:102F00000890EA68099331462046FFF7E9FD089BDF
:102F1000002B01F0FC866B68D4F81C210699C4F8DC
:102F20001411013B0399013AD4E60123C4F8183186
:102F30006B68013BCEE600BFF07C0208F47C02081F
:102F4000C87C0208D4F82031D5F808902BB999F83C
:102F50000070052F02F0C3811F4699F80030232B23
:102F600001F096842A789A4201F09284242B02F090
:102F70001783D4F814E1EDE6B30601F12F86AA68B1
:102F8000002A02F0DD8016F0400026F0600602F014
:102F9000E080D4F81431314605F10C02204603F0EC
:102FA000DBF86B68D4F81C210399013B013A91E6E8
:102FB000AA6831462046FFF793FD6B68D4F81C21C0
:102FC0000399013B013A85E616F0040641F064845A
:102FD000AF68D7E9007000283FF47CAE3844D4F8DD
:102FE000001100F1FF39013FB04609E00B46013105
:102FF000B945C4F80011E65484F8046101F0CE85A7
:10300000FF2917F8016FF1D1D4E9423284F8FF802B
:1030100020469847D4F828310133C4F828310121DB
:103020000023E5E7D4E9443E0DF11809714600227A
:10303000CDF800E0CDF818E0CDE908230795C4F8F5
:103040001491CE46002902F094844FF00108B44652
:10305000009FC3464E4617E0BB689BB9B8F1030F0B
:1030600002F2728097E80F00AAF1400E8EE80F007E
:103070004AF8406C09EB0816C4F8146108F101081D
:10308000C7F808B03F683FB17B681B78193B022B3B
:1030900016AB03EB081ADFD9EA686146204666469C
:1030A000FFF71EFD089B009AC4F81421BBB9B8F1C4
:1030B000010F0CD009EB08180AAF58F80C2C314658
:1030C000A8F11008204602F041FD4745F5D1D4F89B
:1030D0001431314605F10802204603F06DFA6B68A1
:1030E000D4F81C210399013B013AF3E5B5F90E3000
:1030F000002B41F04587AA68D84B9168994201F0AE
:10310000498531462046FFF7EBFCD4F80031FF2B10
:103110000FD10026194684F8FF60D4E942322046D8
:103120009847D4F82831C4F800615A1CC4F8282103
:1031300033462022591CC4F80011E25484F80421BB
:10314000B5F90C30002B41F0C684C54F984607F105
:1031500005095F260BE00B460131B945C4F80011A3
:10316000E65484F8046101F0AE8417F8016FFF297A
:10317000F1D1D4E9423284F8FF8020469847D4F850
:1031800028310133C4F8283101210023E5E7EB6839
:103190001B78392B3FF425AD0123C4F818316B6837
:1031A000013B97E5D5E9028798F80030322B01F012
:1031B0001386342B42F0EE83D4F80031FF2B10D16C
:1031C0004FF00009194684F8FF90D4E942322046B6
:1031D0009847D4F82831C4F800915A1CC4F8282123
:1031E0004B46591C2822C4F80011E25484F80421EB
:1031F000D8F8082031462046FFF772FCD4F8003199
:10320000FF2B10D14FF00008194684F8FF80D4E955
:10321000423220469847D4F82831C4F800815A1C1D
:10322000C4F8282143462922591CC4F80011E2544D
:1032300084F804213A463146204603F0D3FA6B68FD
:10324000D4F81C210399013B013A43E5D4F8143129
:10325000D5F8088000930023C4F81431B8F1000FAA
:1032600002F0C2800DF11809D4F810E11F4618468B
:103270004A46C2E90038C2E9020E98F800104D290A
:10328000A1F11C0AA1F14F0C07F10107134601F04F
:10329000DD8200F26087BAF1040F41F2D782022981
:1032A000C4F8142116D1D8F80C8098F80030472BB8
:1032B00002F0578309EB071C98F800304D2BA3F15F
:1032C0001C01A3F14F0201F0EB8601F2E68604290E
:1032D00041F2E68698F80030042B04D1CDE904E8E9
:1032E00004ABC4F81031EA6831462046FFF7F8FB1A
:1032F00098F80030042B02D1049BC4F8103109EB7C
:1033000007174FF02008AA4657F8085CE5B9D4F82B
:103310000011FF290BD1D4E9423284F8FF50204636
:103320009847D4F8283101332946C4F828314B1C7A
:10333000C4F8003157F80C2C04F8018020463146BF
:1033400084F8048102F002FC103FB945DCD1009BF7
:10335000C4F8143155466B68D4F81C210399013B1D
:10336000013AB7E4D4F82031002B01F08C833D4FB3
:10337000D4F8001107F1040961264FF000080BE0B2
:103380000B460131B945C4F80011E65484F80461D4
:1033900001F0CB8317F8016FFF29F1D1D4E9423254
:1033A00084F8FF8020469847D4F828310133C4F8C8
:1033B000283101210023E5E7A9682046FDF780FABE
:1033C0004FF0000A002802F0878103782F2B41F08C
:1033D0004D828368002B01F04982C0680AF1010A1E
:1033E0000028F2D1AB681A460AF1FF3300939046E9
:1033F000A146019503E00137BA4541F30882C9F8B7
:103400002471424631464846FFF76AFB009B9F42C3
:10341000F1DA154CD9F8001104F1010B2C250BE061
:103420000B460131A345C9F8001109F8035089F88A
:103430000451E0D014F8015FFF29F1D14FF00003EF
:1034400089F8FF304846D9E942329847D9F82831FF
:103450000133C9F8283101210023E3E730060208CF
:10346000B87C0208407B0208C87C0208DFF8F883B9
:10347000D4F8001108F1190A6E274FF000090BE08B
:103480000B460131C245C4F80011E75484F80471B9
:1034900001F0148118F8017FFF29F1D1D4E94232FB
:1034A00084F8FF9020469847D4F828310133C4F8B7
:1034B000283101210023E5E7DFF8B083D4F80011BB
:1034C00008F1150A74274FF000090BE00B46013193
:1034D000C245C4F80011E75484F8047101F0E1809A
:1034E00018F8017FFF29F1D1D4E9423284F8FF9026
:1034F00020469847D4F828310133C4F828310121F7
:103500000023E5E7D74FD4F8001107F10D097B261A
:103510004FF000080BE00B460131B945C4F800112B
:10352000E65484F8046100F08B8717F8016FFF29D7
:10353000F1D1D4E9423284F8FF8020469847D4F88C
:1035400028310133C4F8283101210023E5E7D5E90A
:10355000026000283FF4BEAB3044D4F8001100F103
:10356000FF39013E4FF0000809E00B460131B1453B
:10357000C4F80011E75484F8047101F03881FF2980
:1035800016F8017FF1D1D4E9423284F8FF80204659
:103590009847D4F828310133C4F828310121002399
:1035A000E5E7DFF8CC82D4F8001108F1100A6827AB
:1035B0004FF000090BE00B460131C245C4F8001181
:1035C000E75484F8047100F0888718F8017FFF2918
:1035D000F1D1D4E9423284F8FF9020469847D4F8DC
:1035E00028310133C4F8283101210023E5E7DFF851
:1035F0008482D4F8001108F1140A72274FF00009F0
:103600000BE00B460131C245C4F80011E75484F8C1
:10361000047100F0CA8718F8017FFF29F1D1D4E9BD
:10362000423284F8FF9020469847D4F8283101337D
:10363000C4F8283101210023E5E7DFF83C82D4F803
:10364000001108F1180A54274FF000090BE00B464F
:103650000131C245C4F80011E75484F8047100F048
:10366000978718F8017FFF29F1D1D4E9423284F815
:10367000FF9020469847D4F828310133C4F8283108
:1036800001210023E5E7DFF8F481D4F8001108F107
:10369000150A54274FF000090BE00B460131C245D3
:1036A000C4F80011E75484F8047100F0648718F836
:1036B000017FFF29F1D1D4E9423284F8FF902046FE
:1036C0009847D4F828310133C4F828310121002368
:1036D000E5E7DFF8AC81D4F8001108F1120A67279A
:1036E0004FF000090BE00B460131C245C4F8001150
:1036F000E75484F8047100F0318718F8017FFF293E
:10370000F1D1D4E9423284F8FF9020469847D4F8AA
:1037100028310133C4F8283101210023E5E7DFF81F
:103720006481D4F8001108F10E0A6A274FF00009ED
:103730000BE00B460131C245C4F80011E75484F890
:10374000047100F0FE8618F8017FFF29F1D1D4E959
:10375000423284F8FF9020469847D4F8283101334C
:10376000C4F8283101210023E5E7DFF81C81D4F8F3
:10377000001108F1190A63274FF000090BE00B460E
:103780000131C245C4F80011E75484F8047100F017
:10379000CB8618F8017FFF29F1D1D4E9423284F8B1
:1037A000FF9020469847D4F828310133C4F82831D7
:1037B00001210023E5E7DFF8D480D4F8001108F1F7
:1037C000100A76274FF000090BE00B460131C24585
:1037D000C4F80011E75484F8047100F0988618F8D2
:1037E000017FFF29F1D1D4E9423284F8FF902046CD
:1037F0009847D4F828310133C4F828310121002337
:10380000E5E7DFF88C80D4F8001108F1140A6E2780
:103810004FF000090BE00B460131C245C4F800111E
:10382000E75484F8047100F0658618F8017FFF29D9
:10383000F1D1D4E9423284F8FF9020469847D4F879
:1038400028310133C4F8283101210023E5E7DFF8EE
:103850004480D4F8001108F10F0A74274FF00009D2
:1038600026E000BFA07D0208947C0208987C020834
:10387000807C0208687C02084C7C0208347C0208C8
:10388000207C0208107C0208F47B0208E07B02081E
:10389000DC7B0208C87B02080B460131C245C4F834
:1038A0000011E75484F8047100F0808718F8017F54
:1038B000FF29F1D1D4E9423284F8FF90204698479D
:1038C000D4F828310133C4F8283101210023E5E779
:1038D000DFF86485D4F8001108F1110A74274FF05D
:1038E00000090BE00B460131C245C4F80011E75452
:1038F00084F8047100F04D8718F8017FFF29F1D199
:10390000D4E9423284F8FF9020469847D4F8283111
:103910000133C4F8283101210023E5E7DFF81C85D5
:10392000D4F8001108F10C0A74274FF000090BE0DD
:103930000B460131C245C4F80011E75484F8047104
:1039400000F00D8718F8017FFF29F1D1D4E9423248
:1039500084F8FF9020469847D4F828310133C4F802
:10396000283101210023E5E7DFF8D484D4F80011E1
:1039700008F1170A63274FF000090BE00B460131ED
:10398000C245C4F80011E75484F8047100F0BD8604
:1039900018F8017FFF29F1D1D4E9423284F8FF9071
:1039A00020469847D4F828310133C4F82831012142
:1039B0000023E5E7DFF88C84D4F8001108F1070A4A
:1039C00056274FF000090BE00B460131C245C4F801
:1039D0000011E75484F8047100F08A8618F8017F1A
:1039E000FF29F1D1D4E9423284F8FF90204698476C
:1039F000D4F828310133C4F8283101210023E5E748
:103A0000DFF84484D4F8001108F10A0A76274FF051
:103A100000090BE00B460131C245C4F80011E75420
:103A200084F8047100F0578618F8017FFF29F1D15E
:103A3000D4E9423284F8FF9020469847D4F82831E0
:103A40000133C4F8283101210023E5E7D4F800113F
:103A5000FF290CD10027D4E9423284F8FF702046B8
:103A60009847D4F8283101333946C4F828317E23E9
:103A70004A1CC4F80021635484F80431EA683146D2
:103A80002046FFF72DF86B68D4F81C210399013B01
:103A9000013AFFF71FB9EA6831462046FFF720F8E0
:103AA0006B68D4F81C210399013B013AFFF712B966
:103AB000D5F80880B8F1000F40F06A87DD4FD4F8E0
:103AC000001107F1030974260BE00B460131B945DB
:103AD000C4F80011E65484F8046100F0CC8717F8AC
:103AE000016FFF29F1D1D4E9423284F8FF802046EA
:103AF0009847D4F828310133C4F828310121002334
:103B0000E5E716F0040640F0F286D5E902700028D9
:103B10003FF4E0A83844D4F8001100F1FF39013F28
:103B2000B04609E00B460131B945C4F80011E6542E
:103B300084F8046101F04A80FF2917F8016FF1D180
:103B4000D4E9423284F8FF8020469847D4F82831DF
:103B50000133C4F8283101210023E5E70123C4F82B
:103B600018316B68013BFFF7B5B8DFF8E082AA684F
:103B700031462046FEF7B4FF08F1070AD4F80011D9
:103B800020274FF000090BE00B460131C245C4F875
:103B90000011E75484F8047100F0328518F8017FB1
:103BA000FF29F1D1D4E9423284F8FF9020469847AA
:103BB000D4F828310133C4F8283101210023E5E786
:103BC000DFF88C82AA6831462046FEF789FF08F1AB
:103BD000040AD4F800115B274FF000090BE00B46F4
:103BE0000131C245C4F80011E75484F8047100F0B3
:103BF000338518F8017FFF29F1D1D4E9423284F8E6
:103C0000FF9020469847D4F828310133C4F8283172
:103C100001210023E5E700237207D4F81481D4F8CA
:103C20004871D5F80890C4F81431C4F8485107D544
:103C300099F8003023B9D9F80C20062A01F05E85E6
:103C40004A4631462046FEF74BFF94F804313C2BA0
:103C500001F0A480D4F80011FF290DD14FF0000924
:103C6000D4E9423284F8FF9020469847D4F82831AE
:103C700001334946C4F828313C234A1CC4F80021CA
:103C8000635484F80431EA6831462046FEF728FF81
:103C900094F804313E2B01F06480D4F80011FF2920
:103CA0000CD10026D4E9423284F8FF6020469847C0
:103CB000D4F8283101333146C4F828313E234A1C58
:103CC000C4F80021635484F804316B68D4F81C21D3
:103CD0000399C4F81481C4F84871013B013AFEF716
:103CE000F9BFDFF87081D4F8001108F1080A6F27D6
:103CF0004FF000090BE00B460131C245C4F800113A
:103D0000E75484F8047100F02E8218F8017FFF292F
:103D1000F1D1D4E9423284F8FF9020469847D4F894
:103D200028310133C4F8283101210023E5E7AA68CE
:103D30003146204602F01AFD6B68D4F81C21039925
:103D4000013B013AFEF7C6BFDFF80881D4F8001145
:103D500008F1080A6F274FF000090BE00B4601310C
:103D6000C245C4F80011E75484F8047100F07B8266
:103D700018F8017FFF29F1D1D4E9423284F8FF908D
:103D800020469847D4F828310133C4F8283101215E
:103D90000023E5E7D5E902281AB131462046FEF7AF
:103DA0009FFED4F80031FF2B0DD10027194684F86F
:103DB000FF70D4E9423220469847D4F828315A1C83
:103DC000C4F828213B46581C7B27C4F80001314623
:103DD000E7544246204684F80471FEF781FED4F889
:103DE0000011FF290CD10026D4E9423284F8FF608B
:103DF00020469847D4F8283101333146C4F8283199
:103E00004A1C7D23C4F80021635484F804316B6894
:103E1000D4F81C210399013B013AFEF75BBFDFF8A0
:103E20003880D4F8001108F11D0A74274FF00009FA
:103E300020E000BF407D0208B47B0208A47B02089A
:103E4000807B0208747B0208687B0208B07D020850
:103E5000147B0208D87C0208487B02080B4601311B
:103E6000C245C4F80011E75484F8047100F01C82C4
:103E700018F8017FFF29F1D1D4E9423284F8FF908C
:103E800020469847D4F828310133C4F8283101215D
:103E90000023E5E7D5F80890D34FD9F80880D4F887
:103EA000001107F1070B6F264FF0000A0BE00B46DD
:103EB0000131BB45C4F80011E65484F8046100F0F8
:103EC0005F8117F8016FFF29F1D1D4E9423284F8FC
:103ED000FFA020469847D4F828310133C4F8283190
:103EE00001210023E5E7AA68C04906A808F088FE7A
:103EF00006A803F065FA002800F0A08106AED4F809
:103F0000001106EB00094FF0000809E00B460131F3
:103F1000B145C4F80011E75484F8047100F08E81B3
:103F2000FF2916F8017BF1D1D4E9423284F8FF80F1
:103F300020469847D4F828310133C4F828310121AC
:103F40000023E5E7D4F800012E7AFF2814D14FF0C2
:103F50000008D4E94232014684F8FF8020469847A1
:103F6000D4F828016B68D4F81C210399471CC4F8C5
:103F700028714046013B013A471CC4F800712654A1
:103F800084F80461FEF7A6BEAA6831462046FEF713
:103F9000A7FDEA6831462046FEF7A2FD6B68D4F81B
:103FA0001C210399013B013AFEF794BEDFF84082E1
:103FB000D4F8001108F10D0A6A274FF000090BE050
:103FC0000B460131C245C4F80011E75484F804716E
:103FD00000F03C8118F8017FFF29F1D1D4E9423289
:103FE00084F8FF9020469847D4F828310133C4F86C
:103FF000283101210023E5E7EB6818783B2804D13C
:10400000DB681B783C2B01F0B1810123C4F8183127
:104010006B68013BFEF75EBE0123C4F818316B6884
:10402000013BFEF757BEDFF8CC81D4F8001108F150
:10403000070A7B274FF000090BE00B460131C24510
:10404000C4F80011E75484F8047100F0548118F8A2
:10405000017FFF29F1D1D4E9423284F8FF90204654
:104060009847D4F828310133C4F8283101210023BE
:10407000E5E7DFF88481D4F8001108F11B0A67270F
:104080004FF000090BE00B460131C245C4F80011A6
:10409000E75484F8047100F0218118F8017FFF29AA
:1040A000F1D1D4E9423284F8FF9020469847D4F801
:1040B00028310133C4F8283101210023E5E7DFF876
:1040C0003C81D4F8001108F11C0A67274FF0000961
:1040D0000BE00B460131C245C4F80011E75484F8E7
:1040E000047100F0EE8018F8017FFF29F1D1D4E9C6
:1040F000423284F8FF9020469847D4F828310133A3
:10410000C4F8283101210023E5E7DFF8F480D4F872
:10411000001108F1090A64274FF000090BE00B4673
:104120000131C245C4F80011E75484F8047100F06D
:10413000628118F8017FFF29F1D1D4E9423284F875
:10414000FF9020469847D4F828310133C4F828312D
:1041500001210023E5E7BCF1010F40F27783C4F8A9
:104160001421FFF7B7B8EA6831462046FEF7B8FCDD
:104170006B68D4F81C210399013B013AFEF7AABDF4
:10418000D9F804603378613B192B1AD8FF290DD177
:104190000026D4E9423284F8FF6020469847D4F8DC
:1041A0002831C4F800610133C4F82831D4F8002163
:1041B0002023511CC4F80011A35484F80431D9F809
:1041C00004604346F21812F8012C202A08BF08F1B7
:1041D000FF33002B01F0D382013ED4F8001106EB2F
:1041E00003094FF0000817E0CC7C0208286A020897
:1041F000247D0208907D0208707D0208507D02082F
:10420000347D02080B460131B145C4F80011E75472
:1042100084F8047100F0F382FF2916F8017FF1D1D0
:10422000D4E9423284F8FF8020469847D4F82831F8
:104230000133C4F8283101210023E5E76B68D4F885
:104240001C210399013B013AFEF744BDAA6831469F
:104250002046FEF745FC6B68D4F81C210399013B0E
:10426000013AFEF737BDD4F8483133B1D4F8102104
:10427000079306AB0692C4F81031AA681378042B92
:1042800000F0C68431462046FEF72AFCD4F84831B7
:1042900013B1069BC4F810316B68D4F81C21039944
:1042A000013B013AFEF716BDAA6831462046FEF7EB
:1042B00017FC6B68D4F81C210399013B013AFEF707
:1042C00009BDAA6831462046FEF70AFC6B68D4F89F
:1042D0001C210399013B013AFEF7FCBCAA68314658
:1042E0002046FEF7FDFB6B68D4F81C210399013BC7
:1042F000013AFEF7EFBCD4F82031AA68D34F01335E
:104300003146C4F820312046FEF7EAFBD4F82031CC
:10431000D4F80011013BC4F8203107F10109292626
:104320004FF000080AE00B460131B945C4F800110E
:10433000E65484F8046111D017F8016FFF29F2D117
:10434000D4E9423284F8FF8020469847D4F82831D7
:104350000133C4F8283101210023E6E7EA68BC49AB
:10436000013206A808F04CFC06A803F029F810B3A7
:1043700006AED4F8001106EB00094FF0000808E083
:104380000B460131B145C4F80011E75484F80471BB
:1043900013D0FF2916F8017BF2D1D4E9423284F818
:1043A000FF8020469847D4F828310133C4F82831DB
:1043B00001210023E6E7D4F80011FF290CD10026E3
:1043C000D4E9423284F8FF6020469847D4F8283177
:1043D00001333146C4F828314A1C7D23C4F800213A
:1043E000635484F804316B68D4F81C210399013BB1
:1043F000013AFEF76FBC3146AA682046FEF770FB13
:10440000D4F80011FF290CD10026D4E9423284F8F7
:10441000FF6020469847D4F8283101333146C4F86C
:1044200028314A1C2923C4F80021635484F804313C
:104430006B68D4F81C210399013B013AFEF74ABC92
:10444000AA688349013206A808F0DAFB06A802F040
:10445000B7FF10B306AED4F8001106EB00094FF019
:10446000000808E00B460131B145C4F80011E754DB
:1044700084F8047113D0FF2916F8017BF2D1D4E936
:10448000423284F8FF8020469847D4F8283101331F
:10449000C4F8283101210023E6E7D4F80011FF29F0
:1044A0000CD10026D4E9423284F8FF6020469847B8
:1044B000D4F8283101333146C4F828314A1C7D2311
:1044C000C4F80021635484F804316B68D4F81C21CB
:1044D0000399013B013AFEF7FDBBAA68314620462D
:1044E000FEF7FEFA6B68D4F81C210399013B013AF0
:1044F000FEF7F0BBAA6831462046FEF7F1FA6B687A
:10450000D4F81C210399013B013AFEF7E3BBAA68EA
:1045100031462046FEF7E4FA6B68D4F81C21039973
:10452000013B013AFEF7D6BBAA6831462046FEF7AA
:10453000D7FA6B68D4F81C210399013B013AFEF7C6
:10454000C9BBAA6831462046FEF7CAFA6B68D4F8A0
:104550001C210399013B013AFEF7BCBBAA68314616
:104560002046FEF7BDFA6B68D4F81C210399013B85
:10457000013AFEF7AFBBAA6831462046FEF7B0FA13
:104580006B68D4F81C210399013B013AFEF7A2BBEA
:10459000AA6831462046FEF7A3FA6B68D4F81C21BE
:1045A0000399013B013AFEF795BBDFF8A880EA6862
:1045B00031462046FEF794FA08F1040AD4F80011B7
:1045C00020274FF000090BE00B460131C245C4F82B
:1045D0000011E75484F8047100F0F58018F8017FA9
:1045E000FF29F1D1D4E9423284F8FF902046984760
:1045F000D4F828310133C4F8283101210023E5E73C
:104600003146EA682046FEF76BFAD4F80011FF291C
:104610000CD10026D4E9423284F8FF602046984746
:10462000D4F8283101333146C4F828314A1C5D23BF
:10463000C4F80021635484F804316B68D4F81C2159
:104640000399013B013AFEF745BB00BF9C7D020880
:10465000286A0208607C02083146EA682046FEF7B4
:104660003FFAD4F80011FF290CD10026D4E94232D8
:1046700084F8FF6020469847D4F82831013331464A
:10468000C4F828314A1C5D23C4F80021635484F81F
:1046900004316B68D4F81C210399013B013AFEF701
:1046A00019BBAA6831462046FEF71AFA6B68D4F89F
:1046B0001C210399013B013AFEF70CBBAA68314665
:1046C0002046FEF70DFA6B68D4F81C210399013BD4
:1046D000013AFEF7FFBAAA6831462046FEF700FA13
:1046E0006B68D4F81C210399013B013AFEF7F2BA3A
:1046F000AA6831462046FEF7F3F96B68D4F81C210E
:104700000399013B013AFEF7E5BADFF8B885AA68DC
:1047100031462046FEF7E4F908F1030AD4F8001107
:104720002D274FF000090AE00B460131C245C4F8BD
:104730000011E75484F804711ED018F8017FFF2996
:10474000F2D1D4E9423284F8FF9020469847D4F859
:1047500028310133C4F8283101210023E6E7AA6893
:1047600031462046FEF7BCF96B68D4F81C2103994A
:10477000013B013AFEF7AEBAEA6831462046FEF741
:10478000AFF96B68D4F81C210399013B013AFEF79D
:10479000A1BAAA6831462046FEF7A2F96B68D4F8A0
:1047A0001C210399013B013AFEF794BAAA683146ED
:1047B0002046FEF795F96B68D4F81C210399013B5C
:1047C000013AFEF787BAAA6831462046FEF788F913
:1047D0006B68D4F81C210399013B013AFEF77ABAC1
:1047E0004A463146204601F0B1F9FEF791BA6B68AE
:1047F000D4F81C210399013B013AFEF76BBA6B68B0
:10480000D4F81C210399013B013AFEF763BA019DDC
:10481000D9F81C216B6803994C46013B013AFEF71D
:1048200059BAEA680F4620463146D4F82861FEF7A7
:1048300057F9D4F828319E4200F054846B68D4F8BC
:104840001C210399013B013AFEF744BAD8F80880CD
:10485000B8F1000F00F0C685042F02F110027EF4BB
:1048600008AD0122C4E94532FEF775BDAB681A46B2
:10487000BAF1000F7EF4B8AD6B68D4F81C2103992F
:10488000013B013AFEF726BA2B782F2B00D0A94620
:10489000D4F814E1FEF75FBAAE68D6E902600028EA
:1048A0003EF418AA3044D4F8001100F1FF39013E5B
:1048B0004FF0000809E00B460131B145C4F8001182
:1048C000E75484F8047100F07981FF2916F8017F1C
:1048D000F1D1D4E9423284F8FF8020469847D4F8D9
:1048E00028310133C4F8283101210023E5E7D5E957
:1048F000026006EB00084645BEF4ECA94FF0000943
:1049000009E04B1CC4F80031675484F80471013687
:10491000B04540F24B81A8EB0603032B377801DD4D
:104920005F2F11D0D4F80011FF29EAD1D4E9423227
:1049300084F8FF9020469847D4F828310133C4F812
:10494000283100210123DDE773785F2BEAD1B378AA
:10495000552BE7D1F31C9845E4D9002005E0174614
:10496000984507EB001001F012809A4613F8017B7E
:10497000A7F130025FFA82FCBCF1090FA7F14101F7
:10498000EDD90529A7F1610200F2A384373FE7E7DB
:10499000C94FD4F8001107F1050A7B264FF0000932
:1049A0000AE00B460131BA45C4F80011E65484F818
:1049B000046111D017F8016FFF29F2D1D4E9423216
:1049C00084F8FF9020469847D4F828310133C4F882
:1049D000283101210023E6E7B849424606A808F03D
:1049E0000FF906A802F0ECFC10B306AED4F80011E3
:1049F00006EB00094FF0000808E00B460131B14515
:104A0000C4F80011E75484F8047111D0FF2916F896
:104A1000017BF2D1D4E9423284F8FF8020469847E6
:104A2000D4F828310133C4F8283101210023E6E706
:104A3000D4F80031FF2B0FD10026194684F8FF600F
:104A4000D4E9423220469847D4F82831C4F80061AE
:104A50005A1CC4F828213346591C7D22C4F8001181
:104A6000E25484F804216B68D4F81C210399013BBB
:104A7000013AFEF72FB96B68D4F81C210399013B6A
:104A8000013AFEF727B905F108012046FBF708FFB8
:104A90000246002800F0B88403782F2B00F0A98488
:104AA000D4F810713B68C4F8103131462046FEF747
:104AB00017F86B68D4F81C210399C4F81071013BF6
:104AC000013AFEF707B96B68D4F81C210399013B42
:104AD000013AFEF7FFB87A4E5F2706F105094FF05D
:104AE00000080AE00B460131B145C4F80011E75453
:104AF00084F8047111D016F8017FFF29F2D1D4E9AE
:104B0000423284F8FF8020469847D4F82831013398
:104B1000C4F8283101210023E6E76B68D4F81C2192
:104B20000399013B013AFEF7D5B8AA6863490132FF
:104B300006A808F065F806A802F042FC10B306AE1D
:104B4000D4F8001106EB00094FF0000808E00B460E
:104B50000131B145C4F80011E75484F8047111D053
:104B6000FF2916F8017BF2D1D4E9423284F8FF80A4
:104B700020469847D4F828310133C4F82831012160
:104B80000023E6E76B68D4F81C210399013B013A46
:104B9000FEF7A0B8D4F80011FEF7D2BA6B68D4F8CB
:104BA0001C210399013B013AFEF794B86B68D4F8D5
:104BB0001C210399013B013AFEF78CB86B68D4F8CD
:104BC0001C210399013B013AFEF784B86B68D4F8C5
:104BD0001C210399013B013AFEF77CB826F06001E5
:104BE00005F10C02D4F814310091204601F0B4FA1A
:104BF000AA680099002A00F0CA852046FDF770FFD8
:104C00006B68D4F81C210399013B013AFEF762B8A6
:104C1000926831462046FDF763FFD4F8483113B15E
:104C2000069BC4F8103194F804313C2B00F00F853A
:104C3000D4F80031FF2B0FD10027194684F8FF70FC
:104C4000D4E9423220469847D4F82831C4F800719C
:104C50005A1CC4F828213B46591C3C22C4F80011B8
:104C6000E25484F80421AB683146DA682046FDF747
:104C700037FF94F804313E2B00F0CC84D4F8003197
:104C8000FF2B0FD10026194684F8FF60D4E9423289
:104C900020469847D4F82831C4F800615A1CC4F85B
:104CA000282133463E22591CC4F80011E25484F8EE
:104CB0000421FFF7F1BA00BF487D0208286A020804
:104CC000C07C02089C7B020893681F7C062F00F2C0
:104CD000BF81002F3EF48BA8EB6893F80080B8F1F9
:104CE000000F7EF484A8BCF13E0F00F0F486EA6861
:104CF00031462046023FFDF7F3FE042F00F21487F1
:104D0000DFE817F0C606A306960689067C0631463C
:104D10002A46204600F01AFFFEF7FDB80022194689
:104D200084F8FF202046D4E942329847D4F828314D
:104D300001210B442922C4F82831C4F80011227043
:104D400084F804212B783E2B7EF47FA8D4F8002130
:104D50002D23511CC4F80011A35484F80431FEF72C
:104D600074B8D4F80031FF2B0FD10026194684F80F
:104D7000FF60D4E9423220469847D4F82831C4F87D
:104D800000615A1CC4F8282133462022591CC4F85B
:104D90000011E25484F80421FEF77FBFD4F80031FB
:104DA000FF2B10D14FF00009194684F8FF90D4E989
:104DB000423220469847D4F82831C4F800915A1C52
:104DC000C4F828214B462022591CC4F80011E25493
:104DD00084F80421FEF73EBFD8F80830D249D3F852
:104DE00000A0504602F080F93B7810B9032B00F088
:104DF0009E85392B00F08985CC49504602F074F924
:104E00008146002800F036859AF80030732B2BD1AC
:104E10009AF80130502B27D19AF8023023BB1E4656
:104E200003E0FF68002F00F0FA823B782F2B40F060
:104E3000F682BB68002B00F0F2821A784B2A18BF6A
:104E40000136EED199682046FBF73AFD034648B19A
:104E5000002304E082682AB1C068013310B10278EF
:104E60002F2AF7D01E44DCE742463146204601F0A7
:104E70007DFC9AF80030672B13D19AF80130732B20
:104E80000FD19AF8023063B93A4631462046FDF711
:104E900027FE6B68D4F81C210399013B013AFDF70A
:104EA00019BFA349504602F01FF9804600287EF43E
:104EB000C1A9D4F80031FF2B0ED184F8FF001946A8
:104EC0002046D4E942329847D4F82831C4F800810A
:104ED0005A1CC4F828214346581C4FF0280CC4F82B
:104EE00000013A4604F803C03146204684F804C164
:104EF000FDF7F6FDD4F80031FF2B0FD1002619463F
:104F000084F8FF60D4E9423220469847D4F828312B
:104F1000C4F800615A1CC4F828213346591C2922C0
:104F2000C4F80011E25484F804216B68D4F81C2101
:104F30000399013B013AFDF7CDBE7E4FD4F8001135
:104F400007F102090AE00B460131B945C4F8001126
:104F500004F8038084F804813DF430AFFF2917F88A
:104F6000018BF0D1D4E9423284F8FFA02046984763
:104F7000D4F828310133C4F8283101210023E4E7B3
:104F80006D4FD4F8001107F105094FF0000A0AE04F
:104F90000B460131B945C4F8001104F8038084F8C8
:104FA00004813EF4A8A8FF2917F8018BF0D1D4E9B9
:104FB000423284F8FFA020469847D4F828310133C4
:104FC000C4F8283101210023E4E7D4F80031FF2B95
:104FD0000FD10027194684F8FF70D4E942322046E9
:104FE0009847D4F82831C4F800715A1CC4F8282115
:104FF0003B46591C5B22C4F80011E25484F804219A
:10500000EA6831462046FDF76BFDD4F80031FF2BEE
:105010000FD10026194684F8FF60D4E942322046B9
:105020009847D4F82831C4F800615A1CC4F82821E4
:105030003346591C5D22C4F80011E25484F804215F
:105040006B68D4F81C210399013B013AFDF742BE7D
:10505000072F7DF4CCAEEB68197800297DF4C7AE3C
:10506000D96801297DF4C3AEBCF13D0F7DF4BFAE1C
:105070009B681B78302B00F04A85312B7DF4B7AE4E
:105080002E4904222046FBF7A9F96B68D4F81C21AD
:105090000399013B013AFDF71DBE012A3EF623A903
:1050A000042FACF1100B0CF1100A00F09D819BE86D
:1050B0000F008CE80F0000234AF81C8C4AF8183CBB
:1050C000D8F80880C4F814C14AE905EB0137D44682
:1050D000FEF7F2B86B68D4F81C210399013B013A42
:1050E000FDF7F8BDD4F80031BB427FF4A7AB6B6885
:1050F000D4F81C210399023FC4F80071013B013A26
:10510000FDF7E8BDAA6831462046FDF7E9FC6B686B
:10511000D4F81C210399013B013AFDF7DBBD0F4692
:10512000A946FDF718BE00BFE47C0208E87C02082F
:105130000C8002081C7B0208B07C02081C7D02085F
:1051400026F06006FDF725BF0123C4F81831FDF7EE
:10515000C6BF06ABD4F81471C4F81431CDE90750BA
:10516000D4F810310697314620460993FDF7B8FC74
:10517000089F069BC4F81431002F40F0EA83D4F84E
:105180000031FF2B0ED1194684F8FF70D4E942326A
:1051900020469847D4F82831C4F800715A1CC4F846
:1051A00028213B462022591CC4F80011E25484F8FF
:1051B0000421FDF7EEBED24FD4F8001107F10D0A1D
:1051C0004FF0000B09E00B460131BA45C4F800115D
:1051D00004F8039084F8049111D0FF2917F8019B7B
:1051E000F1D1D4E9423284F8FFB020469847D4F890
:1051F00028310133C4F8283101210023E5E7D8F82C
:105200000C20C049013206A807F0FAFC06A802F0FB
:10521000D7F818B306AFD4F8001107EB00094FF028
:10522000000B09E00B460131B945C4F8001104F840
:1052300003A084F804A111D0FF2917F801ABF1D124
:10524000D4E9423284F8FFB020469847D4F8283198
:105250000133C4F8283101210023E5E7AA4FD4F82F
:10526000001107F1030A4FF0000B09E00B46013172
:10527000BA45C4F8001104F8039084F8049111D0E1
:10528000FF2917F8019BF1D1D4E9423284F8FFB02D
:1052900020469847D4F828310133C4F82831012139
:1052A0000023E5E7D8F80880FDF78FBDFF297FF4DC
:1052B0004DAD4FF00008D4E9423284F8FF8020461B
:1052C0009847D4F82831C4F800810133C4F8283154
:1052D0003CE5052A00F26583573FFFF741BBD4E95F
:1052E0004CC7002F40F3D181E646924604E09F422E
:1052F0000EF1080E00F0C8815CF83320914503F1EF
:105300000103F4D1034603E05B68002B00F09382B5
:105310001A68914503D09542F6D18342F4D009F141
:1053200008012046FBF7BCFA8146A0B1002799F896
:1053300000302F2B7DF411AED4F824110029FFF694
:10534000A3AA4846FBF79AFA814600287DF405AEE9
:105350000FB1C4F810810123C4F818316B68D4F878
:105360001C210399013B013AFDF7B4BCAA6805F181
:105370000C033146204601F085FA0746002840F02C
:105380004A82D5E902A2DAF80810D36808685F49B2
:10539000D2F808B0D3E9029801F0A6FE002840F048
:1053A000FE815A463146204601F01CFA52463146EB
:1053B000204601F0DBF94A463146204601F012FA58
:1053C000534903222046FBF709F84246314620465E
:1053D00001F008FA6B68D4F81C210399013B013AEB
:1053E000FDF778BCC4F814210123C4F81831FDF787
:1053F000B2BFD4F824110029FFF652ABFBF73EFAF6
:10540000024600287FF44CAB0123C4F818316B68C6
:10541000D4F81C210399013B013AFDF75BBC3949E3
:10542000324606A807F0ECFB06A801F0C9FF08B356
:1054300006AED4F8001137184FF0000909E00B460A
:10544000591CB742C4F8001104F8038084F80481A1
:1054500010D0FF2916F8018BF1D1D4E9423284F83B
:10546000FF9020469847D4F828310133C4F82831FA
:105470000023E5E76B68D4F81C210399013B013A4E
:10548000FDF728BC6B68D4F81C210399013B013A55
:10549000FDF720BC1B78A3F16301012903D9723BFE
:1054A000012B3DF6A5AB3146204601F05FF9D4F85B
:1054B0000031FF2B0FD10027194684F8FF70D4E983
:1054C000423220469847D4F82831C4F800715A1C5B
:1054D000C4F828213B46591C3C22C4F80011E25470
:1054E00084F80421EB680B4F9A6831462046FDF79B
:1054F000F7FA07F10209D4F800114FF0000A15E09D
:10550000207B0208286A0208307B0208F87C020827
:10551000FC7C0208EC7C02080B46591CB945C4F817
:10552000001104F8038084F8048110D0FF2917F8D3
:10553000018BF1D1D4E9423284F8FFA0204698478C
:10554000D4F828310133C4F828310023E5E7EB68AB
:105550003146DA682046FDF7C3FAD4F80031FF2B54
:105560000FD10026194684F8FF60D4E94232204664
:105570009847D4F82831C4F800615A1CC4F828218F
:105580003346591C2922C4F80011E25484F804213E
:105590006B68D4F81C210399013B013AFDF79ABBD3
:1055A000D9F80820FDF79FBBB549404601F09CFDA6
:1055B000002840F0C881EB683146DA68204601F0E7
:1055C00011F9FDF77CBB9A68916801297DF41FAB46
:1055D000526812783E2A7DF41AABD4F80031FF2BC2
:1055E0000ED184F8FF0019462046D4E9423298478C
:1055F000D4F82831C4F800715A1CC4F828213B465D
:10560000591C2822C4F80011E25484F80421AB6824
:10561000FDF7FDBAD4F80031FF2B0FD10026194653
:1056200084F8FF60D4E9423220469847D4F8283104
:10563000C4F800615A1CC4F8282133462022591CA2
:10564000C4F80011E25484F80421FFF717BBD4F822
:105650000031FF2B0FD10027194684F8FF70D4E9E1
:10566000423220469847D4F82831C4F800715A1CB9
:10567000C4F828213B462022591CC4F80011E254EA
:1056800084F80421FFF7D4BA5246D4F838319F4247
:1056900080F2AA817B1C0CEBC70EC4F834314CF8A5
:1056A0003790D4F810710EF1040E002F00F0A38192
:1056B000D4E95003984200F1010C80F29581D4F8AE
:1056C0003C31C4F840C103EBC00378685860CEF8A1
:1056D00000303F689E46E8E7AA683146204601F060
:1056E00081F8684903222046FAF778FE6B68D4F8FF
:1056F0001C210399013B013AFDF7ECBA6249D9F844
:1057000008001AF0A1F900287EF49AAAEA68314646
:105710002046FDF7E5F95D4902222046FAF75EFED4
:10572000FEF7D3BA9B689A68012A7DF4CDAA5B681C
:105730001B783E2B7DF4C8AAD4F80031FF2B0FD183
:105740000026194684F8FF60D4E942322046984783
:10575000D4F82831C4F800615A1CC4F82821334613
:10576000591C2922C4F80011E25484F804216B6802
:10577000D4F81C210399013B013AFDF7ABBA6B68E1
:10578000D4F81C210399013B013AFDF7A3BA6B68D9
:10579000D4F81C210399013B013AFDF79BBA3C491F
:1057A00004222046FAF71AFEDBF80830F3B15A4615
:1057B0003146204601F016F8D4F80031FF2B0ED107
:1057C000194684F8FF70D4E9423220469847D4F84D
:1057D0002831C4F800715A1CC4F828213B46202205
:1057E000591CC4F80011E25484F804214A46314699
:1057F0002046FDF775F9B8F1000F14D04246314646
:10580000204600F0EFFF6B68D4F81C210399013BA0
:10581000013AFDF75FBA6B68D4F81C210399013B8C
:10582000013AFDF757BA6B68D4F81C210399013B84
:10583000013AFDF74FBADEF80430D4F81081C4F80D
:10584000103109F108012046FBF72AF881460028AB
:105850003FF47FAD01276AE5D3681B78292B1CBF75
:105860000123C4F8183192683146204600F0BAFF8F
:10587000FDF7DEB939462046FBF722F880B912E081
:10588000F07C0208240E0208347B02083C7B0208EC
:10589000007D0208836833B1C06809F1010910B1C5
:1058A00003782F2BF6D0A4494A4606A807F0A8F99A
:1058B00006A801F085FD00B306AE37184FF00008CA
:1058C000D4F8001116F8019BFF290DD1D4E942321A
:1058D00084F8FF8020469847D4F82831C4F8008126
:1058E0000133C4F8283100214B1CB742C4F8003101
:1058F00004F8019084F80491E2D16B68D4F81C217B
:105900000399013B013AFDF7E5B9BA6831462046F3
:1059100000F068FF42463146204600F027FF6B68E2
:10592000D4F81C210399013B013AFDF7D3B9BB68B8
:105930001A78012A7FF460AAFA681278292A08BF27
:105940001F46FFF759BA3A463146204600F00EFF8F
:1059500031E66B68D4F81C210399013B013AFDF74D
:10596000B9B9D8F80880B8F1000F3FF43DADFDF7A4
:10597000A1BCEA6831462046FDF7B2F8089B009AC0
:10598000C4F81421002B3DF4A2ABFDF7A8BB5F27A0
:10599000FEF7C8BF42463146204600F0E7FEFDF75D
:1059A00049BCD045F3D95F2FF1D1FF283EF6BAAFFD
:1059B000D4F80011FF29C7B20DD1D4E9423284F8DE
:1059C000FF9020469847D4F82831C4F8009101335D
:1059D000C4F8283100214B1CC4F8003156466754E6
:1059E00084F80471FEF793BF0123C4F818316B6883
:1059F000013BFDF76FB9CEF8007090E44F490322E8
:105A00002046FAF7EBFC6B68D4F81C210399013BA4
:105A1000013AFDF75FB94A4902222046FAF7DEFC57
:105A20006B68D4F81C210399013B013AFDF752B988
:105A3000444902222046FAF7D1FC6B68D4F81C21B5
:105A40000399013B013AFDF745B9D4F80031FF2B2A
:105A50000FD10026194684F8FF60D4E9423220466F
:105A60009847D4F82831C4F800615A1CC4F828219A
:105A70003346591C6C22C4F80011E25484F8042106
:105A80006B68D4F81C210399013B013AFDF722B958
:105A9000D4F80031FF2B0FD10026194684F8FF609F
:105AA000D4E9423220469847D4F82831C4F800613E
:105AB0005A1CC4F828213346591C7522C4F8001119
:105AC000E25484F804216B68D4F81C210399013B4B
:105AD000013AFDF7FFB8D4F80031FF2B0ED119467B
:105AE00084F8FF80D4E9423220469847D4F8283120
:105AF000C4F800815A1CC4F8282143462D22591CA1
:105B0000C4F80011E25484F80421FFF7F0B80E49FC
:105B100005222046FAF762FC6B68D4F81C21039931
:105B2000013B013AFDF7D6B86B68D4F81C21039904
:105B3000013B013AFDF7CEB8286A0208107D020841
:105B40000C7D0208087D0208147D02082DE9F0474B
:105B50001378033B154604460E464D2B4FD8DFE81D
:105B600013F0BD004E004E004E004E004E004E00A1
:105B70004E004E004E004E004E004E004E004E00B5
:105B80004E004E004E004E004E004E004E005300A0
:105B900077009A00530077009A00C200CF00DC0023
:105BA000EF003801460169018C014E004E004E00A5
:105BB0004E0000014E0035024E004E004E004E00D9
:105BC0004E004E004E004E004E004E004E004E0065
:105BD0004E004E004E004E004E004E004E004E0055
:105BE0004E004E004E004E004E004E004E004E0045
:105BF0004E004E004E00B0014E00D401FA012A467C
:105C0000BDE8F047FCF76CBFD84ED0F8001106F1A4
:105C10000808202500270BE00B460131B045C4F8E9
:105C20000011E55484F8045100F0998016F8015FE2
:105C3000FF29F1D1D4E9423284F8FF702046984719
:105C4000D4F828310133C4F8283101210023E5E7D5
:105C5000C74ED0F8001106F10808202500270AE0F9
:105C60000B460131B045C4F80011E55484F80451E5
:105C700075D016F8015FFF29F2D1D4E9423284F8D9
:105C8000FF7020469847D4F828310133C4F82831F2
:105C900001210023E6E7B74ED0F8001106F1050810
:105CA000202500270AE00B460131B045C4F8001159
:105CB000E55484F8045152D016F8015FFF29F2D15F
:105CC000D4E9423284F8FF7020469847D4F828314E
:105CD0000133C4F8283101210023E6E7AA68BDE8B2
:105CE000F047FCF7FDBED0F80031FF2B00F0E68155
:105CF0002022591CC0F80011C25480F804216AE027
:105D0000D0F80031FF2B00F0CA81591C2022C4F8C2
:105D10000011E25484F804216BE0D0F80011FF294F
:105D200000F0AF814A1C2023C4F80021635484F89A
:105D30000431EA6831462046BDE8F047FCF7D0BEA2
:105D400011F004060BD1D0F80011FF2900F0F48106
:105D50004A1C2A23C4F80021635484F80431BDE8A6
:105D6000F08790F80431282B0BD0D0F80011FF29D0
:105D700000F0D4814A1C2023C4F80021635484F825
:105D800004317D4FAA6831462046FCF7A9FE07F191
:105D90000208D4F800113A2500260AE00B4601312A
:105DA0004745C4F80011E55484F80451D7D017F8DA
:105DB000015FFF29F2D1D4E9423284F8FF60204626
:105DC0009847D4F828310133C4F828310121002341
:105DD000E6E7D0F80011FF2900F080814A1C262355
:105DE000C4F80021635484F80431BDE8F087D0F88A
:105DF0000011624E262506F1010800270AE00B4635
:105E00000131B045C4F80011E55484F80451A6D01E
:105E100016F8015FFF29F2D1D4E9423284F8FF700D
:105E200020469847D4F828310133C4F8283101219D
:105E30000023E6E7524ED0F8001106F1070863256B
:105E400000270AE00B4601314645C4F80011E5542D
:105E500084F8045183D016F8015FFF29F2D1D4E908
:105E6000423284F8FF7020469847D4F82831013335
:105E7000C4F8283101210023E6E7424ED0F8001192
:105E800006F10908692500270BE00B460131B045F2
:105E9000C4F80011E55484F804513FF460AF16F8DB
:105EA000015FFF29F1D1D4E9423284F8FF70204626
:105EB0009847D4F828310133C4F828310121002350
:105EC000E5E7314ED0F8001106F110082025002733
:105ED0000BE00B460131B045C4F80011E55484F8DD
:105EE00004513FF43CAF16F8015FFF29F1D1D4E92A
:105EF000423284F8FF7020469847D4F828310133A5
:105F0000C4F8283101210023E5E7DFF88080D0F8CC
:105F1000003108F1080A20274FF000090AE01A466C
:105F20000133D045C4F80031A75484F8047172D00D
:105F300018F8017FFF2BF2D1194684F8FF90D4E9BD
:105F4000423220469847D4F828310133C4F828312A
:105F500000220123E5E7DFF83880D0F8003108F1AE
:105F6000050A20274FF000091FE000BFBC7D020892
:105F7000C87D0208D47D0208207E0208047E020843
:105F8000087E0208147E0208DC7D0208F07D02080B
:105F9000FC7D02081A460133C245C4F80031A754FB
:105FA00084F8047137D018F8017FFF2BF2D119461D
:105FB00084F8FF90D4E9423220469847D4F828313B
:105FC0000133C4F8283100220123E5E7DFF884819A
:105FD000D0F8001108F1090A20274FF000090AE063
:105FE0000A460131C245C4F80011A75484F804716F
:105FF0002FD018F8017FFF29F2D1D4E9423284F87A
:10600000FF9020469847D4F828310133C4F828314E
:1060100001210022E6E7EA68002A3FF4A0AEFF2B48
:106020006BD0591C2825C4F800112046E554314690
:1060300084F80451FCF754FDD4F80011FF2911D065
:106040004A1C2923C4F80021635484F80431BDE8B4
:10605000F0873146AA682046FCF742FDD4F80011CB
:10606000FF29EDD10025D4E9423284F8FF502046C3
:106070009847D4F8283101332946C4F82831012241
:10608000DFE70027D0E9423280F8FF709847D4F864
:10609000283101333946C4F82831012243E600256E
:1060A000194680F8FF50D0E942329847D4F8283199
:1060B0005A1CC4F828212B46012127E60022194644
:1060C00080F8FF20D0E942329847D4F828312022C6
:1060D0000133C4F82831227001217FE60025D4E97C
:1060E000423284F8FF5020469847D4F828310133D3
:1060F0002946C4F82831012271E60027194684F8A0
:10610000FF70D4E9423220469847D4F82831EA6833
:10611000591CC4F828113B46012183E70027D0E928
:10612000423280F8FF709847D4F82831013339465D
:10613000C4F8283101221EE6D0E9423280F8FF601F
:106140009847D4F8283101333146C4F82831012268
:10615000FFE500BF247E02082DE9F04704460E4605
:1061600017461D46002B62D09A68002A5FD15A68F4
:1061700010781938122857D8DFE800F00A0A0A56B2
:10618000565656560A8989890A0A565656560A009C
:1061900094F80431202B00F08180D4F80031FF2BDB
:1061A00000F0A080591C2022FF29C4F80011E254FD
:1061B00084F8042176D04B1C4FF02809C4F8003134
:1061C00004F801904FF0000AD4F8148184F8049187
:1061D0002A46C4F814A153463146204600F0ACF8D4
:1061E000D4F80021FF2A00F08E80511C2923FF29BA
:1061F000C4F80011A35484F8043126D1002384F894
:10620000FF302046D4E9423298472823237084F88F
:106210000431D4F828313A68591C0123C4F82811F4
:10622000C4F80031D2B921E01B68002B9CD10023B7
:10623000D4F81481C4F8143131462A46204600F0BF
:106240007BF8D4F80011FF29D8D028224B1CC4F8C1
:106250000031625484F804213A682AB1314620465C
:10626000FCF73EFCD4F80031FF2B2BD05A1C292020
:10627000C4F800213146E0542A4684F80401012381
:10628000204600F059F8C4F81481BDE8F08794F86E
:10629000043103F0FD02282A7FF47CAFD4F800110A
:1062A000FF2988D14FF00008D4E9423284F8FF80FA
:1062B00020469847D4F828310133C4F828314146A4
:1062C000012379E70027194684F8FF70D4E94232A8
:1062D00020469847D4F828315A1CC4F828213B4658
:1062E0000122C4E70022194684F8FF202046D4E9A1
:1062F00042329847D4F8283120220133C4F828319B
:106300002270012157E7114684F8FFA0D4E94232F8
:106310002046984742F62903238084F80491D4F854
:1063200028313A68591C0223C4F82811C4F80031F6
:10633000002A93D19AE700BF002A00F0BB802DE924
:10634000F04F054689B00F461E4614464FF001082F
:1063500019E0A0F11C03042B12D9E368D5F81091C1
:10636000C4F808802928C5F8103157D02A2860D0F1
:10637000022821D039462846FFF7E8FBC5F81091DE
:106380002468002C47D0D5F81821002A43D1A368EF
:10639000002BF5D162681078002EDED14D28EFD0A9
:1063A000D7D94F380128EBD9E368D5F81091C4F854
:1063B0000880C5F81031DDE70026D5F81481926811
:1063C000C5F8146139462846FCF78AFB17F0040A21
:1063D000C5F814813DD0D5F80011FF295CD04A1CC6
:1063E0002E23C5F800216B5485F804316368DC68FE
:1063F0002378472B5FD04D2BA3F14F02A3F11C0153
:1064000024D021D8042921D9224639462846FCF730
:1064100067FBC5F8109109B0BDE8F08F23680C3216
:1064200039462846FFF798FEC5F8109109B0BDE837
:10643000F08F236808323946284600F0BDF8C5F8C9
:10644000109109B0BDE8F08F012ADDD8A468237847
:10645000D1E7DFF85881D5F8001108F1010B3A2691
:106460000AE00B460131D845C5F80011EE5485F815
:106470000461BBD018F8016FFF29F2D1D5E942328F
:1064800085F8FFA028469847D5F828310133C5F88C
:10649000283101210023E6E7D5E9423285F8FF6083
:1064A00028469847D5F8283101333146C5F82831B8
:1064B000012295E77047DFF8F880D5F8001108F160
:1064C0000C0B7B264FF0000A0AE00B460131D84541
:1064D000C5F80011EE5485F8046111D018F8016F69
:1064E000FF29F2D1D5E9423285F8FFA02846984726
:1064F000D5F828310133C5F8283101210023E6E71A
:10650000E2682949013201A806F07AFB01A800F0EF
:1065100057FF18B301AED5F8001106EB000B4FF092
:10652000000A09E00B460131B345C5F8001105F832
:10653000038085F8048113D0FF2916F8018BF1D16F
:10654000D5E9423285F8FFA028469847D5F828318A
:106550000133C5F8283101210023E5E7D5F8001102
:10656000DFF850807D2608F1020B4FF0000A0BE0A7
:106570000B460131C345C5F80011EE5485F804619E
:106580003FF464AF18F8016FFF29F1D1D5E9423229
:1065900085F8FFA028469847D5F828310133C5F87B
:1065A000283101210023E5E7286A02081C7B020844
:1065B000207B0208307B02082DE9F84F04460E4686
:1065C00091466BB11D461A469368002B58D012684D
:1065D000002AF9D1134631462A462046FFF7ACFE81
:1065E000D4F80031FF2B57D02022591CC4F80011D9
:1065F000E25484F80421FF291AD05B224B1CC4F812
:106600000031625484F80421D9F800202AB13146BF
:106610002046FCF765FAD4F80031FF2B20D0591C36
:106620005D22C4F80011E25484F80421BDE8F88F1B
:10663000002384F8FF302046D4E9423298475B2398
:10664000237084F80431D4F82831D9F80020591C7B
:106650000123C4F82811C4F80031002AD7D1DEE79D
:106660000025194684F8FF50D4E942322046984765
:10667000D4F828315A1CC4F828212B460121CFE731
:10668000526812782A2A22D131462A462046FFF73C
:1066900053FED4F80011AEE70022194684F8FF201B
:1066A0002046D4E94232984745F620325B2384F8ED
:1066B00004312280D4F82831D9F80020591C022353
:1066C000C4F82811C4F80031002AA0D1A7E7DFF8E8
:1066D0009880D4F800119B4608F1010A20270BE0AE
:1066E0000B46C24501F10101C4F80011E75484F8DA
:1066F000047117D018F8017FFF29F1D1D4E9423293
:1067000084F8FFB020469847D4F828310133C4F804
:10671000283100230121C245C4F80011E75484F850
:106720000471E7D131462A4600232046FFF704FED4
:10673000D4F80011FF2907D029224B1CC4F80031DE
:10674000625484F804214DE7002384F8FF3020468A
:10675000D4E942329847D4F8283129220133C4F8C9
:106760002831227001233FE73C7D02082DE9F041EA
:106770001578322D03D0BDE8F041FCF7B1B993682C
:10678000D3E901565EB32E44D0F800110446013E11
:10679000013D00270AE00B46B54201F10101C4F8B2
:1067A000001104F8038084F8048118D0FF2915F83B
:1067B000018FF0D1D4E9423284F8FF702046984727
:1067C000D4F828310133C4F8283100230121B5421F
:1067D000C4F8001104F8038084F80481E6D1BDE810
:1067E000F08100BF2DE9F0411378012B15460E46CC
:1067F000044620D9312B1ED0062B1CD0D0F80071B6
:10680000FF2F1FD07A1C2823C4F800213146E355FE
:106810002A46204684F80431FCF762F9D4F80011C6
:10682000FF291FD04A1C2923C4F80021635484F88F
:106830000431BDE8F0812A4631462046BDE8F041EA
:10684000FCF74EB94FF00008D0E94232394680F8E3
:10685000FF809847D4F8283101334746C4F82831DF
:106860000122D0E70025D4E9423284F8FF502046C7
:106870009847D4F8283101332946C4F82831012239
:10688000D1E700BF2DE9F04F926812681578662DA8
:1068900083B07AD11B68D3E9028A9AF800303C2B86
:1068A0004FF0FF3308BFDAE902A90C46D0F82411F3
:1068B000C0F824315378019118BF4FF000096C2BB8
:1068C000074600F0A08064D84C2B01D0522B55D144
:1068D000D7F80011FF2900F0E5804A1C2823C7F8EB
:1068E000002138467B545246214687F80431754DC5
:1068F000FFF778FF214642463846FFF737FF05F19C
:10690000020BD7F800112E264FF0000A0BE00B46C1
:10691000AB4501F10101C7F80011FE5487F804618D
:1069200017D015F8016FFF29F1D1D7E9423287F866
:10693000FFA038469847D7F828310133C7F82831E7
:1069400000230121AB45C7F80011FE5487F804610C
:10695000E7D1424621463846FFF708FF4A4621461E
:106960003846FFF73FFFD7F80011FF297DD04A1CBA
:106970002923C7F800217B5487F80431019BC7F80D
:106980002431012003B0BDE8F08F002003B0BDE842
:10699000F08F722BF2D1D0F80011FF2974D04A1C6D
:1069A0002823C7F8002138467B545246214687F8F1
:1069B0000431FFF717FF2146434C42463846FFF7A4
:1069C000D5FE04F10308D7F800112E2500260AE0B1
:1069D0000B4601314445C7F80011FD5487F80451B6
:1069E000CCD014F8015FFF29F2D1D7E9423287F801
:1069F000FF6038469847D7F828310133C7F8283167
:106A000001210023E6E7314DD0F8001105F1030B19
:106A100028264FF000090BE00B46AB4501F10101C0
:106A2000C7F80011FE5487F8046117D015F8016FFC
:106A3000FF29F1D1D7E9423287F8FF9038469847CD
:106A4000D7F828310133C7F8283100230121AB459D
:106A5000C7F80011FE5487F80461E7D14246214689
:106A60003846FFF783FE524679E70024D7E94232E1
:106A700087F8FF4038469847D7F828310133214638
:106A8000C7F82831012273E70025D0E9423280F8A7
:106A9000FF509847D7F8283101332946C7F82831E5
:106AA00001227DE70025D7E9423287F8FF503846BA
:106AB0009847D7F8283101332946C7F828310122F1
:106AC0000CE700BF240E0208387E0208307E020860
:106AD0002DE9F04FE5B090F80090B9F15F0F00AFED
:106AE00004468846164600F0F280C4490822204633
:106AF00018F0AAFF48B9237A2E2B00F0D7805F2B1D
:106B000000F0D480242B00F0D1804FF0000A204602
:106B100000F056FC22184FEA400B1123FA60BBF537
:106B2000006F4FF00002C7E90434C7E9072BC7E93B
:106B30000C22C7E90E22F862BC60BA623A6400F225
:106B4000AF806D468100A5EB4013073121F00701AE
:106B50009D46ADEB010DBAF1010FC7F824D0BB6122
:106B600000F0C980AAF10201012900F2CA80E17A8D
:106B7000BAF1020F08BF4FF0440904F10B0A18BF25
:106B80004FF045095F29C7F814A000F0A7805046D0
:106B90007B6000F015FCBBF1000F7B6840F31A81AD
:106BA000002201215A60F961002800F01381C3E935
:106BB00002A01A701A464946002307F10800F9F7A7
:106BC0003FFB7C698146204600F0FAFB23187B617D
:106BD000235C002B40F09280B9F1000F00F08E8012
:106BE00007F1440420464946C4E94433C4E9493323
:106BF000C4E94633C4E94B33C4E94D33C4E94F33E8
:106C00007B60C4F8003184F80431C4F82031C4F842
:106C10004431C4F80881C4F80C61F9F777FBD4F863
:106C20001C21B2F5006FD4F83821BCBF7B68C4F8D2
:106C30001C31D4F84431012A1046E846B8BF01207F
:106C400003FB02F3A8EBC002012B9546EC46194664
:106C5000B8BF0121ACEBC1018D464A460026112187
:106C60002046C4F84431C4F830C1C4F83CD1C4F85B
:106C70004861FBF735FFD4F80011D4F808316654A9
:106C8000C5462046D4F80C219847D4F81801B0FA2C
:106C900080F04009AD4607F5CA77BD46BDE8F08FE4
:106CA000104607F5CA77BD46BDE8F08F637A442BDE
:106CB00002D0492B7FF429AFA27A5F2A7FF425AF57
:106CC000492B0CBF4FF0020A4FF0030A1FE743782D
:106CD0005A2B7FF40AAF4FF0010A18E7217B5A299B
:106CE0007FF455AF0D34114607F108007C61FAF7C7
:106CF00047FB03465EE7B9F15F0F0AD00020AD46BF
:106D0000C9E707F10800FAF767FF7B6981461B783E
:106D10005FE763785A2BF1D10234514607F108003E
:106D20007C61FAF72DFB3B6913F0010F81464FF0B0
:106D300000025FD0D7F814C09CF800302E2B7FF4EF
:106D400048AF14469CF80130A3F16102192A45D9D5
:106D50005F2B43D0303B092B4CD89CF80010634686
:106D60002E2912D15A78303A092A0ED89A78A2F1EF
:106D70003001092903F1020305D813F8012FA2F10C
:106D800030010929F9D92E2AECD0D7E90701884228
:106D90007B61A3EB0C021FDAB96901EB001300F170
:106DA000010E002A5C604FEA0010C7F81CE013DDFA
:106DB0005C600C54C3E902C24A464E2107F1080048
:106DC000F9F73EFAD7F814C09CF800302E2B814614
:106DD000B8D0FEE60023EDE60023EDE70CF1020259
:106DE000134612F8011BA1F161001928F8D95F2997
:106DF000F6D0B5E77B691B78EBE600BFC47A0208E2
:106E00002DE9F0411E4684B0002840D00C461546BE
:106E100009B1002A3BD0002329496A46CDE9003355
:106E2000CDE90233FFF754FE002839D0039B009FC1
:106E3000D3B9DDF80880002F3CD02CB3384600F0E1
:106E4000BFFA2B68984219D2421C3946204600F0FE
:106E50009FF8384602F00FF827460EB10023336042
:106E6000384604B0BDE8F0814FF00108002FE4D1AE
:106E70008EB14FF0FF3333600027F1E7204601F079
:106E8000FAFFC5F80080E8E7002DFAD1E5E716B172
:106E90006FF0020333600027384604B0BDE8F0818C
:106EA000009801F0E8FF002EF5D06FF00103336089
:106EB0000027D5E7002EEED0B8F1010FD9D0F4E7C6
:106EC0005109000860B108B539B1FFF701FE00288B
:106ED00014BF00206FF0010008BD6FF0020008BD74
:106EE0006FF00200704700BF0000000000000000CB
:106EF00001F0FF01102A2BDB10F0070F08D010F86B
:106F0000013B013A8B422DD010F0070F42B3F6D16E
:106F1000F0B441EA012141EA014122F007047FF087
:106F200000070023F0E80256083C85EA010586EADE
:106F3000010685FA47F5A3FA87F586FA47F6A5FA1A
:106F400087F68EB9EED1F0BC01F0FF0102F0070226
:106F500032B110F8013B013A83EA010313B1F8D1D1
:106F60000020704701387047002D06BF35460338B2
:106F7000073815F0010F07D1013015F4807F02BFEB
:106F8000013015F4C03F0130F0BC0138704700BF3C
:106F9000844641EA000313F003036DD1403A41D324
:106FA00051F8043B40F8043B51F8043B40F8043BE3
:106FB00051F8043B40F8043B51F8043B40F8043BD3
:106FC00051F8043B40F8043B51F8043B40F8043BC3
:106FD00051F8043B40F8043B51F8043B40F8043BB3
:106FE00051F8043B40F8043B51F8043B40F8043BA3
:106FF00051F8043B40F8043B51F8043B40F8043B93
:1070000051F8043B40F8043B51F8043B40F8043B82
:1070100051F8043B40F8043B51F8043B40F8043B72
:10702000403ABDD2303211D351F8043B40F8043B12
:1070300051F8043B40F8043B51F8043B40F8043B52
:1070400051F8043B40F8043B103AEDD20C3205D322
:1070500051F8043B40F8043B043AF9D2043208D01A
:10706000D2071CBF11F8013B00F8013B01D30B888C
:1070700003806046704700BF082A13D38B078DD06A
:1070800010F003038AD0C3F10403D21ADB071CBF3C
:1070900011F8013B00F8013B80D331F8023B20F8A6
:1070A000023B7BE7043AD9D3013A11F8013B00F8DF
:1070B000013BF9D20B7803704B7843708B78837067
:1070C0006046704700000000000000000000000063
:1070D00000000000000000000000000000000000B0
:1070E000A2EB0300704700BF02780B78012A28BF8B
:1070F0009A42F5D16DE9044540EA0104CDE9026701
:107100006FF0000C4FEA447212B380EA010414F0ED
:10711000070F6AD100F0070420F0070004F0030510
:1071200021F007014FEAC505F0E8042314F0040F2D
:10713000F1E804670CFA05F462EA040266EA040660
:107140000AD063EA0403624667EA0407664603E07E
:10715000F0E80423F1E8046782FA4CF582EA0604B9
:10716000A4FA8CF46CBB83FA4CF583EA0705A5FA04
:107170008CF595B950E9022351E9026782FA4CF582
:1071800082EA0604A4FA8CF483FA4CF583EA070534
:10719000A5FA8CF52543DBD09CB92DBAB5FA85F458
:1071A00024F0070427FA04F1DDE9026723FA04F367
:1071B00003F0FF0001F0FF01FDE80445A0EB010032
:1071C000704724BAB4FA84F424F0070426FA04F1D0
:1071D000DDE9026722FA04F202F0FF0001F0FF018C
:1071E000FDE80445A0EB0100704714F0030F3CD10B
:1071F00010F0030428D150F8082B51F8083B82FA0C
:107200004CF582EA0305A5FA8CF55DB950F8042C1B
:1072100051F8043C82FA4CF582EA0305A5FA8CF594
:10722000002DE8D02DBAB5FA85F424F0070423FA2E
:1072300004F122FA04F202F0FF0001F0FF01FDE880
:107240000445A0EB010070474FEAC40420F003009E
:1072500050F8082B21F0030151F8083B0CFA04F414
:1072600062EA040263EA0403C9E710F003041AD0D7
:10727000A1EB040120F00300E40750F8042B06D032
:107280000FD28B785FFAA2F4E41A06D12BB1CB7837
:107290005FFAB2F4E41A00D11BB920465DF8104B36
:1072A000704701F1040150F8042BCC0721F00301D1
:1072B00051F8043B48D824D222F07F4482FA4CF59E
:1072C00094EA1325A5FA8CF50AD165B951F8043B67
:1072D00084EA0204B4EB036F0ED150F8042BEBE701
:1072E0004FEA132355E035F07F454DD10878FDE88E
:1072F0000445C0F1000070474FEA126203F0FF033B
:1073000047E002EA1C4482FA4CF594EA1345A5FAD8
:107310008CF50AD165B951F8043B84EA0204B4EB58
:10732000034F0CD150F8042BEBE74FEA134330E046
:1073300015EA1C4528D10B884FEA124229E04FEA92
:10734000124203EA1C4324E002F0FF0482FA4CF5E7
:1073500094EA1365A5FA8CF50AD165B951F8043B96
:1073600084EA0204B4EB032F09D150F8042BEBE7B5
:107370004FEA13630DE015F0FF0F05D10B684FEADC
:10738000122223F07F4304E04FF00000FDE80445A3
:10739000704712BA1BBA82FA4CF482EA0304A4FAC8
:1073A0008CF5B5FA85F402FA04F203FA04F34FEA15
:1073B0001260FDE80445A0EB136070470000000078
:1073C00090F800F06DE9024520F007016FF0000C25
:1073D00010F0070491F820F040F049804FF00004CD
:1073E0006FF00700D1E9002391F840F000F10800A8
:1073F00082FA4CF2A4FA8CF283FA4CF3A2FA8CF3E0
:107400004BBBD1E9022382FA4CF200F10800A4FA46
:107410008CF283FA4CF3A2FA8CF3E3B9D1E904239A
:1074200082FA4CF200F10800A4FA8CF283FA4CF3D1
:10743000A2FA8CF37BB9D1E9062301F1200182FA8B
:107440004CF200F10800A4FA8CF283FA4CF3A2FA91
:107450008CF3002BC6D0002A04BF04301A4612BA9F
:10746000B2FA82F2FDE8024500EBD2007047D1E9A2
:10747000002304F00305C4F100004FEAC50514F031
:10748000040F91F840F00CFA05F562EA05021CBF02
:1074900063EA050362464FF00004A9E770B54FF0B8
:1074A000FF0C4CF4E06C1CEA11541DBF1CEA135590
:1074B00094EA0C0F95EA0C0F00F0DEF82C4481EAF8
:1074C000030621EA4C5123EA4C5350EA013518BF18
:1074D00052EA033541F4801143F4801338D0A0FB05
:1074E00002CE4FF00005E1FB02E506F00042E0FBB2
:1074F00003E54FF00006E1FB03569CF0000F18BFB8
:107500004EF0010EA4F1FF04B6F5007F64F540745F
:1075100004D25FEA4E0E6D4146EB060642EAC621F2
:1075200041EA55514FEAC52040EA5E504FEACE2E5F
:10753000B4F1FD0C88BFBCF5E06F1ED8BEF1004F62
:1075400008BF5FEA500E50F1000041EB045170BDDE
:1075500006F0004646EA010140EA020081EA030122
:10756000B4EB5C04C2BFD4EB0C0541EA045170BD1E
:1075700041F480114FF0000E013C00F3AB8014F198
:10758000360FDEBF002001F0004170BDC4F10004E1
:10759000203C35DA0C341BDC04F11404C4F1200562
:1075A00000FA05F320FA04F001FA05F240EA0200BD
:1075B00001F0004221F0004110EBD37021FA04F6F3
:1075C00042EB06015EEA430E08BF20EAD37070BDAD
:1075D000C4F10C04C4F1200500FA04F320FA05F00C
:1075E00001FA04F240EA020001F0004110EBD3700E
:1075F00041F100015EEA430E08BF20EAD37070BD7E
:10760000C4F1200500FA05F24EEA020E20FA04F356
:1076100001FA05F243EA020321FA04F001F0004105
:1076200021FA04F220EA020000EBD3705EEA430E76
:1076300008BF20EAD37070BD94F0000F0FD101F0A5
:107640000046400041EB010111F4801F08BF013CDE
:10765000F7D041EA060195F0000F18BF704703F01C
:107660000046520043EB030313F4801F08BF013DA3
:10767000F7D043EA0603704794EA0C0F0CEA13555F
:1076800018BF95EA0C0F0CD050EA410618BF52EA19
:107690004306D1D181EA030101F000414FF000001F
:1076A00070BD50EA410606BF1046194652EA43062D
:1076B00019D094EA0C0F02D150EA013613D195EAA1
:1076C0000C0F05D152EA03361CBF104619460AD1E9
:1076D00081EA030101F0004141F0FE4141F47001F3
:1076E0004FF0000070BD41F0FE4141F4780170BDE3
:1076F00081F0004102E000BF83F0004330B54FEA63
:1077000041044FEA430594EA050F08BF90EA020FCF
:107710001FBF54EA000C55EA020C7FEA645C7FEA62
:10772000655C00F0E2804FEA5454D4EB5555B8BF85
:107730006D420CDD2C4480EA020281EA030382EAF6
:10774000000083EA010180EA020281EA0303362D88
:1077500088BF30BD11F0004F4FEA01314FF4801C5B
:107760004CEA113102D0404261EB410113F0004F6D
:107770004FEA03334CEA133302D0524263EB430324
:1077800094EA050F00F0A780A4F10104D5F1200EC2
:107790000DDB02FA0EFC22FA05F2801841F100011D
:1077A00003FA0EF2801843FA05F359410EE0A5F1F1
:1077B00020050EF1200E012A03FA0EFC28BF4CF022
:1077C000020C43FA05F3C01851EBE37101F00045D8
:1077D00007D54FF0000EDCF1000C7EEB00006EEBE5
:1077E0000101B1F5801F1BD3B1F5001F0CD349086F
:1077F0005FEA30004FEA3C0C04F101044FEA4452C6
:1078000012F5800F80F09A80BCF1004F08BF5FEA4C
:10781000500C50F1000041EB045141EA050130BD2C
:107820005FEA4C0C404141EB0101013C28BFB1F53E
:10783000801FE9D291F0000F04BF01460020B1FA89
:1078400081F308BF2033A3F10B03B3F120020CDA5C
:107850000C3208DD02F1140CC2F10C0201FA0CF03A
:1078600021FA02F10CE002F11402D8BFC2F1200C9F
:1078700001FA02F120FA0CFCDCBF41EA0C01904055
:10788000E41AA2BF01EB0451294330BD6FEA04049E
:107890001F3C1CDA0C340EDC04F11404C4F1200289
:1078A00020FA04F001FA02F340EA030021FA04F39B
:1078B00045EA030130BDC4F10C04C4F1200220FAF2
:1078C00002F001FA04F340EA0300294630BD21FA30
:1078D00004F0294630BD94F0000F83F4801306BFF6
:1078E00081F480110134013D4EE77FEA645C18BFEA
:1078F0007FEA655C29D094EA050F08BF90EA020F81
:1079000005D054EA000C04BF1946104630BD91EA78
:10791000030F1EBF0021002030BD5FEA545C05D17B
:107920004000494128BF41F0004130BD14F58004BA
:107930003CBF01F5801130BD01F0004545F0FE412E
:1079400041F470014FF0000030BD7FEA645C1ABF63
:10795000194610467FEA655C1CBF0B46024650EA9A
:10796000013406BF52EA033591EA030F41F40021C6
:1079700030BD00BF90F0000F04BF0021704730B54C
:107980004FF4806404F132044FF000054FF0000121
:1079900050E700BF90F0000F04BF0021704730B5E2
:1079A0004FF4806404F1320410F0004548BF4042B7
:1079B0004FF000013EE700BF42004FEAE2014FEA0C
:1079C00031014FEA02701FBF12F07F4393F07F4FE7
:1079D00081F06051704732F07F4208BF704793F0EA
:1079E0007F4F04BF41F40021704730B54FF46074FD
:1079F00001F0004521F000411CE700BF50EA010200
:107A000008BF704730B54FF000050AE050EA0102A8
:107A100008BF704730B511F0004502D5404261EB18
:107A200041014FF4806404F132045FEA915C3FF459
:107A3000D8AE4FF003025FEADC0C18BF03325FEAF6
:107A4000DC0C18BF033202EBDC02C2F1200300FAA7
:107A500003FC20FA02F001FA03FE40EA0E0021FACC
:107A600002F11444BDE600BF4FF0FF3C06E000BF4A
:107A70004FF0010C02E000BF4FF0010C4DF804CDB7
:107A80004FEA410C7FEA6C5C4FEA430C18BF7FEA77
:107A90006C5C1BD001B050EA410C0CBF52EA430CA5
:107AA00091EA030F02BF90EA020F0020704710F125
:107AB000000F91EA030F58BF994208BF90422CBFB4
:107AC000D8176FEAE37040F0010070474FEA410CAD
:107AD0007FEA6C5C02D150EA013C07D14FEA430CCB
:107AE0007FEA6C5CD6D152EA033CD3D05DF8040B3C
:107AF000704700BF8446104662468C46194663466E
:107B000000E000BF01B5FFF7B7FF002848BF10F144
:107B1000000F01BD4DF808EDFFF7F4FF0CBF012089
:107B200000205DF808FB00BF4DF808EDFFF7EAFF05
:107B300034BF012000205DF808FB00BF4DF808EDC0
:107B4000FFF7E0FF94BF012000205DF808FB00BFB5
:107B50004DF808EDFFF7CEFF94BF012000205DF83F
:107B600008FB00BF4DF808EDFFF7C4FF34BF01204C
:107B700000205DF808FB00BF4FEA4102B2F1E0438C
:107B800024BFB3F5001CDCF1FE5C0DD901F0004C04
:107B90004FEAC0024CEA5070B2F1004F40EB830054
:107BA00008BF20F00100704711F0804F21D113F180
:107BB0003872BCBF01F00040704741F480114FEAB9
:107BC0005252C2F11802C2F1200C10FA0CF320FA42
:107BD00002F018BF40F001004FEAC1234FEAD3235F
:107BE00003FA0CFC40EA0C0023FA02F34FEA4303C9
:107BF000CCE77FEA625307D150EA01331EBF4FF052
:107C0000FE4040F44000704701F0004040F0FE406C
:107C100040F40000704700BF53B94AB9002908BFBB
:107C200000281CBF4FF0FF314FF0FF3001F0C0B80B
:107C3000ADF1080C6DE904CE00F006F8DDF804E0C3
:107C4000DDE9022304B070472DE9F047089D0446A2
:107C50008C46002B40F083808A42174647D9B2FAFF
:107C600082F242B1C2F1200024FA00F09140974024
:107C700040EA010C94404FEA1748230CBCFBF8F68D
:107C80001FFA87FE08FB16C143EA014306FB0EF10B
:107C9000994209D9FB1806F1FF3080F01981994209
:107CA00040F21681023E3B445B1AA4B2B3FBF8F0EB
:107CB00008FB103344EA034400FB0EFEA64509D935
:107CC0003C1900F1FF3380F00581A64540F20281A6
:107CD00002383C4440EA0640A4EB0E0400261DB1E5
:107CE000D4400023C5E900433146BDE8F08702B91E
:107CF000FFDEB2FA82F2002A50D1CB1B4FEA174EB8
:107D00001FFA87F80126B3FBFEFC210C0EFB1C3387
:107D100041EA034108FB0CF38B4207D979180CF1B7
:107D2000FF3002D28B4200F2E9808446C91AA3B226
:107D3000B1FBFEF00EFB101143EA014408FB00F812
:107D4000A04507D93C1900F1FF3302D2A04500F24B
:107D5000D9801846A4EB080440EA0C40BFE78B42E8
:107D600009D9002D00F0B1800026C5E90001304698
:107D70003146BDE8F087B3FA83F6002E4AD18B4234
:107D800002D3824200F2B880841A61EB0301012021
:107D90008C46002DA8D0C5E9004CA5E7C2F1200310
:107DA00020FA03F6974001FA02F04FEA174ED94045
:107DB0003043030CB1FBFEF61FFA87F80EFB1611D9
:107DC00043EA014306FB08F1994204FA02F409D997
:107DD000FB1806F1FF3C80F08D80994240F28A80CA
:107DE000023E3B445B1A81B2B3FBFEF00EFB103344
:107DF00041EA034100FB08F38B4207D9791800F1EF
:107E0000FF3C73D28B4271D902383944CB1A40EA15
:107E1000064678E7C6F1200C03FA06F422FA0CF3C2
:107E20001C4320FA0CF701FA06F34FEA144E21FA2C
:107E30000CF11F433B0CB1FBFEF91FFA84F80EFB5B
:107E4000191143EA014109FB08FA8A4502FA06F2D0
:107E500000FA06F308D9611809F1FF3048D28A45C3
:107E600046D9A9F102092144A1EB0A01BFB2B1FB35
:107E7000FEF00EFB101147EA014700FB08F8B84579
:107E800007D9E71900F1FF312ED2B8452CD90238B5
:107E9000274440EA0940A7EB0807A0FB02894F45A9
:107EA000C64649461AD317D05DB1B3EB0E0267EB55
:107EB000010707FA0CFCF2404CEA0202F740C5E960
:107EC000002700263146BDE8F0872E4628460BE7FE
:107ED0000646E9E61846FDE64345E5D2B8EB020E54
:107EE00069EB04010138DFE70846D2E760468DE719
:107EF0008146B9E7664675E730464AE7ACF1020CC1
:107F0000394413E702383C4424E700BF03685A00B1
:107F10004CBF43F0004323F000431844704700BFB8
:107F20002DE9F84329B34F1E044615463E464FF04F
:107F3000000808EB060101EBD171491004EBC109FF
:107F40004846FFF7E3FF0346C80008308F4220444D
:107F500009D0AB4209D8FFF7D9FF0138A8420AD2AD
:107F600001F10108E5E7AB4205D9884501D04E1E75
:107F7000DFE74FF000094846BDE8F883012807D045
:107F8000022807D0044B00280CBF18460020704779
:107F9000024870470248704741860008458600083D
:107FA0004986000830B5234B83B004468D1E3BB391
:107FB00001A92846AFF30080E8B101992A46FFF7EE
:107FC000AFFF0146B8B1FFF7A1FF4B68A064012BDA
:107FD0002BD0002B01F1040023DBFFF797FF0023D8
:107FE000C4E913030368002B10DBFFF78FFF206148
:107FF000002003B030BD00230920236103B030BD51
:108000000D490E48091AC9100191D7E7C3F303605F
:10801000FFF7B4FF0028206114BF0020092003B03F
:1080200030BD0123C4E91303DCE7002323610520ED
:10803000DFE700BF00000000348D0208A4870208BB
:108040000368DA0710B5044606D49B0700F1480020
:1080500009D500F04BFC2368590709D51A070ED53E
:10806000DB0613D510BD00F039FC23685907F5D4A1
:1080700004F1D00000F042FC23681A07F0D404F5A4
:10808000A87000F043FC2368DB06EBD404F5E8702D
:10809000BDE8104000F07EBC0346006800B1184403
:1080A000704700BF09207047704700BF70B5044695
:1080B0000E46316C2046FFF775FF054688B9336CD4
:1080C0006361324623692146012098470828F0D091
:1080D000072806D12846316CFFF7E6FF301D00F077
:1080E000F1FB16F099FA00BF2DE9F0470D1D064689
:1080F00014460FCDADF5727D0DF10C0CACE80F0000
:108100000FCDACE80F000FCDACE80F0095E80F00E5
:1081100002ADF768D6F818808CE80F0000232B60BA
:1081200021E02B6C73614FF4F07229467AA8FEF7B8
:108130002FFF33697AAA314650469847889BCDE98C
:10814000005821466B648146334632460120B847C9
:108150000446E8B94FF4F0727AA92846FEF718FFF2
:10816000B9F1080F1BD1296C3046FFF71BFF09340A
:108170005FFA84FA81460028D3D0AB6B4AF0100135
:10818000CDE9005832466B6401203346B84708B148
:108190004FF0090948460DF5727DBDE8F087B9F149
:1081A000070FF5D12046296CFFF77EFF03A800F0EA
:1081B00089FB00BF406C7047F0B5CB6B0B640E1DA4
:1081C0000F4605460FCEF9B001AC0FC40FCE0FC459
:1081D0000FCE0FC496E80F004FF0FF3684E80F0073
:1081E000009606E02B696A46294698470828044607
:1081F00008D110992846FFF7D5FE0028F2D00920B3
:1082000079B0F0BD6846FFF71BFF062CF7D1394661
:108210002846FFF74BFF00BF30B4DD6BC1608261C1
:1082200019461D64002230BC5EE700BF70B5C66809
:1082300043690B64AEB903690A4604460D4601461C
:1082400002209847072805D008280FD12946204644
:10825000FFF72CFF3046296CFFF726FF281D00F0A2
:1082600031FB0122FFF740FF16F0D6F916F0D4F9E2
:10827000C2681AB1CA6B0A64002235E79CE700BFE6
:10828000704700BF836801460BB101201847704753
:10829000012912D009D873B90F2A0CD800EB820239
:1082A00018465368009A136070470339012994BF38
:1082B000012002207047022070470846704700BF27
:1082C00010B584B0002303AC0A4600941946FFF7AA
:1082D000DFFF039804B010BD012912D009D873B98B
:1082E0000F2A0CD800EB8200009A126842601846F0
:1082F00070470339012994BF0120022070470220F2
:1083000070470846704700BF10B584B0002303AC27
:10831000039200940A461946FFF7DEFF04B010BD31
:10832000F0B5D36B1364151D8C4606460FCDADF525
:108330000F7D17AC0FC40FCD0FC40FCD0FC495E840
:108340000F004FF0FF3784E80F006546169710E0E6
:10835000FFF7DAFF294616A8B047034616AA694672
:10836000082083B9049B9847052804460CD00928A7
:1083700009D026996846FFF715FE03466A460C2188
:1083800016A8002BE4D0092416A8FFF759FE2046B2
:108390000DF50F7DF0BD00BF2DE9F04FCC6C89B01D
:1083A0000D4654F8041B0694174600F003081E46B9
:1083B000002B79D00B0CDAB209048DF81D300223A2
:1083C00004EB820405918DF81C302B6DB8F1020F7F
:1083D00008BFAC6B13F001030CD0384605A900F0C0
:1083E00073FB18B9082009B0BDE8F08F092009B067
:1083F000BDE8F08FD4F800A0BAF1000FEDD00193E2
:1084000000F008030293022E4AD0B4F800A0B4F89A
:1084100002900434AA6C29F0010B0F2138469344D2
:10842000FFF74EFF834539D82AF001025A448242B1
:1084300094BF002001204FEA490303F002030AF031
:10844000010A43EA0A03012B49D0022B32D0002B48
:10845000CCD1B8F1000F02D0002840F0CD80043418
:10846000D4F800A0BAF1000FCDD105A9384600F02C
:108470002BFB0028BAD1019B002BB3D00F2138462B
:10848000FFF71EFF0E2102463846FFF73DFF384634
:108490006A4A0F21FFF738FF0720A8E70020CAE744
:1084A000D4F804900834B5E7090203230591ADF828
:1084B0001C308AE7236823F0004BB8F1000F45D148
:1084C00028B1029A002A5CD0BBF1000F74D0002BB7
:1084D00000DA04340BF1010B04EB8B04C0E7B8F1B4
:1084E000000F19D1B0B1D4E90023991C4FEAD27220
:1084F0003FF47CAF05F158010133049100F0908006
:10850000201DFFF7C9FD04AB0146284614F044FFC7
:1085100000285BD10834A3E70D213846D5F8209018
:10852000FFF7CEFE8145F5D1AB6A9C42F2D12046E1
:10853000FFF7ECFC0F2102463846FFF7E5FE384610
:108540002A460021FFF7E0FE072050E70D213846BC
:10855000D5F82090FFF7B4FE814501D02368B6E737
:10856000AB6A9C42FAD104220021C5E90B12A31880
:10857000C5F828B06B6323688B4259DB0123019354
:10858000A8E705F15803CDF80C8004F1040AB046C1
:1085900091461E460DE00496FFF77EFD04AB0146B2
:1085A0000022284614F0F8FE09F101090AF1040A34
:1085B000E8B9D9455046EED138460D21FFF780FE87
:1085C000049B2862C5E90934062010E781460D2185
:1085D0003846FFF775FEB9F1020F286225D12B4608
:1085E000049A43F82C2F6B62AC620620FFE64646E5
:1085F0002368DDF80C806AE72046FFF787FC043427
:108600000246AC632846144614F026FF00283FF4C7
:10861000EDAE384622460F21FFF776FE0720E6E64C
:1086200038460D21FFF74CFE2862049B6B62DBE7A6
:108630000BF1010004EB80007AE700BF39E3010889
:108640000023A9E60123A7E60223A5E62DE9F043CE
:108650000646C3B015461C46042900F2B980DFE87F
:1086600001F09A53B7290300002C40F0B180102A82
:1086700000F2AE800368D80600F1F38020AF3846E0
:1086800000F092F9B06B0023012404FA03F22A42AD
:10869000014604D051F8042B47F823200846013343
:1086A000042BF2D1B063384600F074F9002043B0D7
:1086B000BDE8F083032C40F08B8094B204EB1243AE
:1086C000102B4FEA124500F2838003681F0700F168
:1086D000D08020AF384600F03BF907EBC501B56B01
:1086E00054B10B46E81A01EBC401E4001A5843F8F0
:1086F000042B8B42FAD125443846B56300F006F9C5
:10870000002043B0BDE8F083012C4FEA124895B237
:108710005AD0052C5CD108EB0509B9F1200F57D8C8
:10872000B8F10F0F77D9A946002D40F08880B36BC0
:108730006DB320AF4FF0000907EBC807043F03EB10
:10874000C50553F8041B47F8041FAB42F9D1B9F132
:10875000000F0FD06F464146102938BF102107EB9C
:10876000C101843903EBC90553F8040B41F8040F28
:10877000AB42F9D1012C00F08480B8F10F0FB56342
:1087800045D9B9F1000F02D0684600F0B7F80020D3
:1087900043B0BDE8F083DCB9876B2346012094B277
:1087A00006F1040C00FA03F22242394604D051F8D3
:1087B000042B4CF823200F460133102BF2D115F473
:1087C0000050E4D1B76304E008EB0503102B03D994
:1087D000022043B0BDE8F083B8F10F0FF8D833683A
:1087E000DA0706D5304623F0030340F8483B00F093
:1087F00079F820AF384600F075F8B36B002D99D1A9
:108800001D460435B563384600F068F8BFE720A878
:1088100000F06CF8B5E7B9F1100F40D9A9F11009D3
:108820003368D90708D523F00103304643F002032B
:1088300040F8483B00F05EF8B9F1000F32D03368E1
:108840005A0720D4B8F10F0F25D96F463846C8F122
:10885000100500F057F8002DB36B7FF77CAF20AF09
:108860006AE723F01003336006F5E87000F09CF827
:1088700004E723F00803036000F5A87000F068F82F
:1088800027E720AFBDE7304623F0040340F8D03B94
:1088900000F038F8D6E720A800F02CF8D5E74FF024
:1088A0000009BDE7B8F10F0F3FF641AF20AF3846E2
:1088B00000F020F8B36B002D7FF43CAF384600F099
:1088C00015F864E700F1340191E838009C46A646AB
:1088D0004CF8045D90E8FF0FE54600BD90EC210BDD
:1088E000704700BF80EC210B704700BF90EC200B5D
:1088F000704700BF80EC200B704700BFD0EC200B0E
:10890000704700BFC0EC200B704700BFF0EC0201C5
:10891000F0EC0211F0EC0221F0EC0231F0EC02413B
:10892000F0EC0251F0EC0261F0EC0271F0EC02812B
:10893000F0EC0291F0EC02A1F0EC02B1F0EC02C11B
:10894000F0EC02D1F0EC02E1F0EC02F1704700BF74
:10895000E0EC0201E0EC0211E0EC0221E0EC02317B
:10896000E0EC0241E0EC0251E0EC0261E0EC02716B
:10897000E0EC0281E0EC0291E0EC02A1E0EC02B15B
:10898000E0EC02C1E0EC02D1E0EC02E1E0EC02F14B
:10899000704700BFB0FC0181B0FC0191B0FC01A1A7
:1089A000B0FC01B1704700BFA0FC0181A0FC0191A7
:1089B000A0FC01A1A0FC01B1704700BFEC4600B5CE
:1089C0002DE900502DE9FF1F4FF000032DE90C00A9
:1089D00001A9FFF7F1FBDDF840E012B0704700BFDE
:1089E000EC4600B52DE900502DE9FF1F4FF00003C4
:1089F0002DE90C0001A9FFF719FCDDF840E012B0E9
:108A0000704700BFEC4600B52DE900502DE9FF1F6F
:108A10004FF000032DE90C0001A9FFF729FCDDF858
:108A200040E012B0704700BFEC4600B52DE90050A1
:108A30002DE9FF1F4FF000032DE90C0001ABFFF7FC
:108A4000EBFBDDF840E012B0704700BFEC4600B52C
:108A50002DE900502DE9FF1F4FF000032DE90C0018
:108A600001AAFFF75DFCDDF840E012B0704700BFDF
:108A7000027A7AB9437AA3B14268013B10B44372D7
:108A800013680321141D01721A024460026010BCB5
:108A9000180E70470368013A02721A020260180E3B
:108AA0007047B020704700BF00B585B003AA00230F
:108AB000009219460C22FFF7EBFB039805B05DF816
:108AC00004FB00BFF0E700BF2DE9F043054685B089
:108AD0000E464FF000083046FFF7CAFFB0280446A4
:108AE00000F0B280070620D500F0F003802B4DD0B7
:108AF000902B36D0A02B60D0B02B74D0C02B00F0C0
:108B00008B8000F0F803D02B0BD100F0070201326C
:108B100042F40022052301212846FFF797FD002893
:108B2000D9D0092005B0BDE8F0830DF10C09002370
:108B300019468700CDF800900D222846FFF7A8FBC4
:108B4000FFB2039BCDF80090043760064CBFDF1BDB
:108B5000FF18002319460D2228460397FFF7BCFB98
:108B6000B9E700F00D030D2BDBD003AF002300F0BD
:108B70000F02194600972846FFF78AFB002300974B
:108B800019460D222846FFF7A7FBA4E73046FFF75A
:108B90006FFF24022043B0F5004FC2D00401002330
:108BA000A2B219462846FFF751FD0028B9D114F4A6
:108BB000004F18BF4FF001088DE7C24302F00703D2
:108BC0004FF47F621A41010702F47F624FF0000305
:108BD00048BF42F4804219462846FFF737FD002877
:108BE0003FF479AF9DE7B12833D0B22800F08B80F5
:108BF000B32839D000F0FC03B42B92D000F0070268
:108C00000132012342F4002219462846FFF71EFDD7
:108C100000283FF460AF84E7C62842D0C7284CD074
:108C200000F0F803C02B5BD0C82860D0C9287FF4BF
:108C300078AF3046FFF71CFF020300F00F0002F48C
:108C400070220130024365E7B8F1000F18D0002010
:108C500068E73046FFF70CFF024600283FF461AF9B
:108C600010F0F003D0D05CE73046FFF701FF0103BE
:108C700000F00F0001F47021421C01230A43C3E7F6
:108C800003AC43460E22414600942846FFF700FB02
:108C90000094284643460F224146FFF71DFB4046FD
:108CA00040E73046FFF7E4FE010300F00F0001F457
:108CB0007021421C03230A43A6E73046FFF7D8FE83
:108CC000024600283FF42DAF10F0F0037FF429AFE7
:108CD00004212846FFF7BAFC00283FF4FCAE20E749
:108CE00000F00F020132032342F420228CE73046C9
:108CF000FFF7BEFE00F0F00200F00F031032013368
:108D000043EA023206E700230DF10C090D22194651
:108D1000CDF800902846FFF7BBFA3046FFF7A8FED3
:108D200002064FF002070CD5039B00F07F00B8400D
:108D3000034430460393FFF79BFE030607F1070742
:108D4000F2D4039BCDF8009000F07F0403F501728C
:108D5000BC400023144419460D2228460394FFF713
:108D6000BBFAB8E610B5C26C84B0536803248DF822
:108D70000C401B0202F108040846D279019301A9B4
:108D800002948DF80D20FFF79FFE04B010BD00BFC8
:108D900008B5FFF797FE806C08BD00BF08B5FFF768
:108DA00091FEC06CC379023300EB830008BD00BFA5
:108DB000704700BF00B583B00AF052F906F070F8B2
:108DC00005F056FC04F018F904F0FEF805F084FCF8
:108DD00005F0AAFA06F0F6F904F0A0F805F06EFE28
:108DE00005F068FC06F024F90023019307220092A5
:108DF0004FF48072034904480FF034FA0FF066FA1A
:108E0000FEE700BF780C0208518F000808B5054A3C
:108E10000549032009F0B4FC40F6B8300FF0AAFB76
:108E2000F5E700BF840C02089C0C020808B5012875
:108E300004D0102801D114F0A7F908BD09F036FBC1
:108E4000FBE738B505460FF0E1FF04462A4600214E
:108E500016F060FA204638BD38B505460FF0D6FF4B
:108E600004462A46002116F055FA204638BD08B5BA
:108E700010F048F808BD08B510F044F808BD08B572
:108E8000FFF7DFFF08BD08B50FF074FB08BD000059
:108E9000014B1868704700BFC08A0220014B186858
:108EA000704700BF140A002042F2107070470000A3
:108EB00008B503680B4A934206D00B4A934206D08A
:108EC0000A4A934208D008BD0AF0E0F8FBE7084AD6
:108ED000136801331360F6E7064A13680133136021
:108EE000F1E700BF0004014000080040000C004012
:108EF000180A0020140A002000B58BB02822002197
:108F0000684616F007FA68460AF074FF039BAA2B1E
:108F100009D0CC2B0DD00A4A0021032009F030FCE7
:108F20000BB05DF804FB074A0749032009F028FC51
:108F3000F6E7064A0021032009F022FCF0E700BF13
:108F4000E40C0208A00C0208C00C0208C40C0208C1
:108F500008B5002009F00CFCFFF7CEFF002009F057
:108F60008DF9002007F068FE002009F0C7F8002006
:108F700000F0BCF8034B01221A60002009F058FBF6
:108F8000FFF744FF100A0020DFF834D0002103E08F
:108F90000C4B5B58435004310B480C4B42189A421F
:108FA000F6D30B4A02E0002342F8043B094B9A42F5
:108FB000F9D309F085FE15F0A9FDFFF7FBFE704718
:108FC00000000420508D020800000020F409002059
:108FD000F4090020588B0220FEE7000070B582B033
:108FE000044640F6B8300FF0C5FA344A344903203D
:108FF00009F0C6FB12F098F850B900F0E3FA2CB172
:1090000000230222194620460FF00AFD00253BE00E
:109010002C4A2B49012009F0B3FB49222A490020A0
:1090200009F01CFCE9E702F045FF284B1A68284BC1
:109030001A602FE0254C2068264E3368C01A00B213
:1090400012F0A2F92368336023683233224A136096
:1090500026E0224A1A49032009F092FB0AF0D4FBC9
:1090600029E01F4B53F82420009253F825301D4A65
:109070001349032009F084FB144B1A681A4B1A6039
:1090800025460020FFF7FFFE114B1A680F4B1B68A7
:109090009A42C8D3104B1A680C4B1B689A42C9D32A
:1090A000114B1A68094B1B689A42EAD200F05EF82D
:1090B00004460428CDD0A542DED0D2E70C0E02082B
:1090C000280E0208340E0208580E0208C08A022038
:1090D000240A00202C0000201C0A0020780E020820
:1090E00010000020A00E0208200A002000B585B064
:1090F0000FF09AFB03460A4A02920A4A019203229F
:1091000000924FF40062084908480FF06BF84FF0E6
:10911000FF3101200FF0FCFB05B05DF804FB00BF40
:10912000280A0020800A0020BC0E0208DD8F0008FB
:1091300010B582B0044612F02BF9009007230122EB
:109140000321204612F076FA002002B010BD10B5BF
:1091500082B0044612F01CF9009006230122114649
:10916000204612F067FA002002B010BD10B582B0A0
:10917000724B1B78724A1370052B00F2B280DFE845
:1091800013F0060049005A00A800BD00C5000023E6
:109190006C4A13706C4A13606C4A13606C4A13601B
:1091A0006C4A136012F0DEF810B9664B01221A7097
:1091B000644B1B785BB1634B1B78BBB1614B1B7875
:1091C000002B00F08E805D4B06221A7089E0624B06
:1091D0001C6802F039FF0146604A204610F0E2FAAE
:1091E0000028E8D0574B06221A70E4E711F054F833
:1091F000012807D0002012F0E7F828B1514B0322D4
:109200001A70DBE75648F6E712F0B6F84B4B01222E
:109210001A70D3E711F090FF012808D0022860D11E
:10922000464B06221A70474B03221A7059E0434BF3
:1092300002221A7055E0454B1B68002B2ED1424B81
:109240001B68002B30D1424B1B68002B32D1414BA5
:109250001B68002B34D1434B1B689847424B1B685B
:10926000984702F0F9FE414B1B78DBB2022B2DD060
:109270003E4B1B78DBB2022B33D111F02FFB3C4B62
:109280001B8898422DD011F029FB0346384A1080E4
:10929000384A3949042009F073FA22E02B4B0022A6
:1092A0001A6011F089FFCAE7274B00221A6011F0FB
:1092B000C7FFC8E7264B00221A6011F031FFC6E74E
:1092C000244B00221A6011F017FFC4E703F0D8F90D
:1092D000CEE712F037F81B4B05221A70174B062207
:1092E0001A70264B1B6833BB154B1B78134A127838
:1092F000934214D1134B187802B010BD12F022F82B
:1093000000230E4A13700F4A1370EAE712F01AF89E
:109310000C4B04221A70094B06221A70E1E7184917
:1093200051F82220009251F82330164A12490420A5
:1093300009F026FADEE70620DEE700BF802A0020DB
:10934000982A0020992A0020882A00208C2A0020B0
:10935000902A0020842A00209C2A00200440020831
:10936000C0D40100DC8A0220C48A0220812A0020A5
:10937000B4820220800F0208940F0208942A002071
:10938000300000209C0F0208014B01221A60704738
:10939000942A002010B582B0044612F092F980B9E8
:1093A00000220DF1070104F10C0012F0EAF99DF81A
:1093B0000730054A0549042009F0E2F9002002B00F
:1093C00010BDFFF7E1FFF9E7BC0F0208940F020898
:1093D00010B582B0044612F074F980B900220DF184
:1093E000070104F10C0012F0CCF99DF80730054A92
:1093F0000549042009F0C4F9002002B010BDFFF7B0
:10940000C3FFF9E7D40F0208940F0208014B0422AE
:109410001A707047802A0020014B05221A7070478D
:10942000802A002008B510F0ABFA08BD08B510F08E
:1094300017FF08BD08B510F0BFFA08BD08B510F059
:109440008BFA08BD0138012800D9704708B5FFF72D
:109450009BFF08BD08B54379F83B072B11D8DFE81F
:1094600003F00407101010100A0D11F0F3FB08BDF3
:1094700011F018FAFBE710F02FFBF8E711F0B4F841
:10948000F5E7037A03F0BF0363F07F030372012360
:109490000370002343700323037311F0BFFEE6E75C
:1094A00008B5044A0449042009F06AF9FFF7AEFF41
:1094B00008BD00BFEC0F0208940F020808B5034A6C
:1094C0000349042009F05CF908BD00BF041002083C
:1094D000940F020810F0010F02D00B4B01221A600A
:1094E00010F0020F02D0094B01221A6010F0040F95
:1094F00002D0074B01221A6010F0080F02D0054B72
:1095000001221A60704700BF8C2A0020882A0020A0
:10951000902A0020842A002010B50D4C207022785B
:109520000C4B53F822300C4A0C49042009F028F95E
:109530002378DBB2042B02D0072B04D010BD084BDC
:109540001B689847FAE70021064811F0B8FCF5E7D8
:10955000812A00204011020820100208940F0208FE
:10956000DC8A02206011020838B504460D46012944
:109570000AD88CB12379042B0CD1A368D3F87824B2
:10958000084B43F8252038BDFB220749002009F08D
:1095900065F9EEE70023F1E7024B044A43F8252082
:1095A000F1E700BF7400002078110208042B0020AE
:1095B00008B507F089FB024B1860006908BD00BFC1
:1095C000402E00202DE9F04FADF5D15D81B007F0C0
:1095D0007BFBDD4B1860002802F04A840022DB4947
:1095E000042007F04BFB4FF4D1520021684615F0E0
:1095F00091FE0122ADF80020D54B019307258DF88F
:10960000085010218DF8091009238DF80A30D14E29
:1096100004964FF0020EADF820E0CF4809900624E2
:109620008DF828408DF829208DF82A30CB4F0C97E3
:109630000320ADF84000CA4811908DF848408DF8DD
:1096400049208DF84A3014974FF00408ADF8608037
:10965000C44819908DF868508DF869108DF86A30FB
:109660001C960520ADF88000BF4921918DF88850E7
:109670008DF889E08DF88A302496ADF8A040BB497A
:1096800029918DF8A8808DF8A9208DF8AA30DFF8EF
:109690001893CDF8B090ADF8C050B54931918DF820
:1096A000C8808DF8C9208DF8CA30CDF8D090082137
:1096B000ADF8E010AF4939918DF8E8808DF8E920D8
:1096C0008DF8EA30CDF8F0904FF00A01ADF80011B6
:1096D000A94941918DF808E18DF809218DF80A31E9
:1096E000A6494391A64944916521ADF82011A549A9
:1096F00049918DF828514FF00E0A8DF829A18DF867
:109700002A314C966621ADF840119F4951918DF850
:1097100048518DF849A18DF84A3154966721ADF82A
:1097200060119A4959918DF868510B218DF8691192
:109730008DF86A315C966821ADF880119449619189
:109740008DF888518DF889418DF88A3164966921A8
:10975000ADF8A0118F4969918DF8A8518DF8A9E154
:109760008DF8AA316C966A21ADF8C0118A497191C1
:109770008DF8C8818DF8C9218DF8CA31CDF8D09106
:109780006B21ADF8E011854979918DF8E8818DF86C
:10979000E9218DF8EA31CDF8F0916C21ADF8001295
:1097A0007F4981918DF808028DF809228DF80A32DF
:1097B000DFF8F8C1CDF80CC27A4984914FF06D0BF7
:1097C000ADF820B2DFF8E8B1CDF824B28DF8280268
:1097D0008DF829228DF82A320CEB0E0BCDF82CB225
:1097E0008C914FF06E0BADF840B2DFF8C8B1CDF8F8
:1097F00044B28DF848028DF849228DF84A320CEBBC
:10980000080BCDF84CB294914FF06F0BADF860B2ED
:10981000DFF8A4B1CDF864B28DF868E28DF8692262
:109820008DF86A320CF1080BCDF86CB29C914FF0B8
:10983000700BADF880B2DFF884B1CDF884B28DF84A
:1098400088828DF889228DF88A320CF10A08CDF8C9
:109850008C82CDF890924FF07108ADF8A082DFF8BD
:109860006081CDF8A4824FF00A088DF8A8828DF8A7
:10987000A9228DF8AA320CF10C0CCDF8ACC2AC9137
:109880004FF0720CADF8C0C2DFF838C1CDF8C4C2D9
:109890008DF8C8428DF8C9228DF8CA32B4974FF0BE
:1098A000730CADF8E0C2DFF820C1CDF8E4C28DF84A
:1098B000E8428DF8E9228DF8EA32BC974FF0740C3B
:1098C000ADF800C3DFF804C1CDF804C38DF8092357
:1098D0008DF80A33DFF8F8C0CDF810C34FF0750CDF
:1098E000ADF820C3DFF8ECC0CDF824C38DF8280311
:1098F0008DF829238DF82A33CC914FF0760CADF8F2
:1099000040C3DFF8D4C0CDF844C38DF848038DF8C8
:1099100049238DF84A33D4914FF0780CADF860C3E9
:10992000DFF8B8C0CDF864C38DF868038DF86923FB
:109930008DF86A33DC914FF0790CADF880C3DFF815
:10994000A0C0CDF884C34DE0402E002069950008EA
:109950009C1102084C000020AC1102086800002095
:10996000BC110208CC110208DC110208EC1102083B
:10997000001202081812020828120208A02A002069
:109980005400002038120208481202085C12020833
:109990006C1202087C1202088C1202089C12020847
:1099A000B0120208600000205C000020A42A002001
:1099B000B8120208C0120208C8120208D81202081F
:1099C000E8120208F8120208081302081813020825
:1099D0005000002024130208341302084413020824
:1099E000541302088DF888038DF889238DF88A3383
:1099F000E4914FF07A0CADF8A0C3DFF8E0C4CDF8E5
:109A0000A4C38DF8A8038DF8A9238DF8AA33EC918F
:109A10004FF07B0CADF8C0C3DFF8C4C4CDF8C4C3AD
:109A20008DF8C8038DF8C9238DF8CA33F4914FF02F
:109A30007D0CADF8E0C3DFF8ACC4CDF8E4C38DF81D
:109A4000E8038DF8E9238DF8EA33DFF89CC4CDF8FC
:109A5000ECC3FC914FF07E08ADF80084DFF88C84F5
:109A6000CDF804848DF808048DF809248DF80A34A3
:109A70000CEB0E08CDF80C84CDF810144FF07F09D4
:109A8000ADF82094DFF86894CDF824948DF828047C
:109A90008DF829248DF82A340CF10400CDF82C041B
:109AA000CDF830148020ADF84004EF48CDF84404E0
:109AB0008DF848E48DF849248DF84A340CEB040005
:109AC000CDF84C04CDF850148120ADF86004E7487F
:109AD000CDF864048DF868E48DF869248DF86A3453
:109AE0000CF10800CDF86C04CDF870148221ADF8AB
:109AF0008014DF49CDF884148DF888448DF88924CA
:109B00008DF88A340CF10C01CDF88C14CDF89074DA
:109B10008321ADF8A014D749CDF8A4148DF8A8443A
:109B20008DF8A9248DF8AA34CDF8AC84CDF8B074A2
:109B30008421ADF8C014D049CDF8C4148DF8C844C0
:109B40008DF8C9248DF8CA340CF11001CDF8CC146D
:109B5000CDF8D0748521ADF8E014C849CDF8E414EF
:109B60008DF8E8448DF8E9248DF8EA340CF11801F9
:109B7000CDF8EC14CDF8F0748621ADF80015C0498D
:109B8000CDF804158DF808458DF809258DF80A35AE
:109B90000CF11C02CDF80C25CDF81075C922ADF8DA
:109BA0002025B84ACDF824258DF828558DF829A50B
:109BB0008DF82A35CDF83065CA23ADF84035B24B63
:109BC000CDF844358DF848558DF849A509238DF811
:109BD0004A353246CDF85065CB20ADF86005AB482C
:109BE000CDF864058DF868554FF00B0C8DF869C5FC
:109BF0008DF86A35CDF87065CC20ADF88005A448A5
:109C0000CDF884058DF8885526468DF889458DF860
:109C10008A35CDF89025CD20ADF8A0059D48CDF82A
:109C2000A4058DF8A85577468DF8A9E58DF8AA35D5
:109C3000CDF8B025CE22ADF8C025974ACDF8C42581
:109C40004FF0040E8DF8C8E501228DF8C9258DF876
:109C5000CA35924DCDF8D055CF21ADF8E0159049D9
:109C6000CDF8E4158DF8E8E58DF8E9258DF8EA35AD
:109C7000CDF8F055D021ADF800168A49CDF804167C
:109C800005208DF808068DF809268DF80A36864CD1
:109C900004EB0A01CDF80C168449CDF810164FF0EC
:109CA000D108ADF82086DFF84C82CDF824868DF8F7
:109CB00028068DF829268DF82A3604F11008CDF8EB
:109CC0002C86CDF830164FF0D208ADF84086DFF87C
:109CD0002882CDF844868DF848068DF849268DF8FF
:109CE0004A3604F11208CDF84C86CDF850164FF0E4
:109CF000D308ADF86086DFF80482CDF864868DF86D
:109D000068768DF869268DF86A3604F11608CDF864
:109D10006C86CDF870164FF0D408ADF88086DFF869
:109D2000E081CDF884868DF888E68DF889268DF857
:109D30008A3604F1180ECDF88CE6CDF89056D5256C
:109D4000ADF8A0565A4DCDF8A4560A258DF8A85660
:109D50008DF8A9268DF8AA361A34CDF8AC46CDF880
:109D6000B016D624ADF8C046524CCDF8C4468DF896
:109D7000C8668DF8C9268DF8CA364F4DCDF8D05635
:109D8000D724ADF8E0464D4CCDF8E4468DF8E866B2
:109D90008DF8E9268DF8EA36CDF8F056D824ADF8DE
:109DA0000047474CCDF804478DF809278DF80A374E
:109DB000DFF850E1CDF810E7D924ADF82047414C49
:109DC000CDF824478DF828078DF829278DF82A37F4
:109DD000CDF83017DA24ADF840473B4CCDF8444776
:109DE0008DF848078DF849278DF84A37CDF8501778
:109DF000DC24ADF86047354CCDF864478DF8680732
:109E00008DF869278DF86A37CDF87017DD24ADF825
:109E100080472F4CCDF884478DF888078DF8892727
:109E20008DF88A37CDF89017DE24ADF8A047294C7D
:109E3000CDF8A4478DF8A8078DF8A9278DF8AA3783
:109E4000CDF8B017DF24ADF8C047234CCDF8C44798
:109E50008DF8C8078DF8C9278DF8CA37CDF8D01707
:109E6000E124ADF8E0474FE0AC130208B813020854
:109E7000C4130208D4130208E4130208F4130208FE
:109E800004140208141402082414020838140208E6
:109E90004814020858140208681402085C000020E4
:109EA000781402088C140208A42A00206000002004
:109EB000C4140208D414020868000020E414020844
:109EC000F4140208001502081015020820150208F3
:109ED00030150208401502085415020864130208E0
:109EE0007813020888130208C42A00209413020879
:109EF000A0130208941402089C140208A414020877
:109F0000B414020850000020EF4CCDF8E4478DF85F
:109F1000E8078DF8E9278DF8EA37EC4C04F12008C2
:109F2000CDF8EC87CDF8F0174FF0E208ADF80088D7
:109F3000DFF80484CDF804888DF808088DF8092826
:109F40008DF80A3804F12208CDF80C88CDF81018E5
:109F50004FF0E309ADF82098DFF8E093CDF82498AE
:109F60008DF828088DF829288DF82A3804F124095D
:109F7000CDF82C98CDF830184FF0E409ADF84098A2
:109F8000DFF8BC93CDF844988DF848788DF84928CF
:109F90008DF84A3804F12609CDF84C98CDF85018C0
:109FA0004FF0E509ADF86098DFF89893CDF8649824
:109FB0008DF868788DF869288DF86A3804F12809D9
:109FC000CDF86C98CDF870184FF0E609ADF8809890
:109FD000DFF87493CDF884988DF888688DF8892817
:109FE0008DF88A3804F12C09CDF88C98CDF890586A
:109FF0004FF0E709ADF8A098DFF85093CDF8A4989A
:10A000008DF8A8688DF8A9288DF8AA38CDF8AC8805
:10A01000CDF8B0584FF0E808ADF8C088DFF83083CD
:10A02000CDF8C4888DF8C8688DF8C9288DF8CA386D
:10A0300004F13008CDF8CC88CDF8D0584FF0E908BD
:10A04000ADF8E088DFF80C83CDF8E4888DF8E86897
:10A050008DF8E9288DF8EA3804F13808CDF8EC8855
:10A06000CDF8F0584FF0EA08ADF80089DFF8E88243
:10A07000CDF804898DF808698DF809298DF80A3919
:10A080003C34CDF80C49CDF810594FF49674ADF826
:10A0900020498F4CCDF824498DF828098DF82929BD
:10A0A00013248DF82A49CDF830198A4ECDF83C6931
:10A0B00040F22D18ADF84089DFF8A082CDF8448930
:10A0C0008DF848798DF849298DF84A49CDF850190D
:10A0D000CDF85C694FF49E78ADF86089DFF8808236
:10A0E000CDF864898DF868098DF869298DF86A4979
:10A0F000CDF87019CDF87C6940F23D10ADF88009BB
:10A100007548CDF884098DF888798DF889298DF8FE
:10A110008A49CDF89019CDF89C694FF4C871ADF813
:10A12000A0196E49CDF8A4198DF8A8C98DF8A929F0
:10A130008DF8AA39CDF8B05940F29111ADF8C01997
:10A140006749CDF8C4198DF8C8C98DF8C9298DF8AB
:10A15000CA39CDF8D0594FF4C971ADF8E019614949
:10A16000CDF8E4198DF8E9298DF8EA49CDF8F0E940
:10A170005D49CDF8FC1940F29310ADF8000A5B4838
:10A18000CDF8040A8DF8092A8DF80A4ACDF810EAAC
:10A19000CDF81C1A4FF4FA72ADF8202A544ACDF8C3
:10A1A000242A08228DF8282A03218DF8291A8DF8EF
:10A1B0002A3A5048CDF8340A40F2F510ADF8400A7A
:10A1C0004D48CDF8440A8DF8482A8DF8491A8DF883
:10A1D0004A3A4A48CDF8540A4FF4FB70ADF8600A89
:10A1E0004748CDF8640A8DF8682A8DF8691A8DF809
:10A1F0006A3A444BCDF8743A40F2F713ADF8803A1E
:10A20000414BCDF8843A8DF8882A0A468DF8891A90
:10A2100009238DF88A3A3D49CDF8941A4FF4FC7120
:10A22000ADF8A01A3A49CDF8A41A08218DF8A81A59
:10A230008DF8A92A8DF8AA3A3648CDF8B40A40F22A
:10A24000F910ADF8C00A3448CDF8C40A8DF8C81A20
:10A250008DF8C92A8DF8CA3A3048CDF8D40A4FF49F
:10A26000FD70ADF8E00A2E48CDF8E40A8DF8E81A42
:10A270008DF8E92A8DF8EA3A2A48CDF8F40A40F236
:10A28000FB10ADF8000B2848CDF8040B8DF8081B27
:10A290008DF8092B8DF80A3B2448CDF8140B4FF4A8
:10A2A000FE70ADF8200B2248CDF8240B8DF8281B4A
:10A2B0008DF8292B8DF82A3B1E48CDF8340B40F23F
:10A2C000FD10ADF8400B4DE064150208C42A0020D3
:10A2D000A015020859BF0008D0150208E0150208B1
:10A2E000F01502080016020825C000081016020822
:10A2F000201602088440020830160208C0400208F6
:10A3000040160208FC4002085016020838410208B4
:10A31000601602087441020870160208B041020873
:10A3200080160208EC410208901602082842020832
:10A33000A016020864420208701502087C15020883
:10A340008815020894150208C4130208D4130208E1
:10A35000E4130208F413020804140208B0150208FA
:10A36000C0150208E148CDF8440B8DF8481B8DF864
:10A37000492B8DF84A3BDE48CDF8540B4FF4FF7063
:10A38000ADF8600BDB48CDF8640B8DF8681B8DF8D9
:10A39000692B8DF86A3BD848CDF8740B40F2FF105A
:10A3A000ADF8800BD548CDF8840B8DF8881B8DF85F
:10A3B000892B8DF88A3BD248CDF8940B4FF400706E
:10A3C000ADF8A00BCF48CDF8A40B8DF8A81B8DF8E5
:10A3D000A92B8DF8AA3BCC48CDF8B40B40F2012054
:10A3E000ADF8C00BC948CDF8C40B8DF8C81B8DF86B
:10A3F000C92B8DF8CA3BC648CDF8D40B40F20220D9
:10A40000ADF8E00BC348CDF8E40B8DF8E81B8DF8F0
:10A41000E92B8DF8EA3BC048CDF8F40B40F203205D
:10A42000ADF8000CBD48CDF8040C8DF8081C8DF873
:10A43000092C8DF80A3CBA48CDF8140C4FF4017081
:10A44000ADF8200CB748CDF8240C8DF8281C8DF8F9
:10A45000292C8DF82A3CB448CDF8340C40F2052064
:10A46000ADF8400CB148CDF8440C8DF8481C8DF87F
:10A47000492C8DF84A3CAE48CDF8540C40F20620E9
:10A48000ADF8600CAB48CDF8640C8DF8681C8DF805
:10A49000692C8DF86A3CA848CDF8740C40F207206E
:10A4A000ADF8800CA548CDF8840C8DF8881C8DF88B
:10A4B000892C8DF88A3CA248CDF8940C4FF4027098
:10A4C000ADF8A00C9F48CDF8A40C8DF8A81C8DF811
:10A4D000A92C8DF8AA3C9C48CDF8B40C40F2092078
:10A4E000ADF8C00C9948CDF8C40C8DF8C81C8DF897
:10A4F000C92C8DF8CA3C9648CDF8D40C40F20A20FD
:10A50000ADF8E00C9348CDF8E40C8DF8E81C8DF81C
:10A51000E92C8DF8EA3C9048CDF8F40C40F20B2081
:10A52000ADF8000D8D48CDF8040D8DF8081D8DF89F
:10A53000092D8DF80A3D8A48CDF8140D4FF40370AB
:10A54000ADF8200D8748CDF8240D8DF8281D8DF825
:10A55000292D8DF82A3D8448CDF8340D40F20D2088
:10A56000ADF8400D8148CDF8440D8DF8481D8DF8AB
:10A57000492D8DF84A3D7E48CDF8540D40F20E200D
:10A58000ADF8600D7B48CDF8640D8DF8681D8DF831
:10A59000692D8DF86A3D7848CDF8740D40F20F2092
:10A5A000ADF8800D7548CDF8840D8DF8881D8DF8B7
:10A5B000892D8DF88A3D7248CDF8940D4FF40470C2
:10A5C000ADF8A00D6F48CDF8A40D8DF8A81D8DF83D
:10A5D000A92D8DF8AA3D6C48CDF8B40D40F211209C
:10A5E000ADF8C00D6948CDF8C40D8DF8C81D8DF8C3
:10A5F000C92D8DF8CA3D6648CDF8D40D40F2122021
:10A60000ADF8E00D6348CDF8E40D8DF8E81D8DF848
:10A61000E92D8DF8EA3D6048CDF8F40D40F21320A5
:10A62000ADF8000E5D48CDF8040E8DF8081E8DF8CB
:10A63000092E8DF80A3E5A48CDF8140E4FF40570D5
:10A64000ADF8200E5748CDF8240E8DF8281E8DF851
:10A65000292E8DF82A3E5448CDF8340E40F21520AC
:10A66000ADF8400E5148CDF8440E8DF8481E8DF8D7
:10A67000492E8DF84A3E4E48CDF8540E40F2162031
:10A68000ADF8600E4B48CDF8640E8DF8681E8DF85D
:10A69000692E8DF86A3E4848CDF8740E40F21720B6
:10A6A000ADF8800E4548CDF8840E8DF8881E8DF8E3
:10A6B000892E8DF88A3E4248CDF8940E4FF40670EC
:10A6C000ADF8A00E3F48CDF8A40E8DF8A81E8DF869
:10A6D000A92E8DF8AA3E3C48CDF8B40E40F21920C0
:10A6E000ADF8C00E3948CDF8C40E71E0B0160208BE
:10A6F000BC440208C4160208F8440208D81602082E
:10A7000034450208EC1602087045020800170208DA
:10A71000AC45020814170208E84502082817020889
:10A72000244602083C170208604602085017020837
:10A730009C46020864170208D846020878170208E7
:10A74000144702088C17020850470208A017020895
:10A750008C470208B4170208C8470208C817020845
:10A7600004480208DC17020840480208F0170208F3
:10A770007C48020804180208B848020818180208A1
:10A78000F44802082C180208304902084018020850
:10A790006C49020854180208A849020868180208FF
:10A7A000E44902087C180208204A020890180208AE
:10A7B0005C4A0208A4180208984A0208B81802085D
:10A7C000D44A0208CC180208104B0208E01802080C
:10A7D0008DF8C81E8DF8C92E8DF8CA3EC748CDF831
:10A7E000D40E40F21A20ADF8E00EC548CDF8E40EC4
:10A7F0008DF8E81E8DF8E92E8DF8EA3EC148CDF8B7
:10A80000F40E40F21B20ADF8000FBF48CDF8040F46
:10A810008DF8081F8DF8092F8DF80A3FBB48CDF839
:10A82000140F4FF40770ADF8200FB948CDF8240F7E
:10A830008DF8281F8DF8292F8DF82A3FB548CDF8BF
:10A84000340F40F21D20ADF8400FB348CDF8440F4F
:10A850008DF8481F8DF8492F8DF84A3FAF48CDF845
:10A86000540F40F21E20ADF8600FAD48CDF8640FD4
:10A870008DF8681F8DF8692F8DF86A3FA948CDF8CB
:10A88000740F40F21F20ADF8800FA748CDF8840F59
:10A890008DF8881F8DF8892F8DF88A3FA348CDF851
:10A8A000940F4FF40870ADF8A00FA148CDF8A40F95
:10A8B0008DF8A81F8DF8A92F8DF8AA3F9D48CDF8D7
:10A8C000B40F40F22120ADF8C00F9B48CDF8C40F63
:10A8D0008DF8C81F8DF8C92F8DF8CA3F9748CDF85D
:10A8E000D40F40F22220ADF8E00F9548CDF8E40FE8
:10A8F0008DF8E81F8DF8E92F8DF8EA3F9148CDF8E3
:10A90000F40F0DF5805040F22324048041F204003E
:10A9100068448D4C046041F208006844017041F2C3
:10A92000090169440A7041F20A026A44137041F253
:10A9300014036B44854A1A600DF581534FF4097274
:10A940001A8041F224036B44814A1A60082241F2C2
:10A9500028036B441A70032341F2290169440B70E8
:10A96000092141F22A006844017041F23400684430
:10A97000784C04600DF5825040F22524048041F2A9
:10A9800044006844744C046041F24800684402701A
:10A9900041F249006844037041F24A006844017082
:10A9A00041F2540068446D4C04600DF5835040F250
:10A9B0002624048041F264006844694C046041F23A
:10A9C00068006844027041F269006844037041F213
:10A9D0006A006844017041F274006844614C04608C
:10A9E0000DF5845040F22724048041F2840068442D
:10A9F0005D4C046041F288006844027041F28900B5
:10AA00006844037041F28A006844017041F2940086
:10AA10006844564C04600DF585504FF40A74048068
:10AA200041F2A4006844524C046041F2A80068441A
:10AA3000027041F2A9006844037041F2AA00684420
:10AA4000017041F2B40068444A4C04600DF5865030
:10AA500040F22924048041F2C4006844464C04605A
:10AA600041F2C8006844027041F2C90068440370B2
:10AA700041F2CA006844017041F2D40068443F4C7E
:10AA800004600DF5875040F22A24048041F2E4006E
:10AA900068443B4C046041F2E8006844027041F2B3
:10AAA000E9006844037041F2EA006844017041F231
:10AAB000F4006844334C04600DF5885040F22B24B8
:10AAC000048041F2041068442F4C046041F20810E5
:10AAD0006844027041F209106844037041F20A10A0
:10AAE0006844017041F214106844284C04600DF56C
:10AAF00089504FF40B7404804AE000BF4C4B0208AD
:10AB0000F4180208884B020808190208C44B02080E
:10AB10001C190208004C0208301902083C4C0208BB
:10AB200044190208784C020858190208B44C02086B
:10AB30006C190208F04C0208801902082C4D02081A
:10AB400094190208684D0208A8190208A44D0208C9
:10AB5000BC190208E04D0208D01902081C4E020878
:10AB6000E4190208584E0208F8190208944E020827
:10AB70000C1A0208D04E0208201A02080C4F0208D4
:10AB8000341A0208484F0208481A0208844F020883
:10AB900041F224106844B94C046041F22810684422
:10ABA000027041F229106844037041F22A1068448F
:10ABB000017041F234106844B14C04600DF58A50C4
:10ABC00040F22D24048041F244106844AD4C0460EE
:10ABD00041F248106844027041F249106844037021
:10ABE00041F24A106844017041F254106844A64C86
:10ABF00004600DF58B5040F22E24048041F2641065
:10AC00006844A24C046041F268106844027041F24A
:10AC100069106844037041F26A106844017041F29F
:10AC2000741068449A4C04600DF58C5040F22F2447
:10AC3000048041F284106844964C046041F288100C
:10AC40006844027041F289106844037041F28A102E
:10AC50006844017041F2941068448F4C04600DF513
:10AC60008D504FF40C74048041F2A41068448B4C56
:10AC7000046041F2A8106844027041F2A9106844CF
:10AC8000037041F2AA106844017041F2B4106844A4
:10AC9000834C04600DF58E5040F23124048041F263
:10ACA000C41068447F4C046041F2C81068440270CC
:10ACB00041F2C9106844037041F2CA10684401703F
:10ACC00041F2D4106844784C04600DF58F5040F286
:10ACD0003224048041F2E4106844744C046041F270
:10ACE000E8106844027041F2E9106844037041F2D0
:10ACF000EA106844017041F2F41068446C4C04603E
:10AD00000DF5905040F23324048041F20420684451
:10AD1000684C046041F208206844027041F2092046
:10AD20006844037041F20A206844017041F2142023
:10AD30006844614C04600DF591504FF40D7404802B
:10AD400041F2242068445D4C046041F228206844AC
:10AD5000027041F229206844037041F22A206844BD
:10AD6000017041F234206844554C04600DF5925056
:10AD700040F23524048041F244206844514C046080
:10AD800041F248206844027041F24920684403704F
:10AD900041F24A206844017041F2542068444A4C10
:10ADA00004600DF5935040F23624048041F2642093
:10ADB0006844464C046041F268206844027041F2E5
:10ADC00069206844037041F26A206844017041F2CE
:10ADD000742068443E4C04600DF5945040F23724D2
:10ADE000048041F2842068443A4C046041F2882097
:10ADF0006844027041F289206844037041F28A205D
:10AE00006844017041F294206844334C04600DF5AD
:10AE100095504FF40E74048041F2A42068442F4CE6
:10AE2000046041F2A8206844027041F2A9206844FD
:10AE3000037041F2AA206844017041F2B4206844D2
:10AE4000274C04600DF5965040F23924048041F2FD
:10AE5000C4206844234C046041F2C8206844027056
:10AE600041F2C9206844037041F2CA20684401706D
:10AE700041F2D42068441C4C046037E05C1A02089C
:10AE8000C04F0208701A0208FC4F0208841A020818
:10AE900038500208981A020874500208AC1A0208C6
:10AEA000B0500208C01A0208EC500208D41A020876
:10AEB00028510208E81A020864510208FC1A020824
:10AEC000A04202080C1B0208DC4202081C1B0208FC
:10AED000184302082C1B0208544302083C1B0208BA
:10AEE000904302084C1B0208CC4302080DF5975012
:10AEF00040F23A24048041F2E4206844B94C0460F2
:10AF000041F2E8206844027041F2E920684403708D
:10AF100041F2EA206844017041F2F4206844B24CE6
:10AF200004600DF5985040F23B24048041F2043057
:10AF30006844AE4C046041F208306844027041F24B
:10AF400009306844037041F20A306844017041F2EC
:10AF500014306844A64C04600DF599504FF40F74FA
:10AF6000048041F224306844A24C046041F228304D
:10AF70006844027041F229306844037041F22A307B
:10AF80006844017041F2343068449B4C04600DF514
:10AF90009A5040F23D24048041F244306844974C7A
:10AFA000046041F248306844027041F2493068441C
:10AFB000037041F24A306844017041F254306844F1
:10AFC0008F4C04600DF59B5040F23E24048041F20A
:10AFD000643068448B4C046041F26830684402700D
:10AFE00041F269306844037041F26A30684401708C
:10AFF00041F274306844844C04600DF59C5040F27A
:10B000003F24048041F284306844804C046041F263
:10B0100088306844027041F289306844037041F21C
:10B020008A306844017041F294306844784C04607E
:10B030000DF59D504FF41074048041F2A430684423
:10B04000744C046041F2A8306844027041F2A930A7
:10B050006844037041F2AA306844017041F2B43090
:10B0600068446D4C04600DF59E5040F2412404800C
:10B0700041F2C4306844694C046041F2C83068440D
:10B08000027041F2C9306844037041F2CA3068442A
:10B09000017041F2D4316944614808600DF59F5157
:10B0A00040F24220088041F2E43169445D48086082
:10B0B00041F2E83169440A7041F2E9326A4413709E
:10B0C000092341F2EA326A44137041F2F4326A44CD
:10B0D000554911600DF5A05240F24321118041F213
:10B0E00004426A4451491160082141F208426A440D
:10B0F0001170032241F209406844027041F20A4093
:10B100006844037041F214406844494C04600DF5F2
:10B11000A1504FF41174048041F224406844454C1E
:10B12000046041F228406844017041F229406844BB
:10B13000027041F22A406844037041F2344068448E
:10B140003D4C04600DF5A25040F24524048041F2CC
:10B1500044406844394C046041F2484068440170FE
:10B1600041F249406844027041F24A406844037029
:10B1700041F254406844324C04600DF5A35040F253
:10B180004624048041F2644068442E4C046041F23D
:10B1900068406844017041F269406844027041F2BD
:10B1A0006A406844037041F274406844264C04606D
:10B1B0000DF5A45040F24724048041F284406844D5
:10B1C000224C046041F288406844017041F2894099
:10B1D0006844027041F28A406844037041F294402E
:10B1E000684435E05C1B0208084402086C1B020836
:10B1F000444402087C1B0208804402088C1B02089D
:10B20000A0510208A01B0208DC510208B41B02086E
:10B2100018520208C81B020854520208DC1B02081C
:10B2200090520208F01B0208CC520208041C0208CB
:10B2300008530208181C0208445302082C1C020878
:10B2400080530208401C0208BC530208541C020828
:10B25000B94C04600DF5A5504FF41274048041F20E
:10B26000A4406844B54C046041F2A84068440170B1
:10B2700041F2A9406844027041F2AA406844037058
:10B2800041F2B4406844AE4C04600DF5A65040F263
:10B290004924048041F2C4406844AA4C046041F24D
:10B2A000C8406844017041F2C9406844027041F2EC
:10B2B000CA406844037041F2D4406844A24C046020
:10B2C0000DF5A75040F24A24048041F2E44068445E
:10B2D0009E4C046041F2E8406844017041F2E9404C
:10B2E0006844027041F2EA406844037041F2F4405D
:10B2F0006844974C04600DF5A85040F24B2404803C
:10B3000041F204506844934C046041F20850684490
:10B31000017041F209506844027041F20A506844D9
:10B32000037041F2145068448B4C04600DF5A95031
:10B330004FF41374048041F224506844874C046035
:10B3400041F228506844017041F22950684402706B
:10B3500041F22A506844037041F234506844804CF2
:10B3600004600DF5AA5040F24D24048041F244508F
:10B3700068447C4C046041F248506844017041F2DA
:10B3800049506844027041F24A506844037041F2E7
:10B3900054506844744C04600DF5AB5040F24E2498
:10B3A000048041F264506844704C046041F268507B
:10B3B0006844017041F269506844027041F26A5079
:10B3C0006844037041F274506844694C04600DF5A0
:10B3D000AC5040F24F24048041F284506844654CE4
:10B3E000046041F288506844017041F28950684419
:10B3F000027041F28A506844037041F294506844EC
:10B400005D4C04600DF5AD504FF41474048041F2AE
:10B41000A4506844594C046041F2A850684401703B
:10B4200041F2A9506844027041F2AA506844037086
:10B4300041F2B4506844524C04600DF5AE5040F2F5
:10B440005124048041F2C45068444E4C046041F2DF
:10B45000C8506844017041F2C9506844027041F21A
:10B46000CA506844037041F2D4506844464C0460AA
:10B470000DF5AF5040F25224048041F2E45068448C
:10B48000424C046041F2E8506844017041F2E950D6
:10B490006844027041F2EA506844037041F2F4508B
:10B4A00068443B4C04600DF5B05040F253240480D6
:10B4B00041F204606844374C046041F2086068441B
:10B4C000017041F209606844027041F20A60684408
:10B4D000037041F2146068442F4C04600DF5B150C4
:10B4E0004FF41574048041F2246068442B4C0460CE
:10B4F00041F228606844017041F22960684402709A
:10B5000041F22A606844037041F234606844244C7C
:10B5100004600DF5B25040F25524048041F24460BD
:10B520006844204C046041F248606844017041F274
:10B530004960684438E000BFF8530208681C0208FC
:10B54000345402087C1C020870540208901C020843
:10B55000AC540208A41C0208E8540208B81C0208F3
:10B5600024550208CC1C020860550208E01C0208A1
:10B570009C550208F41C0208D8550208081D020850
:10B58000145602081C1D020850560208301D0208FD
:10B590008C560208441D0208C8560208581D0208AD
:10B5A000045702086C1D0208027041F24A606844A8
:10B5B000037041F254606844B94C04600DF5B35017
:10B5C00040F25624048041F264606844B54C046043
:10B5D00041F268606844017041F269606844027039
:10B5E00041F26A606844037041F274606844AE4C92
:10B5F00004600DF5B45040F25724048041F2846099
:10B600006844AA4C046041F288606844017041F2C9
:10B6100089606844027041F28A606844037041F2B4
:10B6200094606844A24C04600DF5B5504FF4167454
:10B63000048041F2A46068449E4C046041F2A8601A
:10B640006844017041F2A9606844027041F2AA6046
:10B650006844037041F2B4606844974C04600DF58F
:10B66000B65040F25924048041F2C4606844934CBF
:10B67000046041F2C8606844017041F2C9606844E6
:10B68000027041F2CA606844037041F2D4606844B9
:10B690008B4C04600DF5B75040F25A24048041F2FF
:10B6A000E4606844874C046041F2E86068440170DB
:10B6B00041F2E9606844027041F2EA606844037054
:10B6C00041F2F4606844804C04600DF5B85040F2DB
:10B6D0005B24048041F2047068447C4C046041F2B5
:10B6E00008706844017041F209706844027041F2C8
:10B6F0000A706844037041F214706844744C04602A
:10B700000DF5B9504FF41774048041F22470684469
:10B71000704C046041F228706844017041F2297055
:10B720006844027041F22A706844037041F2347038
:10B730006844694C04600DF5BA5040F25D24048001
:10B7400041F244706844654C046041F248706844BA
:10B75000017041F249706844027041F24A706844D5
:10B76000037041F2547068445D4C04600DF5BB50A9
:10B7700040F25E24048041F264706844594C0460D5
:10B7800041F268706844017041F269706844027067
:10B7900041F26A706844037041F274706844524C1C
:10B7A00004600DF5BC5040F25F24048041F28470C7
:10B7B00068444E4C046041F288706844017041F264
:10B7C00089706844027041F28A706844037041F2E3
:10B7D00094706844464C04600DF5BD504FF41874E5
:10B7E000048041F2A4706844424C046041F2A870A5
:10B7F0006844017041F2A97169440A7041F2AA7269
:10B800006A44137041F2B4736B443B4A1A600DF5FD
:10B81000BE5340F261221A8041F2C4736B44374A2E
:10B820001A60082141F2C8736B441970032241F277
:10B83000C9736B441A70092341F2CA7068440370DB
:10B8400041F2D47068442E4C04600DF5BF5040F2B4
:10B850006224048041F2E47068442A4C046041F29E
:10B86000E8706844017041F2E9706844027041F286
:10B87000EA706844037041F2F4706844224C04603A
:10B880000DF5C05040F26324048041F60400684482
:10B890001E4C046041F608006844017038E000BFA7
:10B8A00040570208801D02087C570208941D0208B8
:10B8B000B8570208A81D0208F4570208BC1D020868
:10B8C00030580208D01D02086C580208E41D020816
:10B8D000A8580208F81D0208E45802080C1E0208C5
:10B8E00020590208201E02085C590208341E020872
:10B8F00098590208481E0208D45902085C1E020822
:10B90000105A0208701E02084C5A0208841E0208CF
:10B9100041F609006844027041F60A006844037069
:10B9200041F614006844B94C04600DF5C1504FF461
:10B930001974048041F624006844B54C046041F653
:10B9400028006844017041F629006844027041F6FD
:10B950002A006844037041F634006844AD4C04602A
:10B960000DF5C25040F26524048041F6440068445D
:10B97000A94C046041F648006844017041F6490052
:10B980006844027041F64A006844037041F654006E
:10B990006844A24C04600DF5C35040F26624048054
:10B9A00041F6640068449E4C046041F668006844B7
:10B9B000017041F669006844027041F66A0068440B
:10B9C000037041F674006844964C04600DF5C45051
:10B9D00040F26724048041F684006844924C04607D
:10B9E00041F688006844017041F68900684402709D
:10B9F00041F68A006844037041F6940068448B4C19
:10BA000004600DF5C5504FF41A74048041F6A4008B
:10BA10006844874C046041F6A8006844017041F610
:10BA2000A9006844027041F6AA006844037041F618
:10BA3000B40068447F4C04600DF5C65040F26924A0
:10BA4000048041F6C40068447B4C046041F6C800A1
:10BA50006844017041F6C9006844027041F6CA00AA
:10BA60006844037041F6D4006844744C04600DF5DA
:10BA7000C75040F26A24048041F6E4006844704CE8
:10BA8000046041F6E8006844017041F6E90068444A
:10BA9000027041F6EA006844037041F6F40068441D
:10BAA000684C04600DF5C85040F26B24048041F6E8
:10BAB00004106844644C046041F608106844017046
:10BAC00041F609106844027041F60A106844037098
:10BAD00041F6141068445D4C04600DF5C9504FF4F4
:10BAE0001B7404805A4841F624146C44206041F6CB
:10BAF00028106844017041F629106844027041F62C
:10BB00002A1068440370534841F634146C44206092
:10BB100040F26D200DF5CA5420804F4841F6441480
:10BB20006C44206041F648106844017041F64910A9
:10BB30006844027041F64A1068440370474841F671
:10BB400054146C44206040F26E200DF5CB542080DC
:10BB5000434841F664146C44206041F66810684420
:10BB6000017041F669106844027041F66A10684439
:10BB700003703C4841F674146C44206040F26F201E
:10BB80000DF5CC542080384841F684146C44206074
:10BB900041F688106844017041F6891068440270CB
:10BBA00041F68A1068440370304841F694146C449E
:10BBB00020604FF41C700DF5CD5420802C4841F6C8
:10BBC000A4146C44206041F6A8106844017041F64A
:10BBD000A9106844027041F6AA1068440370254811
:10BBE00041F6B4146C44206040F271200DF5CE543F
:10BBF0002080214841F6C4146C44206041F6C810EE
:10BC00006844017041F6C910684437E0885A020858
:10BC1000981E0208C45A0208AC1E0208005B020803
:10BC2000C01E02083C5B0208D41E0208785B0208B2
:10BC3000E81E0208B45B0208FC1E0208F05B020862
:10BC4000101F02082C5C0208241F0208685C02080E
:10BC5000381F0208A45C02084C1F0208E05C0208BE
:10BC6000601F02081C5D0208741F0208585D02086C
:10BC7000881F0208945D02089C1F0208027041F6AA
:10BC8000CA1068440370814841F6D4146C442060A3
:10BC900040F272200DF5CF5420807D4841F6E41427
:10BCA0006C44206041F6E8106844017041F6E910E8
:10BCB0006844027041F6EA1068440370754841F622
:10BCC000F4146C44206040F273200DF5D0542080B1
:10BCD000714841F604246C44206041F60820684411
:10BCE000017041F6092169440A7041F60A226A444A
:10BCF00013706A4B41F614226A441360684B1B6848
:10BD0000039303F110020B9203F11402139203F157
:10BD100018021B9203F12802239203F12A022B92AC
:10BD200003F12B02339203F12C023B925D490A6826
:10BD300002F587704B9002F58E70539002F5957066
:10BD40005B9002F58470639002F59C706B9002F535
:10BD50009D70739002F23B107B9002F11C00B39037
:10BD600002F11800BB9002F11400C39002F1200010
:10BD7000CB9002F12200D39002F12600DB9002F179
:10BD80002800E39002F12A00EB902C32F3924A68EB
:10BD900002F58771CDF82C1502F58E71CDF84C1592
:10BDA00002F59571CDF86C1502F58471CDF88C15FE
:10BDB00002F59C71CDF8AC1502F59D71CDF8CC154E
:10BDC00002F23B11CDF8EC1502F11C01CDF8CC16B6
:10BDD00002F11801CDF8EC1602F11401CDF80C17A0
:10BDE00002F12001CDF82C1702F12201CDF84C17F9
:10BDF00002F12601CDF86C1702F12801CDF88C175D
:10BE000002F12A01CDF8AC172C32CDF8CC2703F182
:10BE10007002CDF82C2903F17202CDF84C2903F100
:10BE20008C02CDF86C2903F18E02CDF88C2903F138
:10BE3000B002CDF8AC2903F1B402CDF8CC2903F15E
:10BE4000BC02CDF8EC29BD33CDF80C3A164BD1220B
:10BE50001A80164B1B688BB14FF4D1526946134BB5
:10BE60001868FBF795F80DF5D15D01B0BDE8F08FCE
:10BE7000F8220F4906F0F2FCFDF7B0BB4FF4D150A9
:10BE800011F0F6FF094B1860E6E700BFD05D02082D
:10BE9000B01F02080C5E0208C41F0208485E0208B8
:10BEA000402E002074000020C02A00209C2A002080
:10BEB000781102087047000010B582B00C46224B82
:10BEC0001B689869C03003F067FE01282FD1012C50
:10BED00011D0022C1DD0002C2ED11B4B1B68986951
:10BEE0001A4B19680123009311231C227031C030B2
:10BEF00003F054FF20E0144B1B689869134B19683A
:10BF00000123009312231C228C31C03003F046FF22
:10BF100012E00D4B1B6898690C4B196801230093C4
:10BF200013230822A831C03003F038FF04E0084A88
:10BF30000849042006F024FC034B1B68986903F0B1
:10BF400001FB02B010BD00BF28340020402E0020AD
:10BF5000D81F0208940F020870B5064602880E4CDE
:10BF6000A4FB02135B094FF4967505FB13239BB2E8
:10BF700003F588735B00094A0949042006F000FCB8
:10BF80003388A4FB0321490905FB1131C1F30711D3
:10BF90000020FFF791FF70BDB5814E1BF01F020816
:10BFA000940F020810B582B00C461A4B1B689869B2
:10BFB000C03003F0F1FD01281FD1022C0FD0032C5B
:10BFC00020D1144B1B689869134B19680123009307
:10BFD00014230222BC31C03003F0E0FE12E00D4B0E
:10BFE0001B6898690C4B19680123009314230222E3
:10BFF000BC31C03003F0D2FE04E0084A08490420F6
:10C0000006F0BEFB034B1B68986903F09BFA02B075
:10C0100010BD00BF28340020402E0020D81F020889
:10C02000940F020808B503880649A1FB0321C9093A
:10C030004FF4C87202FB1131C9B20020FFF7B2FF02
:10C0400008BD00BF1F85EB51014B1888704700BF2A
:10C05000C02A0020000000002DE9F84304F034FE5F
:10C06000D0ED0C7AFDEEE77ACB4B17EE902A1A80D2
:10C07000002486E000238FE0C84B53F825309E4211
:10C0800000F0B080C64BC54A42F8253093ED007AE7
:10C09000DFEDC47A27EE277ABCEEC77AC249C5EB3A
:10C0A000C50001EB400217EE106A21F8106093ED15
:10C0B000017A27EE277ABCEEC77A17EE101A518064
:10C0C00093ED027A27EE277ABCEEC77A17EE101AA4
:10C0D000918093ED037A27EE277ABCEEC77A17EEAC
:10C0E000101AD18093ED047AF2EE046A27EE267AD4
:10C0F000BCEEC77A17EE101A118193F86410917292
:10C10000198E9181A94A690102EB451593ED117AC7
:10C1100027EE277ABCEEC77A17EE100A505293ED3D
:10C12000137A27EE277ABCEEC77A17EE102A6A80B8
:10C1300093ED0D7A67EE277AFCEEE77A17EE902AF8
:10C14000AA80D3ED157A67EEA67AFDEEE77A17EEB0
:10C15000902AEA80D3ED177A67EEA67AFDEEE77AA9
:10C1600017EE902A2A819A6CEA601A6D2A619A6BFE
:10C170006A619A6DAA611B6EEB61FDF723FA0134C7
:10C18000E4B2012C00F2A680204604F093FD03796E
:10C19000042B7FF46FAF83682546D3F878640023BF
:10C1A0003F2B3FF669AF7D4A52F8252003F1270166
:10C1B00002EBC10292F804C07D4805EB450100EB9B
:10C1C000C111CF1801F803C0517987F84010916868
:10C1D00005EB450203EB4212203240F822100133F6
:10C1E000DBB2DDE793ED007ADFED6E7A27EE277A9A
:10C1F000BCEEC77A6C49C5EBC50001EB400217EEF7
:10C20000106A21F8106093ED017A27EE277ABCEED0
:10C21000C77A17EE101A518093ED027A27EE277A2B
:10C22000BCEEC77A17EE101A918093ED037A27EED1
:10C23000277ABCEEC77A17EE101AD18093ED047AF4
:10C24000F2EE046A27EE267ABCEEC77A17EE101AD1
:10C25000118193F864109172198E9181534A69018A
:10C2600002EB451593ED117A27EE277ABCEEC77ADB
:10C2700017EE100A505293ED137A27EE277ABCEE90
:10C28000C77A17EE102A6A8093ED0D7A67EE277A47
:10C29000FCEEE77A17EE902AAA80D3ED157A67EEC6
:10C2A000A67AFDEEE77A17EE902AEA80D3ED177AA8
:10C2B00067EEA67AFDEEE77A17EE902A2A819A6C4D
:10C2C000EA601A6D2A619A6B6A619A6DAA611B6EA7
:10C2D000EB6154E7002405E004F12C03002245F84B
:10C2E00023200134012C00F3BF80324B1D682B1931
:10C2F00093F8BC30002BEFD0C4EBC40305EB8303F1
:10C30000B3F870804FF6FF73984555D0C4EBC40363
:10C31000254A02EB43035888FBF73CFB06460F46D1
:10C320004046FBF737FB8046894617A3D3E9002335
:10C33000FBF7B4F802460B4630463946FBF712FCD1
:10C3400040B104F12C0255F8223043F0040345F8C3
:10C35000223039E00EA3D3E9002340464946FBF7DB
:10C360009DF802460B4630463946FBF7DDFB58B3D5
:10C3700004F12C0255F8223023F0040345F8223052
:10C3800022E000BFAFF30080CDCCCCCCCCCCF03FD2
:10C39000666666666666EE3FA02A0020740000208E
:10C3A000042B00200000C842A42A0020C42A002038
:10C3B000442E0020402E002004F12C0255F822309B
:10C3C00023F0040345F82230C4EBC40305EB8303D8
:10C3D000B3F872804FF6FF7398453CD0C4EBC403AA
:10C3E000274A02EB43031889FBF7D4FA06460F46A7
:10C3F0004046FBF7CFFA804689461DA3D3E90023C8
:10C40000FBF74CF802460B4630463946FBF7AAFBD1
:10C4100040B104F12C0255F8223043F0080345F8EE
:10C4200022305EE714A3D3E9002340464946FBF7D8
:10C4300035F802460B4630463946FBF775FB0028B7
:10C440003FF44FAF04F12C0255F8223023F00803DB
:10C4500045F8223045E704F12C0255F8223023F04C
:10C46000080345F822303CE7BDE8F883AFF30080CD
:10C47000CDCCCCCCCCCCF03F666666666666EE3F33
:10C48000A42A002010B5084C0123236010F09AF96B
:10C49000236833B1054B064A0649042006F070F9BB
:10C4A00010BD054BF7E700BF6C3100208C5E020821
:10C4B000945E0208940F0208845E020838B50446B0
:10C4C0000FF0FFF890B90C4D0023012205F11C017B
:10C4D00004F10C000FF049F9EB6953B1074B084A1E
:10C4E0000849042006F04CF9002038BDFCF74CFF49
:10C4F000FAE7054BF3E700BF4C310020B85E0208B5
:10C50000C05E0208940F0208AC5E02080D4B1B6867
:10C51000ABB930B583B004460B4B1B6813B901208F
:10C5200003B030BD094B1D8B0EF032FF0090052388
:10C530002A46042120460FF07DF80020F0E7012074
:10C54000704700BF70310020840000204C31002073
:10C5500070B510F047F9054610F03EF90446404E1C
:10C560002B46404A3146042006F00AF923463E4A4B
:10C570003146042006F004F9252C14BF00230123C2
:10C58000012C14BF1A4643F00102FAB9202C14BF43
:10C5900000220122052C19D0C2B9902C14BF002210
:10C5A0000122652C12D08AB9952C14BF00220122D9
:10C5B0009E2C0BD052B99F2C14BF00220122872C35
:10C5C00004D01AB9294A0021116002E0274A01214A
:10C5D0001160202C08BF43F001032BB9902C03D02D
:10C5E000234B00221A6002E0214B01221A60A32C87
:10C5F00018BF9B2C15D040F20140854214BF002586
:10C600000125982C14BF002305F00103BBB1194B81
:10C6100004221A8005221A8106221A8207221A830E
:10C6200070BD144B03221A8004221A8105221A823B
:10C6300006221A83104911480EF041FCDBE79A2CC0
:10C6400014BF002505F00105002DE9D0094B062295
:10C650001A8007221A8108221A8209221A83DFE728
:10C66000940F0208D45E0208EC5E020870310020CC
:10C67000743100204C31002085C40008405F02085E
:10C6800030B585B0002420460EF01AF92368184A08
:10C690001268934204D06168164A1268914201D12F
:10C6A00005B030BD144D1A0E0292C3F30742019239
:10C6B000C3F307220092DBB2104A2946042006F099
:10C6C0005FF863681A0E0292C3F307420192C3F344
:10C6D00007220092DBB20A4A2946042006F050F8ED
:10C6E0002268034B1A606268024B1A60D8E700BFE9
:10C6F0004431002048310020940F0208085F0208EE
:10C70000245F0208002070470020704730B585B0D4
:10C7100004460EF03DFE0290002501950323009390
:10C720002B462A46022120460EF0B4FF0A4B1B7806
:10C73000A3720A4B1B78E3720C34094B1A7804215C
:10C7400020460FF026F82A46294620460FF021F809
:10C75000284605B030BD00BF783100207B31002075
:10C760007C31002030B585B005460EF011FE0290F8
:10C7700000240194042300932346224602212846E4
:10C780000EF088FF074B1B78AB72074B1B78EB72E0
:10C790002246214605F10C000EF0FBFF204605B0B5
:10C7A00030BD00BF793100207A31002010B50D4C2A
:10C7B00021700D4908700D490A700D48016801315A
:10C7C000016042B90B490A6801320A6019460A48F9
:10C7D0000EF075FB10BD012AF8D108490A68013234
:10C7E0000A60F3E7783100207B3100207C310020A3
:10C7F0008031002084310020505F02088831002001
:10C8000010B506480368064C2370064C2170013BA6
:10C810000360114604480EF052FB10BD8031002029
:10C82000793100207A310020605F020808B50246A5
:10C83000002320212320FFF7B9FF08BD08B50022FF
:10C8400011460120FFF7DCFF08BD08B502460023B2
:10C8500020213120FFF7AAFF08BD08B500221146AC
:10C860000120FFF7CDFF08BD08B5024600232021B7
:10C870003320FFF79BFF08BD08B5002211460120B9
:10C88000FFF7BEFF08BD08B5024600232021422065
:10C89000FFF78CFF08BD08B5002211460120FFF705
:10C8A000AFFF08BD10B560B90B4B1C6800221A60C1
:10C8B000002C0FDD002211460120FFF7A1FF013CF3
:10C8C000F6E7012801D00024F2E7044B1C6800229F
:10C8D0001A60EDE710BD00BF8431002088310020D0
:10C8E00030B5A1B00D46002400947C22214601A859
:10C8F00012F010FD2B46064A8021684600F0F7FA38
:10C9000052220449204605F0A9FF21B030BD00BFE6
:10C91000705F02088C5F0208034B0360034B0B60DF
:10C9200080231360704700BF8C3300208C310020BF
:10C93000044B1A68044B9A4203D0030A43EA0020CE
:10C9400080B27047BC5F02080302010001604160D1
:10C95000013A82600023C360036143618361C36164
:10C96000704703207047704710B504460846236897
:10C9700033B1A26893420CD3934212D0002010BD71
:10C980001421C0B2FFF7EFFFE3680133E360012039
:10C99000F5E75A1C22601970E3680133E360012057
:10C9A000EDE75A1C226000201870E8E7F8B504464D
:10C9B0000D460846FFF7D5FF00B9314D60690028E4
:10C9C00006DD2B4600221978F1B101320133FAE776
:10C9D0002026237F13F0010F25D0E269294B134055
:10C9E000294A934230D12846FAF7EAFCA7698742E0
:10C9F0002ADD3F1A47B330212046FFF7B5FF034633
:10CA000000283AD0013FF5E7904207DC002363613C
:10CA1000237F13F0020F04D12026DAE7821A626125
:10CA2000F6E73026D5E76369002BD6DD3146204690
:10CA3000FFF79AFF034600B36369013B6361F2E7C6
:10CA40000135A369013BA361A36943B1297831B1E1
:10CA50002046FFF789FF03460028F1D10DE0636906
:10CA6000002B09DD31462046FFF77EFF034620B14B
:10CA70006369013B6361F2E701231846F8BD00BF1B
:10CA8000A05F0208FF0002000100020070B584B040
:10CA900005460269847F44F00204847761B10B4645
:10CAA0001046AC7F14F0010F10D0CC0F0A2A2AD107
:10CAB0004CB34B4201260AE030238DF804300023AA
:10CAC0008DF8053001A9FFF771FF1AE0002600215B
:10CAD0008DF80F100A2A34D0102A24D0082A33D017
:10CAE0000DF10F044EB16B691BB12B7F13F0020FD8
:10CAF0002DD12D2304F8013C013C21462846FFF7A7
:10CB000055FF04B070BD0026E1E7303204F8012D76
:10CB10001B09002BE6D003F00F02092AF5DD697F1F
:10CB20003A390A44F1E70DF10F04F2E7B3FBF0F2F2
:10CB300000FB1233303304F8013D1346002BF5D1CE
:10CB4000D0E70DF10F04F9E70DF10F04F6E72D2101
:10CB50002846FFF709FF0028D3D06B69013B6B61C2
:10CB6000CBE72DE9F04106460D4600210C468846EC
:10CB70004FF0FF370B4603E088462746002101337C
:10CB8000072B12DC35F8130010B901B91C4601312E
:10CB9000072B14BF00220122002818BF0122002AFF
:10CBA000EDD08845E8DB0021E9E7102333616123FC
:10CBB0007377002416E008F1FF331C443A21304615
:10CBC000FFF7D2FE072C0CD13A213046FFF7CCFEFE
:10CBD00007E035F81400FFF7ABFE01463046FFF7DB
:10CBE00055FF0134072C08DCBC42E4D0002CF0DDFA
:10CBF0003A213046FFF7B8FEEBE70120BDE8F081AF
:10CC00000EB410B58BB001460DAB53F8044B09932D
:10CC100000F5806201A8FFF799FE099A214601A854
:10CC200000F022F804980BB0BDE8104003B0704744
:10CC300010B586B00446CBB20193C1F3072300932D
:10CC4000C1F307430A0E074902A8FFF7D9FFA37FE4
:10CC500043F00203A37702A92046FFF7A7FE0120B5
:10CC600006B010BDA85F020870B582B005460C463C
:10CC70000192264616F8014B252C24D1344614F88F
:10CC8000013B002B00F0DA80252B33D119462846D2
:10CC9000FFF76AFE0028ECD102B070BD14212046D7
:10CCA000FFF761FE3CB1EB680133EB60012402E069
:10CCB000934218D00024002CEED0334613F8014BD9
:10CCC000252C15D01E462B68002BE7D0AA6893426E
:10CCD000EED25A1C2A601C70002CECD0EB68013399
:10CCE000EB600124E7E75A1C2A6000241C70E2E78D
:10CCF0001E46C3E700222A616A61AA61EA612D2B00
:10CD00000AD1B41C737801222A7705E014F8013B9C
:10CD10002A7F42F002022A77302BF7D02A2B4FD1FC
:10CD200014F8013B019A111D019112686A612E2BC2
:10CD30004BD0AA690AB9013AAA61702B62D0732B51
:10CD400070D0632B7FD06C2B00F088804C2B00F0D0
:10CD50008C800A222A6161226A77642B14BF002228
:10CD60000122752B14BF114642F00101002940F049
:10CD7000838010222A61782B00F08C80582B18BFFA
:10CD8000782B04D0A3F16F02012A3FF672AF582B23
:10CD900000F093806F2B00F09380019B1A1D01928D
:10CDA00019682846FFF772FE002847D061E76A69D4
:10CDB00002EB8202303B03EB42026A6114F8013B52
:10CDC000A3F13002092AF2D9B1E7224612F8013B59
:10CDD0002A2B07D1019B1A1D01921B68AB61637856
:10CDE0000234A6E7A3F13001092909D8A96901EBAA
:10CDF0008101303B03EB4101A96112F8013BF1E7EE
:10CE0000144696E72278692A99D16278702A96D1D9
:10CE10000234019B1A1D019219682846FFF7A1FEF2
:10CE200060B126E7019B1A1D0192196801B92649D4
:10CE30002846FFF7BBFD00287FF41BAF00212846E2
:10CE4000FFF792FD28E7019B1A1D019219782846E9
:10CE5000FFF78AFD00283FF41FAF0AE714F8013BF3
:10CE6000AA7F42F00402AA7770E714F8013BAA7F78
:10CE700042F00802AA776CE7AB7F62F30003AB775E
:10CE8000019B1A1D019219682846FFF7FFFD002833
:10CE9000D4D0EEE62278692A7FF470AF6278702AE7
:10CEA0007FF46CAF0234019B1A1D01921968284669
:10CEB000FFF7BEFE0028C1D0DBE641236B776CE7AD
:10CEC00008232B6169E700BFB45F020830B589B061
:10CED00014461D46421801466846FFF737FD2A46AC
:10CEE00021466846FFF7C0FE039809B030BD0CB478
:10CEF00010B58AB00CAB53F8044B099342180146A5
:10CF000001A8FFF723FD099A214601A8FFF7ACFE0F
:10CF100004980AB0BDE8104002B0704770B58CB0FC
:10CF2000244B1A6B42F001021A631A6B02F00102E1
:10CF30000192019A5A6C42F480725A645B6C03F459
:10CF400080730293029B0126079603230893002512
:10CF5000099507A9184806F06DFF2A4629461220B0
:10CF600006F000FC122006F02FFC144C144B23603A
:10CF70006560A5602561A66184F820506562E56260
:10CF8000A562E560E66184F830606561204606F0E0
:10CF90002BF9039504960723059303A9204606F071
:10CFA000E7FA08B90CB070BDBF220649284605F063
:10CFB00055FCF7E70038024000000240B88202202A
:10CFC00000200140C05F020882B00A4B1A6B42F495
:10CFD00080021A631A6B02F480020092009A1A6BA4
:10CFE00042F400121A631B6B03F400130193019BBC
:10CFF00002B07047003802402DE9F0438BB00024A6
:10D0000005940694079408940994594B1A6B42F0BE
:10D0100001021A631A6B02F001020192019A1A6B63
:10D0200042F002021A631A6B02F002020292029AA2
:10D030001A6B42F004021A631A6B02F004020392A4
:10D04000039A1A6B42F008021A631B6B03F0080381
:10D050000493049BDFF82C9101220421484607F039
:10D060006EF8444E01228021304607F068F8424FA6
:10D0700001224FF40041384607F061F822464FF490
:10D080008071304607F05BF822464FF4C0513846B5
:10D0900007F055F810230593384B0693079405A91C
:10D0A000304606F0C7FE224605210A2006F05AFB4C
:10D0B00001250595324B0693079405A9304606F0E5
:10D0C000B9FE22460621084606F04CFB062006F073
:10D0D0007BFB4FF400430593069507944FF002083D
:10D0E000CDF8208005A9384606F0A4FE4FF4805301
:10D0F000059306950794CDF8208005A9304606F0E3
:10D1000099FE4FF48073059306950794CDF820801F
:10D1100005A9304606F08EFE4FF4C05305930695E0
:10D120000794CDF8208005A9384606F083FE4FF419
:10D130000063059306950794CDF8208005A938462D
:10D1400006F078FE042305930695079403270897B5
:10D1500005A9484606F06EFE8023059306950794C0
:10D16000089705A9304606F065FE0BB0BDE8F083D0
:10D170000038024000080240000002400000211078
:10D18000000031100004024008B51748174B036037
:10D19000174B4360002383600122C2600361436137
:10D1A0008361C361036207F0BFF950B900210E48E3
:10D1B00008F0F7F858B900210B4808F020F960B9D9
:10D1C00008BD7A220B49002005F048FBEEE78022DB
:10D1D0000849002005F042FBEDE7862205490020C2
:10D1E00005F03CFBECE700BF4C83022000540040FC
:10D1F000D28C9000E45F02082DE9F04387B01F4A0B
:10D200001F49022005F0BCFA002401940294039403
:10D21000049405941B4807F0E6F91B4D402128466D
:10D2200006F0ECFE8021284606F0E8FE4027019734
:10D230004FF01109CDF8089003944FF00208CDF893
:10D24000108001A9284606F0F5FD80260196CDF84C
:10D2500008900394CDF8108001A9284606F0EAFD55
:10D260003946284606F0CAFE3146284606F0C6FE74
:10D27000FFF78AFF07B0BDE8F08300BF086002082F
:10D28000246002084C830220000402402DE9F04192
:10D2900082B005460E46174698462B4B1B681BB1BD
:10D2A00005200BF067F9F8E70BF0BEFA264B186083
:10D2B0000023264A1360264A136012E04FF47A7165
:10D2C00001200BF025FB00B3204B1B682BBB214B2F
:10D2D0005B6C43BB1E4A13680133136005200BF0DF
:10D2E00049F91B4C2468022C28DCCDF804800097F7
:10D2F000022332462946174807F09AFA0028DDD063
:10D30000134B1C6801341C60E8E7134A13490220E0
:10D3100005F036FAFFF770FFD6E70B4B00221A60D4
:10D320000A4B18680DE00B4B5B6C0D4A12680092BB
:10D330000C4A0A49022005F023FACBE70020024BF1
:10D34000186002B0BDE8F081FC330020F03300200B
:10D35000E43300204C830220286002082460020885
:10D36000C08A0220406002082DE9F04182B00546E3
:10D370000E4617469846334B1B681BB105200BF031
:10D38000F9F8F8E70BF050FA2E4B186000232E4AFC
:10D3900013602E4A136017E04FF47A7101200BF0EE
:10D3A000B7FA28B3284B1B6853BB294B5B6C002B87
:10D3B0002CD1264A136801331360244B1B68022BBF
:10D3C0002FDC05200BF0D6F8204C2468022C32DC30
:10D3D000CDF8048000970223324629461C4807F006
:10D3E000B3F90028D8D0194B1C6801341C60E4E75D
:10D3F000184A1949022005F0C3F9FFF7FDFED1E7ED
:10D40000104B00221A60104B186817E0104B5B6C31
:10D41000124A12680092124A0F49022005F0B0F930
:10D42000C7E70024074B1C600E4A0B49022005F099
:10D43000A7F9204602E00020024B186002B0BDE8C8
:10D44000F08100BFFC330020F0330020E4330020E3
:10D450004C8302202860020824600208C08A02204F
:10D460004060020858600208F0B583B005460E46D9
:10D470001746324B1B681BB105200BF07BF8F8E711
:10D480000BF0D2F92D4B186000232D4A13602D4A62
:10D49000136017E04FF47A7101200BF039FA10B3E2
:10D4A000274B1B6853BB284B5B6C002B2CD1254AA8
:10D4B000136801331360234B1B68022B2FDC0520FC
:10D4C0000BF058F81F4B1B68022B32DC3B463246F0
:10D4D00029461D4807F0ECF80028DBD0194C2368DA
:10D4E00001332360E7E7194A1949022005F048F99A
:10D4F000FFF782FE114B00221A60D1E70F4B00228A
:10D500001A600F4B186817E00F4B5B6C114A1268DA
:10D510000092114A0E49022005F032F9C7E70024B3
:10D52000064B1C600D4A0A49022005F029F92046E5
:10D5300002E00020014B186003B0F0BDFC33002076
:10D54000F0330020E43300204C83022028600208DE
:10D5500024600208C08A0220406002085860020865
:10D56000F0B583B005460E461746304B1B681BB11D
:10D5700005200AF0FFFFF8E70BF056F92B4B186077
:10D5800000232B4A13602B4A136016E04FF47A7184
:10D5900001200BF0BDF908B3254B1B6833BB264BAC
:10D5A0005B6C4BBB234A136801331360214B1B6830
:10D5B000022B2CDC05200AF0DDFF1E4B1B68022B22
:10D5C0002FDC3B46324629461B4807F025F8002849
:10D5D000DCD0184C236801332360E7E7174A184969
:10D5E000022005F0CDF8FFF707FED5E70F4B00222C
:10D5F0001A600F4B186817E00F4B5B6C114A1268EA
:10D600000092114A0E49022005F0BAF8CAE7002438
:10D61000064B1C600D4A0A49022005F0B1F820466D
:10D6200002E00020014B186003B0F0BDFC33002085
:10D63000F0330020E43300204C83022028600208ED
:10D6400024600208C08A0220406002085860020874
:10D6500010B584B00446324B1B681BB105200AF09C
:10D6600089FFF8E70BF0E0F82D4B186000238DF8E8
:10D670000F3037E04FF47A7101200BF049F968B1AF
:10D68000284B5B6C13F0040F0ED1264B5B6C8BB9EF
:10D69000234B00221A60012004B010BD9DF80F300A
:10D6A00001338DF80F301DE09DF80F3001338DF8F8
:10D6B0000F3017E01B4B5B6C1B4A126800921B4A31
:10D6C0001B49022005F05CF89DF80F3001338DF8FE
:10D6D0000F3007E09DF80F3001338DF80F30002038
:10D6E0000AF048FF9DF80F30022B15D800230DF1EA
:10D6F0000F0221460B4806F08FFF0028BAD00228FF
:10D70000E8D19DF80F300133DBB28DF80F30022BDA
:10D71000E8D9FFF771FDE5E70020014B1860BBE792
:10D72000FC3300204C830220C08A022040600208A3
:10D730002460020808B51848184B0360184B436072
:10D74000102383600123C360002303611822426118
:10D750008361C361036206F0E7FE50B900210E4801
:10D7600007F01FFE58B900210B4807F048FE60B9CA
:10D7700008BD98220B49002005F070F8EEE79E22C4
:10D780000849002005F06AF8EDE7A42205490020C9
:10D7900005F064F8ECE700BF9883022000580040D1
:10D7A000D28C9000E45F02082DE9F04387B0214A53
:10D7B0002149022004F0E4FF002401940294039420
:10D7C000049405941D4806F00EFF1D4D4FF4806132
:10D7D000284606F013FC4FF40061284606F00EFCC4
:10D7E0004FF4806701974FF01109CDF8089003942A
:10D7F0004FF00208CDF8108001A9284606F01AFB68
:10D800004FF400660196CDF808900394CDF810808F
:10D8100001A9284606F00EFB3946284606F0EEFB25
:10D820003146284606F0EAFBFFF784FF07B0BDE863
:10D83000F08300BF78600208246002089883022009
:10D84000000402402DE9F04182B005460E4617461D
:10D8500098462B4B1B681BB105200AF08BFEF8E79E
:10D860000AF0E2FF264B18600023264A1360264A7E
:10D87000136012E04FF47A7101200BF049F800B305
:10D88000204B1B682BBB214B5B6C43BB1E4A1368B0
:10D890000133136005200AF06DFE1B4C2468022C36
:10D8A00028DCCDF804800097022332462946174829
:10D8B00006F0BEFF0028DDD0134B1C6801341C604D
:10D8C000E8E7134A1349022004F05AFFFFF76CFF00
:10D8D000D6E70B4B00221A600A4B18680DE00B4B81
:10D8E0005B6C0D4A126800920C4A0A49022004F04F
:10D8F00047FFCBE70020024B186002B0BDE8F08183
:10D9000000340020F4330020E83300209883022004
:10D910009460020824600208C08A0220AC600208F9
:10D920002DE9F04182B005460E4617469846334B26
:10D930001B681BB105200AF01DFEF8E70AF074FF12
:10D940002E4B186000232E4A13602E4A136017E0F6
:10D950004FF47A7101200AF0DBFF28B3284B1B68D3
:10D9600053BB294B5B6C002B2CD1264A1368013327
:10D970001360244B1B68022B2FDC05200AF0FAFDF4
:10D98000204C2468022C32DCCDF80480009702235E
:10D99000324629461C4806F0D7FE0028D8D0194B3D
:10D9A0001C6801341C60E4E7184A1949022004F09D
:10D9B000E7FEFFF7F9FED1E7104B00221A60104B8B
:10D9C000186817E0104B5B6C124A12680092124AFA
:10D9D0000F49022004F0D4FEC7E70024074B1C6067
:10D9E0000E4A0B49022004F0CBFE204602E0002044
:10D9F000024B186002B0BDE8F08100BF0034002087
:10DA0000F4330020E8330020988302209460020859
:10DA100024600208C08A0220AC600208C4600208C8
:10DA2000F0B583B005460E461746304B1B681BB158
:10DA300005200AF09FFDF8E70AF0F6FE2B4B186070
:10DA400000232B4A13602B4A136016E04FF47A71BF
:10DA500001200AF05DFF08B3254B1B6833BB264B42
:10DA60005B6C4BBB234A136801331360214B1B686B
:10DA7000022B2CDC05200AF07DFD1E4B1B68022BBF
:10DA80002FDC3B46324629461B4806F011FE002893
:10DA9000DCD0184C236801332360E7E7174A1849A4
:10DAA000022004F06DFEFFF77FFED5E70F4B00224A
:10DAB0001A600F4B186817E00F4B5B6C114A126825
:10DAC0000092114A0E49022004F05AFECAE70024CF
:10DAD000064B1C600D4A0A49022004F051FE204604
:10DAE00002E00020014B186003B0F0BD00340020BC
:10DAF000F4330020E8330020988302209460020869
:10DB000024600208C08A0220AC600208C4600208D7
:10DB1000F0B583B005460E461746304B1B681BB167
:10DB200005200AF027FDF8E70AF07EFE2B4B18606F
:10DB300000232B4A13602B4A136016E04FF47A71CE
:10DB400001200AF0E5FE08B3254B1B6833BB264BCA
:10DB50005B6C4BBB234A136801331360214B1B687A
:10DB6000022B2CDC05200AF005FD1E4B1B68022B46
:10DB70002FDC3B46324629461B4806F04DFD002867
:10DB8000DCD0184C236801332360E7E7174A1849B3
:10DB9000022004F0F5FDFFF707FED5E70F4B00224A
:10DBA0001A600F4B186817E00F4B5B6C114A126834
:10DBB0000092114A0E49022004F0E2FDCAE7002457
:10DBC000064B1C600D4A0A49022004F0D9FD20468C
:10DBD00002E00020014B186003B0F0BD00340020CB
:10DBE000F4330020E8330020988302209460020878
:10DBF00024600208C08A0220AC600208C4600208E7
:10DC000010B584B00446324B1B681BB105200AF0E6
:10DC1000B1FCF8E70AF008FE2D4B186000238DF8E0
:10DC20000F3037E04FF47A7101200AF071FE68B1CD
:10DC3000284B5B6C13F0040F0ED1264B5B6C8BB939
:10DC4000234B00221A60012004B010BD9DF80F3054
:10DC500001338DF80F301DE09DF80F3001338DF842
:10DC60000F3017E01B4B5B6C1B4A126800921B4A7B
:10DC70001B49022004F084FD9DF80F3001338DF81C
:10DC80000F3007E09DF80F3001338DF80F30002082
:10DC90000AF070FC9DF80F30022B15D800230DF10F
:10DCA0000F0221460B4806F0B7FC0028BAD0022824
:10DCB000E8D19DF80F300133DBB28DF80F30022B25
:10DCC000E8D9FFF771FDE5E70020014B1860BBE7DD
:10DCD0000034002098830220C08A0220AC60020831
:10DCE0002460020808B51748174B0360174B4360C0
:10DCF000002383600122C260036143618361C361C9
:10DD0000036206F011FC50B900210E4807F049FBF0
:10DD100058B900210B4807F072FB60B908BDB62264
:10DD20000B49002004F09AFDEEE7BC2208490020D0
:10DD300004F094FDEDE7C2220549002004F08EFDB9
:10DD4000ECE700BF00830220005C0040D28C900012
:10DD5000E45F02082DE9F04786B0224A22490220FA
:10DD600004F00EFD0024019402940394049405949D
:10DD70001E4806F038FC1E4E4FF48071304606F007
:10DD80003DF91C4D4FF40071284606F037F94FF469
:10DD90008078CDF804804FF0110ACDF808A00394E4
:10DDA0004FF00209CDF8109001A9304606F042F874
:10DDB0004FF400770197CDF808A00394CDF81090A8
:10DDC00001A9284606F036F84146304606F016F915
:10DDD0003946284606F012F9FFF784FF06B0BDE881
:10DDE000F08700BFE460020824600208008302207C
:10DDF00000000240000802402DE9F04182B00546D3
:10DE00000E46174698462B4B1B681BB105200AF09F
:10DE1000B1FBF8E70AF008FD264B18600023264AFC
:10DE20001360264A136012E04FF47A7101200AF061
:10DE30006FFD00B3204B1B682BBB214B5B6C43BBBE
:10DE40001E4A13680133136005200AF093FB1B4C34
:10DE50002468022C28DCCDF8048000970223324687
:10DE60002946174806F0E4FC0028DDD0134B1C6857
:10DE700001341C60E8E7134A1349022004F080FCD7
:10DE8000FFF768FFD6E70B4B00221A600A4B1868B1
:10DE90000DE00B4B5B6C0D4A126800920C4A0A496C
:10DEA000022004F06DFCCBE70020024B186002B0AA
:10DEB000BDE8F08104340020F8330020EC3300206A
:10DEC000008302200061020824600208C08A022048
:10DED000186102082DE9F04182B005460E4617464A
:10DEE00098462B4B1B681BB105200AF043FBF8E753
:10DEF0000AF09AFC264B18600023264A1360264A33
:10DF0000136012E04FF47A7101200AF001FD00B3B2
:10DF1000204B1B682BBB214B5B6C43BB1E4A136819
:10DF20000133136005200AF025FB1B4C2468022CEA
:10DF300028DCCDF804800097022332462946174892
:10DF400006F002FC0028DDD0134B1C6801341C6075
:10DF5000E8E7134A1349022004F012FCFFF7FAFE27
:10DF6000D6E70B4B00221A600A4B18680DE00B4BEA
:10DF70005B6C0D4A126800920C4A0A49022004F0B8
:10DF8000FFFBCBE70020024B186002B0BDE8F08138
:10DF900004340020F8330020EC33002000830220FA
:10DFA0000061020824600208C08A02201861020889
:10DFB000F0B583B005460E461746304B1B681BB1C3
:10DFC00005200AF0D7FAF8E70AF02EFC2B4B186070
:10DFD00000232B4A13602B4A136016E04FF47A712A
:10DFE00001200AF095FC08B3254B1B6833BB264B78
:10DFF0005B6C4BBB234A136801331360214B1B68D6
:10E00000022B2CDC05200AF0B5FA1E4B1B68022BF4
:10E010002FDC3B46324629461B4806F049FB0028C8
:10E02000DCD0184C236801332360E7E7174A18490E
:10E03000022004F0A5FBFFF78DFED5E70F4B002271
:10E040001A600F4B186817E00F4B5B6C114A12688F
:10E050000092114A0E49022004F092FBCAE7002404
:10E06000064B1C600D4A0A49022004F089FB204639
:10E0700002E00020014B186003B0F0BD0434002022
:10E08000F8330020EC3300200083022000610208F6
:10E0900024600208C08A0220186102083061020868
:10E0A000F0B583B005460E461746304B1B681BB1D2
:10E0B00005200AF05FFAF8E70AF0B6FB2B4B186070
:10E0C00000232B4A13602B4A136016E04FF47A7139
:10E0D00001200AF01DFC08B3254B1B6833BB264BFF
:10E0E0005B6C4BBB234A136801331360214B1B68E5
:10E0F000022B2CDC05200AF03DFA1E4B1B68022B7C
:10E100002FDC3B46324629461B4806F085FA00289C
:10E11000DCD0184C236801332360E7E7174A18491D
:10E12000022004F02DFBFFF715FED5E70F4B002270
:10E130001A600F4B186817E00F4B5B6C114A12689E
:10E140000092114A0E49022004F01AFBCAE700248B
:10E15000064B1C600D4A0A49022004F011FB2046C0
:10E1600002E00020014B186003B0F0BD0434002031
:10E17000F8330020EC330020008302200061020805
:10E1800024600208C08A0220186102083061020877
:10E1900010B584B00446354B1B681BB105200AF04E
:10E1A000E9F9F8E70AF040FB304B186000238DF8DE
:10E1B0000F303FE04FF47A7101200AF0A9FB68B1FB
:10E1C0002B4B5B6C13F0040F0ED1294B5B6C8BB99E
:10E1D000264B00221A60012004B010BD9DF80F30BC
:10E1E00001338DF80F3025E09DF80F3001338DF8A5
:10E1F0000F301FE01E4B5B6C1E4A126800921E4AD5
:10E200001E49022004F0BCFA9DF80F3001338DF84E
:10E210000F300FE09DF80F300133DBB28DF80F3077
:10E22000022B07D9FFF796FD04E0FFF793FD0020CE
:10E230000AF0A0F99DF80F30022B13D800230DF13E
:10E240000F0221460A4806F0E7F90028B2D002285A
:10E25000E0D09DF80F300133DBB28DF80F30022B88
:10E26000E5D9E2E70020014B1860B5E7043400204F
:10E2700000830220C08A022018610208246002087C
:10E2800010B50A4A136C23F400131364084C802160
:10E29000204605F0B3FE4021204605F0AFFE1F20CA
:10E2A00005F0A0FA202005F09DFA10BD00380240CC
:10E2B0000004024010B50B4A136C23F4800313646E
:10E2C000094C4FF40061204605F098FE4FF4806140
:10E2D000204605F093FE212005F084FA222005F067
:10E2E00081FA10BD003802400004024008B50B4A14
:10E2F000136C23F4000313644FF40071084805F015
:10E300007DFE4FF48071074805F078FE482005F047
:10E3100069FA492005F066FA08BD00BF00380240DE
:10E32000000802400000024008B5FEF72DFFFFF78D
:10E3300001FAFFF7D7FC08BD10B50B46EFF31184C7
:10E340004FF0500172B681F31188BFF36F8FBFF3A6
:10E350004F8F62B6026827498A4208D026498A420E
:10E360001BD026498A422ED084F3118810BD244A3E
:10E3700012683AB1234A1360214B186800210AF051
:10E3800079FCF1E74FF0500372B683F31188BFF3C5
:10E390006F8FBFF34F8F62B6FEE71B4A12683AB128
:10E3A0001A4A1360184B186800210AF063FCDBE777
:10E3B0004FF0500372B683F31188BFF36F8FBFF332
:10E3C0004F8F62B6FEE7124A12683AB1114A1360E3
:10E3D0000F4B186800210AF04DFCC5E74FF05003C1
:10E3E00072B683F31188BFF36F8FBFF34F8F62B69E
:10E3F000FEE700BF0054004000580040005C0040B1
:10E40000FC330020F033002000340020F4330020DF
:10E4100004340020F833002008B5416CB1FA81F1D2
:10E420004909FFF789FF08BD08B5416CB1FA81F1D0
:10E430004909FFF781FF08BD08B5416CB1FA81F1C8
:10E440004909FFF779FF08BD08B5416CB1FA81F1C0
:10E450004909FFF771FF08BD08B5416CB1FA81F1B8
:10E460004909FFF769FF08BD08B5416CB1FA81F1B0
:10E470004909FFF761FF08BD2DE9F0478CB004465C
:10E4800000230793089309930A930B930268714B37
:10E490009A420AD02368704A93424CD06F4A934202
:10E4A00000F08E800CB0BDE8F0876D4D2B6B43F013
:10E4B00002032B632B6B03F002030093009B80236A
:10E4C00007934FF0120ACDF820A04FF00109CDF8C4
:10E4D00024904FF00308CDF8288004270B97614E55
:10E4E00007A9304605F0A6FC40230793CDF820A0ED
:10E4F000CDF82490CDF828800B9707A9304605F079
:10E5000099FC2B6C43F400132B642B6C03F4001365
:10E510000193019B002205211F2005F023F91F20F4
:10E5200005F052F900220521202005F01BF92020DA
:10E5300005F04AF9AEE74A4C236B43F0020323632C
:10E54000236B03F002030293029B4FF400630793D3
:10E550004FF01209CDF820904FF00108CDF824803B
:10E5600003270A9704260B963E4D07A9284605F077
:10E5700061FC4FF480630793CDF82090CDF82480A0
:10E580000A970B9607A9284605F054FC236C43F420
:10E5900080032364236C03F480030393039B002212
:10E5A0000521212005F0DEF8212005F00DF90022DB
:10E5B0000521222005F0D6F8222005F005F971E7A3
:10E5C000274C236B43F004032363236B03F0040302
:10E5D0000493049B236B43F001032363236B03F039
:10E5E00001030593059B4FF4007307934FF0120846
:10E5F000CDF820800127099703260A9604250B955C
:10E6000007A9194805F016FC4FF480730793CDF85D
:10E61000208009970A960B9507A9144805F00AFC73
:10E62000236C43F400032364236C03F40003069378
:10E63000069B00220521482005F094F8482005F0AB
:10E64000C3F800220521492005F08CF8492005F087
:10E65000BBF827E70054004000580040005C004031
:10E66000003802400004024000080240000002405E
:10E6700008B50948094B03600323436040F6FF7364
:10E68000C360836006F0E7FE00B908BD1A220449A2
:10E69000002004F0E3F8F8E7E483022000300040B3
:10E6A0008061020808B5024806F001FF08BD00BFFE
:10E6B000E483022008B500220221322005F052F83E
:10E6C000322005F081F8002202211E2005F04AF8D0
:10E6D0001E2005F079F808BD08B50D480D4B036004
:10E6E000002343607F228260FF22C2600361436196
:10E6F000836107F01FFD20B90121054807F068FD7F
:10E7000008BD1D220449002004F0A8F8F4E700BF6A
:10E71000F483022000280040A46102080268054B2F
:10E720009A4200D07047044A136F43F400431367C2
:10E73000F8E700BF0028004000380240024B18688C
:10E74000003818BF0120704708340020F8B505468E
:10E750000E461746174B1B68174C1C44174B1B687B
:10E7600063B1002009F006FF124B1B68A342F5D9E4
:10E770006B221349002004F071F8EFE70AF054F817
:10E780000E4A10603B46324629460E4807F030FFDD
:10E7900050B14FF0500372B683F31188BFF36F8FFF
:10E7A000BFF34F8F62B6FEE74FF0FF3101200AF052
:10E7B000AFF8F8BDC08A022040420F0008340020A4
:10E7C000C86102089C85022070B505460E46174BAD
:10E7D0001B68174C1C44174B1B6863B1002009F0E1
:10E7E000C9FE124B1B68A342F5D95E2212490020D4
:10E7F00004F034F8EFE70AF017F80E4A10603246DA
:10E8000029460E4808F000F850B14FF0500372B698
:10E8100083F31188BFF36F8FBFF34F8F62B6FEE7AC
:10E820004FF0FF3101200AF073F870BDC08A02205A
:10E8300040420F0008340020C86102089C85022075
:10E8400070B505460E46174B1B68174C1C44174BFA
:10E850001B6863B1002009F08DFE124B1B68A342B8
:10E86000F5D951221249002003F0F8FFEFE709F033
:10E87000DBFF0E4A1060324629460E4807F01EFEA6
:10E8800050B14FF0500372B683F31188BFF36F8F0E
:10E89000BFF34F8F62B6FEE74FF0FF3101200AF061
:10E8A00037F870BDC08A022040420F0008340020B3
:10E8B000C86102089C85022038B5EFF311854FF03E
:10E8C000500272B682F31188BFF36F8FBFF34F8F80
:10E8D00062B60368264A934208D0264A93421BD068
:10E8E000254A93422ED085F3118838BD234B1B68EF
:10E8F0003BB1224C206800210AF0BCF900232360C0
:10E90000F1E74FF0500372B683F31188BFF36F8FB6
:10E91000BFF34F8F62B6FEE7194B1B683BB1184C33
:10E92000206800210AF0A6F900232360DBE74FF0FE
:10E93000500372B683F31188BFF36F8FBFF34F8F0D
:10E9400062B6FEE70F4B1B683BB10E4C20680021FE
:10E950000AF090F900232360C5E74FF0500372B628
:10E9600083F31188BFF36F8FBFF34F8F62B6FEE75B
:10E970000030014000380040003C004008340020D6
:10E980000C3400201034002008B5FFF795FF08BDB7
:10E9900008B5FFF791FF08BD08B5FFF78DFF08BD6B
:10E9A00008B51448144B03604FF48273436000238E
:10E9B00083604FF4E062C260036143614FF4007210
:10E9C0008261C3610362436283620722C26203639E
:10E9D000436307F015FD28B901220421074805F01B
:10E9E000AEFB08BD40F209120549002003F036FFD6
:10E9F000F2E700BF9C850220003001400004024085
:10EA0000C861020808B51448144B03604FF48273C0
:10EA10004360002383604FF4E062C260036143619E
:10EA20004FF400728261C361036243628362072212
:10EA3000C2620363436307F0E3FC28B9012280212B
:10EA4000074805F07CFB08BD40F221120549002073
:10EA500003F004FFF2E700BF1484022000380040F6
:10EA600000080240C861020808B51148114B036054
:10EA70004FF482734360002383604FF4E062C2600E
:10EA8000036143614FF400728261C36103624362B8
:10EA900083620722C2620363436307F0B1FC00B9DB
:10EAA00008BD40F239120449002003F0D7FEF7E711
:10EAB000D8840220003C0040C861020808B5FFF776
:10EAC0006FFFFFF79FFFFFF7CFFF08BD2DE9F0476E
:10EAD0008CB0044600230793089309930A930B9381
:10EAE0000368914A93420AD0904A934200F0928080
:10EAF0008F4A934200F036810CB0BDE8F0878D4B11
:10EB00005A6C42F480525A645A6C02F48052009259
:10EB1000009A1A6B42F001021A631B6B03F00103A7
:10EB20000193019B202307934FF00209CDF8209019
:10EB3000002509954FF00308CDF8288005270B978D
:10EB40007D4E07A9304605F075F940230793CDF8AF
:10EB500020900995CDF828800B9707A9304605F03D
:10EB600069F980230793CDF820900995CDF8288086
:10EB70000B9707A9304605F05DF97048704B0360AC
:10EB80004FF0C06343608560C5604FF480630361EC
:10EB900045618561C5610562456204F0C5FE58BBEB
:10EBA000664BA3659C6300220521382004F0DAFD42
:10EBB000382004F009FE6348634B03604FF0C063E4
:10EBC0004360402383600023C3604FF4806202618E
:10EBD00043618361C3610362436204F0A5FE90B99F
:10EBE000584B63659C63002205213B2004F0BAFD6D
:10EBF0003B2004F0E9FD7FE740F26D1253492846BF
:10EC000003F02CFECCE740F283125049002003F0C1
:10EC100025FEE5E7474B1A6C42F480421A641A6CF1
:10EC200002F480420292029A1A6B42F002021A63C4
:10EC30001B6B03F002030393039B4FF400530793F2
:10EC40004FF00209CDF82090002509954FF00308F8
:10EC5000CDF8288005270B973D4E07A9304605F0D3
:10EC6000E9F84FF480430793CDF820900995CDF84B
:10EC700028800B9707A9304605F0DCF84FF40043D5
:10EC80000793CDF820900995CDF828800B9707A918
:10EC9000304605F0CFF82F482F4B03604560856064
:10ECA000C5604FF48063036145618561C56105629C
:10ECB000456204F039FE48BB264BA3659C630022E5
:10ECC00005210E2004F04EFD0E2004F07DFD2348AA
:10ECD000234B03600023436040228260C3604FF4F3
:10ECE0008062026143618361C3610362436204F035
:10ECF0001BFE90B9194B63659C63002205210F2010
:10ED000004F030FD0F2004F05FFDF5E640F2B9128B
:10ED10000E49284603F0A2FDCEE740F2CF120B4980
:10ED2000002003F09BFDE5E7003001400038004083
:10ED3000003C0040003802400000024000860220F3
:10ED400010640240C086022058640240C861020874
:10ED5000000402407884022058600240608602204D
:10ED600070600240464B1A6C42F400421A641A6CFE
:10ED700002F400420492049A1A6B42F004021A63ED
:10ED80001A6B02F004020592059A1A6B42F0020215
:10ED90001A631B6B03F002030693069B4FF4806912
:10EDA000CDF81C904FF00208CDF820800025099581
:10EDB00003270A9706260B9607A9324805F03AF86A
:10EDC00010230793CDF8208009950A970B96DFF85A
:10EDD000CCA007A9504605F02DF820230793CDF8C5
:10EDE000208009950A970B9607A9504605F022F84E
:10EDF0002548264B036045608560C560C0F81090CB
:10EE000045618561C5610562456204F08DFD48BBC1
:10EE10001D4BA3659C63002205210B2004F0A2FC7E
:10EE20000B2004F0D1FC1A481A4B03600023436006
:10EE300040228260C3604FF480620261436183615B
:10EE4000C3610362436204F06FFD90B9104B6365C8
:10EE50009C63002205212F2004F084FC2F2004F065
:10EE6000B3FC49E640F209220B49284603F0F6FCC0
:10EE7000CEE740F21F220849002003F0EFFCE5E74F
:10EE80000038024000080240208702201060024043
:10EE90003C850220B8600240C861020800040240BC
:10EEA00010B5B4B03022002128A810F033FA0024A5
:10EEB000239424942594269427948022214603A801
:10EEC00010F028FA06F0FAFA334B1A6F22F0180203
:10EED0001A671A6C42F080521A641B6C03F080535C
:10EEE0000193019B2D4A136823F4404343F480436C
:10EEF0001360136803F440430293029B0623289394
:10EF000001232A932B9310232C9302232E932F94C7
:10EF100008223092902231923293339328A806F03F
:10EF200013FB08BB06F0D2FA20BB0F232393022366
:10EF30002493002325934FF4A05326932793042171
:10EF400023A806F06BFDD8B9154B03934FF48073DB
:10EF50000D93002313931A931B931C9303A806F09D
:10EF600057FE98B934B010BD4D220E49204603F02B
:10EF700075FCD7E753220B49002003F06FFCD4E760
:10EF800060220849002003F069FCDDE76C22054996
:10EF9000002003F063FCE5E7003802400070004009
:10EFA000A0C00100EC61020808B506F0F3FD4300C3
:10EFB0000B48A0FB03235B0B013B0A480A4A026093
:10EFC00043600023836042F20F72C260036107F066
:10EFD000FFFE00B108BD034807F08CFDFAE700BF53
:10EFE0005917B7D1808702200008004008B506F005
:10EFF000D1FD43000B48A0FB03231B0D013B0A4836
:10F000000A4A026043600023836040F28F12C260AC
:10F01000036107F0DDFE00B108BD034807F06AFD9B
:10F02000FAE700BF83DE1B43C0870220000C0040CC
:10F0300008B5FFF7B9FFFFF7D9FF08BD82B0036835
:10F040000E4A934204D00E4A93420CD002B070474D
:10F050000C4B1A6C42F004021A641B6C03F004039C
:10F060000093009BF2E7074B1A6C42F008021A6407
:10F070001B6C03F008030193019BE7E700080040C5
:10F08000000C00400038024038B504460D46104BD5
:10F090001B6813B1002009F06DFA09F0C5FB0C4A9A
:10F0A0001060AAB221460B4807F0E2FE50B14FF0C3
:10F0B000500372B683F31188BFF36F8FBFF34F8F86
:10F0C00062B6FEE74FF0FF31012009F021FC38BDA8
:10F0D000183400208089022038B504460D4602E02D
:10F0E000002009F047FA0F4B1B68002BF8D109F0FC
:10F0F0009BFB0C4A1060AAB221460B4807F00CFF9C
:10F1000050B14FF0500372B683F31188BFF36F8F85
:10F11000BFF34F8F62B6FEE74FF0FF31012009F0D9
:10F12000F7FB38BD143400208089022038B504462E
:10F130000D4609F079FB0A4A1060AAB22146094837
:10F1400007F0EAFE50B14FF0500372B683F3118816
:10F15000BFF36F8FBFF34F8F62B6FEE738BD00BFBE
:10F16000143400208089022008B5034B00221A6065
:10F17000024807F029FF08BD1434002080890220CE
:10F1800008B50D480D4B03604FF4E1334360002395
:10F190008360C36003610C2242618361C3610362C7
:10F1A000436208F090FB00B908BD842204490020A6
:10F1B00003F054FBF8E700BF8089022000100140F3
:10F1C0001862020808B5FFF7DBFF08BD08B5034861
:10F1D00007F032FEFFF7D4FF08BD00BF8089022090
:10F1E00002684E4B9A420AD04FF0500372B683F336
:10F1F0001188BFF36F8FBFF34F8F62B6FEE72DE923
:10F20000F04788B00546464B5A6C42F010025A64EB
:10F210005A6C02F010020192019A1A6B42F001023C
:10F220001A631B6B03F001030293029B4FF40073FC
:10F2300003934FF0020ACDF810A0002405944FF07C
:10F240000309CDF818904FF00708CDF81C80354F12
:10F2500003A9384604F0EEFD4FF480660396CDF81E
:10F2600010A00594CDF81890CDF81C8003A938465D
:10F2700004F0E0FD2C482D4B03604FF00063436029
:10F2800040238360C460066144618461C461046298
:10F29000446204F049FB002834D1234BAB669D63E4
:10F2A00000220521462004F05DFA462004F08CFA85
:10F2B0001F48204B03604FF00063436000238360CE
:10F2C000C3604FF48062026143618361C361036282
:10F2D000436204F029FBD8B9154BEB669D6300220D
:10F2E00005213A2004F03EFA3A2004F06DFA00229B
:10F2F0000521252004F036FA252004F065FA08B02F
:10F30000BDE8F087B0220C49204603F0A7FAC4E715
:10F31000C5220949002003F0A1FADDE700100140F1
:10F32000003802400000024060880220B8640240B9
:10F33000C0880220406402401862020838B50268A2
:10F34000174B9A420AD04FF0500372B683F31188DC
:10F35000BFF36F8FBFF34F8F62B6FEE70446114ACB
:10F36000536C23F0100353640F4D4FF40071284683
:10F3700004F044FE4FF48061284604F03FFEA06E86
:10F3800004F038FBE06E04F035FB252004F02AFA87
:10F39000462004F027FA3A2004F024FA38BD00BFD2
:10F3A0000010014000380240000002400268124B89
:10F3B0009A420AD04FF0500372B683F31188BFF31C
:10F3C0006F8FBFF34F8F62B6FEE70C4B1B6843B1E4
:10F3D00010B50A4C2068002109F04CFC0023236082
:10F3E00010BD4FF0500372B683F31188BFF36F8FD7
:10F3F000BFF34F8F62B6FEE70010014018340020C3
:10F400000268124B9A420AD04FF0500372B683F34F
:10F410001188BFF36F8FBFF34F8F62B6FEE70C4BBF
:10F420001B6843B110B50A4C2068002109F022FC8A
:10F430000023236010BD4FF0500372B683F3118890
:10F44000BFF36F8FBFF34F8F62B6FEE7001001402E
:10F4500014340020704770477047704710B5EFF3C1
:10F4600011844FF0500372B683F31188BFF36F8F8E
:10F47000BFF34F8F62B60368074A934205D0074A2D
:10F48000934205D084F3118810BDFFF78FFFF9E791
:10F49000FFF7E2FFF6E700BF001001400044004024
:10F4A00010B5EFF311844FF0500372B683F3118857
:10F4B000BFF36F8FBFF34F8F62B603680B4A93425F
:10F4C00005D00B4A934209D084F3118810BDC36E56
:10F4D000DB69002BF8D1FFF793FFF5E7C36EDB691B
:10F4E000002BF1D1FFF7B9FFEEE700BF001001409C
:10F4F0000044004008B50368064A934203D0064A18
:10F50000934203D008BDFFF76BFEFBE7FFF7A2FFB6
:10F51000F8E700BF001001400044004008B5036850
:10F52000064A934203D0064A934203D008BDFFF730
:10F5300005FFFBE7FFF78FFFF8E700BF0010014072
:10F5400000440040F0B583B0054600F1C006012735
:10F55000009711231C2200F17001304600F0E8FBF7
:10F5600000EA0704009712231C2205F18C013046A3
:10F5700000F0DEFB044000971323082205F1A801E8
:10F58000304600F0D5FB044000971423022205F119
:10F59000BC01304600F0CCFB204003B0F0BD0000C1
:10F5A0002DE9F047A0B004460025ADF87C508DF859
:10F5B0007E50B64AB649052003F0E2F804F1C006D1
:10F5C000012300932B4603221FA9304600F0B0FB15
:10F5D000012840F07D819DF87D30002B40F0FB80BC
:10F5E000AB4DAC4A2946032003F0CAF8AA4A294683
:10F5F000032003F0C5F8A94A2946052003F0C0F806
:10F6000002230093012340220FA9304600F090FB13
:10F61000012801D1002506E08322A149002003F042
:10F620001DF9F7E701350E2D19DC20AB2B4413F83B
:10F63000440C0FF08FFA20B9202220AB2B4403F8A2
:10F64000442C20AB2B4413F8350C0FF083FA002820
:10F65000E8D1202220AB2B4403F8352CE2E700252B
:10F6600000E00135012D19DC20AB2B4413F8080C08
:10F670000FF070FA20B9202220AB2B4403F8082C9D
:10F6800020AB2B4413F8060C0FF064FA0028E8D1E5
:10F69000202220AB2B4403F8062CE2E7DDF84B10C8
:10F6A000DDF84F20DDF8533021606260A360BDF8C3
:10F6B00057209DF85930A281A373DDF85A30236199
:10F6C000DDF8693063610FAB07CBA061E1612262B5
:10F6D0001A889B78A28484F82630BDF87830238578
:10F6E0000B2384F82A30022384F82B306D4A6849B2
:10F6F000052003F045F8012300930323202207A9E6
:10F70000304600F015FB012853D1079B2364089B6A
:10F710006364099BA3640A9BE3640D982065BDF8AC
:10F720003830A4F854309DF83B3084F856305E4AA7
:10F730005749052003F024F80123009304232022D5
:10F7400007A9304600F0F4FA012838D1079BA365D9
:10F75000089BE365099B23660A9B63660D98A06678
:10F76000BDF83830A4F86C309DF83B3084F86E302A
:10F770004E4A4749052003F003F80123009308236C
:10F78000042206A9304600F0D3FA01281DD1A26B4D
:10F79000069B1344E3639DF87E30002B6CD1444AF2
:10F7A0003B49022002F0ECFFD4F8DC3001209847FE
:10F7B000DEE0A3223A49002003F050F8A5E7AA2290
:10F7C0003749002003F04AF8C0E7B322344900204B
:10F7D00003F044F8DBE72E4D364A2946022002F0BA
:10F7E000CFFF354A2946022002F0CAFF334B1A46A2
:10F7F00052F80F5F5068916825606060A160918940
:10F80000927BA181A27340F2D2422261626107CB56
:10F81000A061E16122621A889B78A28484F8263074
:10F8200043F2300323850B2384F82A30022384F823
:10F830002B30234B1A6822645A6862649A68A26467
:10F84000DB68E3641F4B186820659A88A4F854208D
:10F85000002184F856101C4A1068A0655068E065C5
:10F8600090682066D26862669868A0669B89A4F852
:10F870006C3084F86E108EE7144A0549022002F0BD
:10F880007FFFD4F8DC300120984771E068620208FD
:10F890008062020888620208A4620208C06202084C
:10F8A000D8620208FC62020820630208446302086E
:10F8B000A0630208606302088C6302089465020872
:10F8C000D4650208BC040208F4650208D06302088B
:10F8D0009E4D9F4A2946022002F052FF9D4A29462A
:10F8E000022002F04DFF9C4B1A4652F80F5F506801
:10F8F000916825606060A1609189927BA181A2736B
:10F9000040F2D2422261626107CBA061E1612262D2
:10F910001A889B78A28484F8263043F2300323852A
:10F920000B2384F82A30022384F82B308B4B1A687F
:10F9300022645A6862649A68A264DB68E364884B54
:10F94000186820659A88A4F85420002184F856107D
:10F95000844A1068A0655068E06590682066D268A7
:10F9600062669868A0669B89A4F86C3084F86E1073
:10F970002046FFF7E7FD754D04F118037A4A294642
:10F98000032002F0FDFE2346784A2946032002F0B8
:10F99000F7FE2369764A2946032002F0F1FE6369E7
:10F9A000744A2946032002F0EBFE04F12803724A50
:10F9B0002946032002F0E4FE704A2946032002F0A3
:10F9C000DFFE216C0A0202F47F0242EA01620B0AA6
:10F9D00003F47F431343DFF8B4A143EA11635246B3
:10F9E0002946032002F0CCFE616C0A0202F47F0279
:10F9F00042EA01620B0A03F47F431343DFF890915C
:10FA000043EA11634A462946032002F0B9FEA16C7D
:10FA10000A0202F47F0242EA01620B0A03F47F4306
:10FA20001343DFF8708143EA1163424629460320FD
:10FA300002F0A6FEE16C0A0202F47F0242EA0162D1
:10FA40000B0A03F47F4313434D4F43EA11633A46D5
:10FA50002946032002F094FE94F8513094F8522085
:10FA600094F8531094F8540094F855C0454ECDF8CE
:10FA700010C0039002910192009394F850303246E6
:10FA80002946032002F07CFE3F4A2946032002F06B
:10FA900077FEA16D0A0202F47F0242EA01620B0ABC
:10FAA00003F47F43134343EA11635246294603207C
:10FAB00002F066FEE16D0A0202F47F0242EA016290
:10FAC0000B0A03F47F43134343EA11634A46294672
:10FAD000032002F055FE216E0A0202F47F0242EA80
:10FAE00001620B0A03F47F43134343EA1163424666
:10FAF0002946032002F044FE616E0A0202F47F02EE
:10FB000042EA01620B0A03F47F43134343EA1163A1
:10FB10003A462946032002F033FE94F8693094F8FF
:10FB20006A2094F86B1094F86C0094F86D70049748
:10FB3000039002910192009394F86830324629466E
:10FB4000032002F01DFE20B0BDE8F08780620208AD
:10FB5000FC6302088C63020894650208D4650208FD
:10FB6000BC040208F4650208346402085464020804
:10FB70007064020888640208A8640208C464020869
:10FB8000346502084C6502086C650208EC640208E2
:10FB9000046502081C65020810B5044683681B6AE8
:10FBA00080899847012808D023796FF34103237196
:10FBB000236901332361002010BD237943F0020340
:10FBC0002371F9E710B5044683685B6A808998471A
:10FBD00028B1237943F002032371012010BD23795A
:10FBE0006FF3410323712369013323610020F5E79B
:10FBF00010B5044683689B6A8089984728B12379A9
:10FC000043F002032371012010BD23796FF34103F8
:10FC100023712369013323610020F5E730B583B0F8
:10FC2000044601911546C1F30741994207D80122C4
:10FC300001A92046FFF7C6FF38B903B030BD17222F
:10FC40000F49002002F00AFEF1E70520F9F71BF941
:10FC50009DF805304BB99DF8062029462046FFF750
:10FC6000C7FF0028E9D00120E7E79DF806202946D4
:10FC70002046FFF7A7FF0028DFD00120DDE700BF07
:10FC80001466020838B504468068C56AA089A8478A
:10FC900028B1237943F002032371012038BD237971
:10FCA0006FF3410323712369013323610020F5E7DA
:10FCB00038B504468068056BA089A84728B1237928
:10FCC00043F002032371012038BD23796FF3410310
:10FCD00023712369013323610020F5E7F8B5044659
:10FCE0000D4617461E46028BCB189A420FDBE3697E
:10FCF0009BB10120984733463A4629462046FFF7F4
:10FD0000C1FF0546E369002098472846F8BD5D22FB
:10FD10000649002002F0A2FDE9E733463A462946AB
:10FD20002046FFF7AFFF0546EFE700BF1466020865
:10FD30002DE9F04184B00746884615461C46BDF8BB
:10FD40002860038BA219B3EB421F1ADB7601AE4287
:10FD5000A8BF2E46B6B2BB681B78BA89029661016D
:10FD6000019100920A4A0B49052002F009FD640145
:10FD7000A1B2334642463846FFF79AFF04B0BDE8C9
:10FD8000F0816A220449002002F068FDDEE700BF2E
:10FD90003C6602086866020814660208F0B585B081
:10FDA00005460F4616461C46028BBDF828302344F4
:10FDB000B2EB431F14DBAB681B78AA890296610182
:10FDC00001910092094A0A49052002F0D9FC640118
:10FDD000A1B233463A462846FFF780FF05B0F0BD92
:10FDE00075220449002002F039FDE4E77466020838
:10FDF000686602081466020830B591B005464022D4
:10FE000068460FF087FA0024AB8869885B1AA34222
:10FE100008DD214440236A4689B2E868FFF75EFFA7
:10FE20002034F1E711B030BD10B582B00C46838F9D
:10FE3000934217D99B1A5A1E018892FBF1F301FBDA
:10FE400013239BB24188DB009BB2194408236A4606
:10FE500089B2C068FFF72CFF6B4603CB206061605E
:10FE600002B010BDC2F13F021A44018892FBF1F3C7
:10FE700001FB13239BB2E5E770B582B004460D4643
:10FE800016468A4232D90023ADF80630E38F01339B
:10FE9000E3876188EB009BB2194402230DF106024F
:10FEA00089B2E068FFF704FF0135731CAB4227DB22
:10FEB0000023ADF80430E38F0133E387618801EB61
:10FEC000C501022301AA89B2E068FFF7F1FEBDF87F
:10FED00006102388B1FBF3F0BDF80420B2FBF3F366
:10FEE000984209D1ADF806200135DEE784220F499A
:10FEF000002002F0B3FCC6E7013188B202B070BD49
:10FF0000BDF806004FF6FF73984206D09A220749C3
:10FF1000002002F0A3FC0020F0E7431C228893FBA2
:10FF2000F2F002FB103080B2E8E700BFA0660208E2
:10FF30002DE9F04182B00446884615468A4211D820
:10FF40006A222C49002002F089FC0BE02A46414637
:10FF50002046FFF791FF02B0BDE8F081013622E0B4
:10FF6000C5F34F05A5EB0803E2889342EEDD0023BD
:10FF7000ADF80230ADF80430ADF80630E38F03334E
:10FF8000E38761884FEAC8039BB2194402230DEB53
:10FF9000030289B2E068FFF78BFEE068618805EB39
:10FFA00008077E1CDAD4C6F34F0601EBC601022314
:10FFB00001AA89B2FFF77CFE6188EB009BB219446D
:10FFC00002230DF1060289B2E068FFF771FE218875
:10FFD000BDF80220B2FBF1F2BDF80430B3FBF1F33F
:10FFE0009A4204D03D46002FBADA7D1CB8E7B046ED
:10FFF000B8E700BFA066020810B50446C38F0233FD
:020000040801F1
:10000000C3870288013A92B20021FFF791FF60870F
:100010002288B0FBF2F302FB1300A08710BD0000A2
:1000200030B585B0044690F83830012B1AD0204600
:10003000FFF7E2FF0D4DA38F0D4A2946032002F082
:100040009FFBA388E28FA18F0291019200936388A6
:10005000084A2946032002F093FB012384F8383034
:1000600005B030BDFF21FFF7C7FEE0E7E0660208FC
:10007000C8660208EC66020810B50446C068F8F7C6
:10008000F6FE63691A1D62615B68E36003F5007246
:100090002261A36010BD0000F0B589B0044690F85D
:1000A00038304BB929222949002002F0D7FB03E060
:1000B000FFF7E2FF01232372A36AA2699A423FD0AD
:1000C00006AB1068516803C36388A18FC90089B269
:1000D0001944082306AA89B2E068FFF7FFFD01284A
:1000E00031D16388A28FBDF818109DF81B009DF8D0
:1000F0001F509DF81E609DF81D709DF81CC0CDF826
:1001000014C00497039602950190009103EBC2037B
:100110000F4A1049032002F033FBA38F01332188DB
:1001200093FBF1F201FB1233A38704F11000A269E3
:10013000236A083B9A42BBD013460833A361B9E750
:10014000012009B0F0BD0020FBE700BFA066020857
:100150002C670208E06602082DE9F04782B00646E7
:1001600001919046426A4069171ABD1001350D444D
:100170007368B3EB450F22D9D6F800C05C1B640846
:10018000A400B8F1000F01D0890000E000210C4468
:100190006444A04208D9131D1A1A984239D0014666
:1001A00020460FF04BF834E0131D3A1DA5181A1A1B
:1001B00098422ED00146A81A0FF040F829E0321DCF
:1001C000994236D81268134403F10209B9F1005F6D
:1001D00031D24FEA8900F8F73FFE8246A9EB0504C9
:1001E0006408A400B8F1000F27D0019DAD002C4495
:1001F00054447169736A04335A1A994202D02046F2
:100200000FF01CF83068F8F732FEC6F800A0C6F808
:10021000049074612368F36003F500733361E3199C
:100220007362E359F36103F50073336202B0BDE812
:10023000F08701AAC6E70DF04BFF0025D7E70000C5
:1002400070B50D46436A42699B1A9B105A1E83691A
:10025000C1695B1ADB1003EB821302698168521AD1
:1002600003EBE2036FF0704293421DD004464368F3
:10027000426A0168521AA3EBA203012B17D9666ADE
:100280004FF40070F8F7E8FD7060A36929686A68A8
:1002900019605A60636A1A1D62625B68E36103F564
:1002A00000722262A36170BD03480DF039FF002285
:1002B0000121FFF751FFE2E79067020810B582B015
:1002C000438FADF800300A68CDF802208A88ADF877
:1002D00006200133438700F110039C691A6A083A2B
:1002E000944208D06A4603CA206061609A69083265
:1002F0009A6102B010BD69461846FFF7A1FFF8E702
:1003000070470120704700207047002070477047F9
:10031000012800D070474FF6FF739942FAD1054B80
:100320001B681A88044B1A80044B1B681A88044BFC
:100330001A80EFE77C0000201C34002080000020A1
:100340002034002008B530B901224FF4004105489F
:1003500003F0F5FE08BD00224FF40041014803F010
:10036000EEFEF7E70000024010B5044620210DF034
:100370000BF8204610BD10B5044618210DF004F806
:10038000204610BD10B50446E420F8F765FD0123B2
:1003900080F8C530124BC0F8C830A023A0F8CC308C
:1003A00000F1C403C0F8D4300E4BC0F8C03040F6A2
:1003B000FF73A0F8D8300C4BC0F8DC30C0F8E00078
:1003C000A061C030FFF7E8FB012803D1A069FFF767
:1003D000E7F810BD3D220549002002F03FFAF5E79D
:1003E000F0000020746B020845030108C067020892
:1003F00070B5E0B101282CD02B782278534013F04F
:10040000020F38D113F0100F5AD02B78C3F300131A
:10041000227863F3041222702B7813F0100F48D067
:10042000554A5649022002F0ABF9002070BD544DE8
:100430002B68524E1B88534A3146022002F0A0F925
:10044000514C2388514A3146022002F099F92D6817
:10045000D2E74F4D2B68494E1B884E4A3146022049
:1004600002F08EF94C4C23884C4A3146022002F0AF
:1004700087F92D68C0E74A4A4049022002F080F916
:100480002B78C3F34003227863F3410222702B7868
:1004900013F0020F06D0434A3849022002F070F9E7
:1004A0000020C3E7404A3549022002F069F90120E3
:1004B000BCE73E4A3149022002F062F90120B5E76B
:1004C00013F0040F18D02B78C3F38003227863F362
:1004D000820222702B7813F0040F06D0344A274989
:1004E000022002F04DF90220A0E7324A23490220FF
:1004F00002F046F9032099E713F0080F18D02B7883
:10050000C3F3C003227863F3C30222702B7813F085
:10051000080F06D0284A1949022002F031F90420B8
:1005200084E7264A1549022002F02AF905207DE7D2
:1005300013F0400F18D02B78C3F38013227863F3A5
:10054000861222702B7813F0400F06D01C4A0B49FC
:10055000022002F015F9062068E71A4A074902202E
:1005600002F00EF9072061E7174A0449022002F061
:1005700007F94FF0FF3059E7A8680208FC67020846
:100580007C000020E86702081C340020086802088C
:10059000800000202068020820340020346802080F
:1005A0004C6802085868020880680208CC68020893
:1005B000F06802080C690208286902084869020804
:1005C0006869020888690208A8690208F8B5044643
:1005D0000F4616461D460C20F8F73EFC002303602C
:1005E0000771866028B1AB1C44F82300238A0133CD
:1005F0002382F8BD023150F82100704770B582B0F7
:100600000E46C069FFF7F6FF0379042B01D002B054
:1006100070BD8568002DFAD0284601F03BFA00280D
:10062000F5D0AB681B78304A3049032002F0A8F8B7
:1006300000243F2C1FDCA2B2694605F23440FFF7CC
:10064000F3FBD5F878349DF8031004F1270203EB8F
:10065000C2031971D5F878349DF80210C1F3C001B6
:1006600003EBC2035971D5F8783403EBC203019A46
:100670009A600134DDE71E4A1C49022002F080F82E
:100680003046FFF7B5FEB0F1FF3FC0D0072825D8B0
:10069000DFE800F004080C1014181C203046FCF7AA
:1006A000C5F8EDE73046FCF7C9F8E9E73046FCF756
:1006B000CCF8E5E73046FCF7D0F8E1E73046FCF748
:1006C000D3F8DDE73046FCF7D7F8D9E73046FCF73A
:1006D000DAF8D5E73046FCF7DEF8D1E7054A0349FA
:1006E000022002F04DF8CBE7BC690208FC67020863
:1006F000D4690208EC69020808B50978C069FFF7F7
:1007000079FF20B10379042B03D0002008BD00201D
:10071000FCE70120FAE710B5FFF76CFF0379042B23
:1007200002D18068002318E00020FBE7D0F878248D
:1007300003F1270102EBC102FF241471D0F87824E1
:1007400002EBC10201245471D0F8782402EBC102FB
:100750004FF0FF3191602344DBB23F2BE6D910BD4F
:1007600070B506460C4615461146FFF743FF08B123
:10077000A04200D070BD2379042B0DD0A06810B129
:1007800003685B6898471CB10C2120460CF0FCFD07
:10079000338A013B3382EDE729463046FFF7BBFF42
:1007A0002846FCF77FF87DB9094B00221A602379AF
:1007B000042B04D1A06810B103685B689847023528
:1007C000002346F82530DEE7024B00221A60EEE7F0
:1007D0001C340020203400202DE9F04182B0064670
:1007E00000241CE0BA68536812787979DFF8B48085
:1007F00001910092294A4146022001F0C1FFD7F839
:10080000783403F58E73264A4146022001F0B8FF82
:1008100022462946F069FFF7A3FF0134E4B2012C18
:1008200038D82146F069FFF7E5FE05460379042B29
:10083000F3D1876827B33B689B68384698470228FE
:10084000D0D0032806D00128E7D121463046FFF753
:10085000D5FEE2E7BA68536812787979114D0191B3
:100860000092114A2946022001F08AFFD7F8783415
:1008700003F58E730A4A2946022001F081FFCCE776
:10088000D7F8783403F58E73084A0649022001F040
:1008900077FFC2E702B0BDE8F08100BF086A020836
:1008A0002C6A0208FC670208386A0208606A0208BB
:1008B00038B50C461546AC4204D254F8040BF8F790
:1008C000D6FAF8E738BDF8B507460E4615460C4689
:1008D00001E044F8040BAC4211D24FF40070F8F779
:1008E000BBFAF6E70CF022FE224631463846FFF707
:1008F000DFFF0DF085FA0CF057FE0CF047FDF8BD58
:100900002DE9F04383B004460D468B095E1C082296
:10091000009203330193934217D86B4618686060C6
:10092000B0F1005F13D28000F8F796FA804620609D
:100930006768BF1B7F0800EB870909EB8606324614
:1009400049462046FFF7BFFF03E001ABE6E70DF0A5
:10095000BFFBC4F8149058F82720E26002F500733A
:100960002361331F636256F8043CE36103F50071B1
:100970002162A26005F03F0503EBC503A36103B04C
:10098000BDE8F0830CF0D2FD2068F8F770FA002380
:10099000236063600DF034FA0CF006FE0CF0F6FCF8
:1009A0002DE9F0478EB007460E46002494E05C2205
:1009B0008A49002001F052FFCDE04FF49060F8F733
:1009C0004BFA80469DF81400042388F80530C8F8D7
:1009D0000860A8F80C504344C8F81430804BC8F89D
:1009E0000030012388F85433002288F8552308F298
:1009F0001441052588F81954C8F81C64A8F8200487
:100A000008F58360C8F828047648C8F8140440F64E
:100A1000FF70A8F82C04C8F8302408F234403E2BAC
:100A200001D85B00FBE7A8F834344FF4006343803F
:100A300040F6FF1383800823C38001230372C16043
:100A40000021016141618161C16101624162816294
:100A5000C162016341631030FFF752FF88F874A44C
:100A600008F11803C8F8783408F57F73C8F87C34A7
:100A700035782B46424604214846FFF7A7FD0EABCA
:100A800003EB850545F8200C75E0662253490020EC
:100A900001F0E4FE77E0544A5449032001F070FE6F
:100AA00032780EAB03EB820353F8201CF869FFF792
:100AB00057FE0DE04C4A4D49032001F061FE3278AB
:100AC0000EAB03EB820353F8201CF869FFF748FED6
:100AD0000134E4B2062C7ED8454B33F814502A4634
:100AE00031463846FFF708FE0028F1D1414B089304
:100AF00000238DF825300A96ADF82C5009AB0D93E4
:100B000008A8FFF749F80128E2D1002304930593D0
:100B1000082304AA3849096808A8FFF77FF8BDF838
:100B20001020D3B2083BDBB2032BD1D83378039229
:100B300004220292019500937368304A2B490320E6
:100B400001F01EFE9DF810A0002306930793337852
:100B5000012B3FF62CAFD7F81C9096F80080414649
:100B60004846FFF747FD00283FF427AF0EAA02EBE7
:100B7000880848F8200C33780EAA02EB830353F858
:100B8000203C002B81D033780EAA02EB830353F86C
:100B9000203C1A79042A8DD19D68002D8AD02846E0
:100BA00000F018FA01287FF476AF154A0F490320A8
:100BB00001F0E6FD9DF81730D5F8782483F00103A5
:100BC00003F00103137583E74FF4906140460CF086
:100BD000DBFB0CF0DBFB0EB0BDE8F087C067020862
:100BE00034720208746B0208C46A0208FC670208C7
:100BF000886B0208586B0208986B0208886A020822
:100C0000F86A020810B504460549FFF7C9FE054910
:100C10002046FFF7C5FE2046FFF7DEFD10BD00BFF2
:100C200088000020BC00002008B54FF6FF710120AD
:100C3000FFF76EFB08BD000000B585B007F0F4FDBE
:100C400003460A4A02920A4A0192032200924FF492
:100C500080620849084807F0C5FA4FF0FF310120CB
:100C600007F056FE05B05DF804FB00BF2C340020F1
:100C7000843400209C6B0208D90C0108F8B50546A5
:100C80000F461646002404E032462146B847013498
:100C9000E4B2012C0BD8064B1B682146D869FFF73C
:100CA000A9FC0379AB42EFD0FF2DF0D1ECE7F8BD02
:100CB0002834002008B50146024B1B68D869FFF7AD
:100CC00099FC08BD28340020024B1B689B69D3F8AF
:100CD000E00070472834002010B504462020F8F7C3
:100CE000BBF8002101604160024622F8101F4261FA
:100CF000C061174A1060FFF745FB2CB100230222A8
:100D00001946204607F08CFE124B1B68012B04D0BD
:100D10004FF4FA7007F02EFCF6E7322007F02AFCB9
:100D20000B4B1868FFF76EFFFFF7CEFF0446094B29
:100D30001B68012BF1D10AF017FB00F00F00064BE6
:100D40001B689842E9D0044B186084F82C00E4E753
:100D500028340020100A00202434002010B586B06A
:100D600003460846114603F59A72D3F87C341C6991
:100D700005945C6804941C680394DC6802949B6886
:100D8000019300920123034AFCF7B1F880B206B048
:100D900010BD00BFAC6B02082DE9F04FB3B0804628
:100DA000319127920379C3F340032893D0F8783424
:100DB00003F587722992D0ED0A7AF5EEC07AF1EE4A
:100DC00010FA00F1F18020222C92F0EEE77AFCEE8E
:100DD000E76A9FED7D7A67EE877AFCEEE77A17EE99
:100DE000902A7A49A1FB02018E094FF47A7101FB26
:100DF0001626D8ED067AF5EEC07AF1EE10FA00F17B
:100E0000D68020222D92F0EEE77ABCEEE76A9FEDC5
:100E10006E7A67EE877AFCEEE77A17EE902A6B49D6
:100E2000A1FB02018F094FF47A7101FB1727D8ED5E
:100E3000077AF5EEC07AF1EE10FA00F1BB802022BD
:100E40002E92F0EEE77AFCEEE75A9FED5F7A67EEBE
:100E5000877AFCEEE77A17EE901A5C4AA2FB010251
:100E600092094FF47A7000FB1212D8ED087AF5EE71
:100E7000C07AF1EE10FA00F1A08020212F91F0EE5F
:100E8000E77ABCEEE75A9FED507A67EE877AFCEE80
:100E9000E77A17EE904A4D49A1FB040189094FF406
:100EA0007A7000FB1141D8ED097AF5EEC07AF1EEC7
:100EB00010FA00F1858020203090F0EEE77A9FED67
:100EC000427A27EE877ABCEEC77A1C8C2A9403F507
:100ED0008E7503F595702B9003F23514588CB3F88A
:100EE00024C0B3F826E0B8F84080B3F82A90B3F8ED
:100EF0002CA0B3F82EB0CDF890B0CDF88CA0CDF8E2
:100F00008890CDF88480CDF880E0CDF87CC01E902C
:100F10004FF0020CCDF874C001201C90CDF86CC0CD
:100F20001A90CDF864C0189017942B9C16941595C0
:100F3000002514952A9C13949D691295DD691195DD
:100F4000224D17EE103AA5FB0335AB094FF47A7426
:100F500017EE105A04FB13531093FCEEE77ACDED15
:100F60000F7A309B0E930D918DED0C5A2F9B0B93A6
:100F70000A92CDED095A2E9B089307978DED066ACC
:100F80002D9B05930496CDED036A2C9B0293299B20
:100F900001930090289B0E4A27993198FBF7A7FFF1
:100FA00080B233B0BDE8F08F2D222C920DE72D22B8
:100FB0002D9228E72D222E9243E72D212F915EE7D7
:100FC0002D20309079E700BF00007A44D34D6210A5
:100FD000F06B020830B599B004460023ADF85C30E0
:100FE0008DF85E30FEF7D8FD10B9002019B030BD85
:100FF00004F214452846FEF7CFFD0028F5D0032360
:1010000017AA00212846FEF753FE0028EED03E2303
:1010100007AA20212846FEF74BFE0028E6D00798B5
:10102000C4F82001BDF82030A4F82431DDF82B10DD
:10103000DDF82F20DDF83330C4F82611C4F82A215A
:10104000C4F82E31BDF83730A4F83231DDF83A104B
:10105000DDF83E20DDF84230C4F83411C4F8382100
:10106000C4F83C319DF8463084F84031DDF8492021
:10107000DDF84D30C4F84221C4F84631BDF8513096
:10108000A4F84A31BDF85830A4F84D31A02304F13A
:10109000800260212846FEF70BFE0028A6D006231A
:1010A00005AA4FF480712846FEF702FE00289DD065
:1010B000BDF81430A4F850319DF817309DF8162073
:1010C00003EB830302EB430384F852319DF819309C
:1010D0009DF8182003EB830302EB430384F853319C
:1010E00004F23440FEF79CFF0023A4F81134D4F836
:1010F0007834544D03F58473534A2946032001F094
:101100003FFBD4F8783403F58773504A294603200F
:1011100001F036FBD4F8783403F58E734C4A294637
:10112000032001F02DFBD4F8783403F59573494A78
:101130002946032001F024FBD4F8783403F59C738E
:10114000454A2946032001F01BFBD4F8783493F874
:101150003A31424A2946032001F012FBD4F8783490
:1011600093F83B313E4A2946032001F009FB3D4AF2
:101170002946032001F004FBD4F87824D2F8883003
:10118000D2F898100391D2F894100291D2F89010EE
:101190000191D2F88C200092334A2946032001F0B5
:1011A000EFFAD4F87824936E916F0391516F029106
:1011B000116F0191D26E00922C4A2946032001F052
:1011C000DFFAD4F87824D2F8C830D2F8D8100391D6
:1011D000D2F8D4100291D2F8D0100191D2F8CC20DC
:1011E0000092234A2946032001F0CAFAD4F8782451
:1011F000D2F8A830D2F8B8100391D2F8B410029106
:10120000D2F8B0100191D2F8AC200092194A2946C8
:10121000032001F0B5FAD4F87824D2F8E830D2F8F7
:10122000F8100391D2F8F4100291D2F8F010019165
:10123000D2F8EC200092104A2946032001F0A0FACF
:101240000120D3E6686D02084C6D0208706D02083B
:10125000886D02089C6D0208BC6D0208D46D0208FE
:10126000F86D02081C6E0208346E02086C6E0208EB
:10127000A46E0208DC6E0208146F02082DE9F04F1C
:101280008FB00446D0F87834E34D03F58E73E34A0B
:101290002946032001F074FAE14A2946032001F0AF
:1012A0006FFAF7F7F5FDD4F85833C31ADD4A29462B
:1012B000032001F065FA2369DB4A2946032001F087
:1012C0005FFAD4F82434D94A2946032001F058FAA9
:1012D000D74A2946032001F053FAD4F878249369B9
:1012E000D2690092D34A2946032001F049FAD4F882
:1012F0007854D5ED027AF5EEC07AF1EE10FA00F1ED
:10130000D3812023F0EEE77AFCEEE76A9FEDCA7AFC
:1013100067EE877AFCEEE77A17EE902AC749A1FBC1
:10132000020189094FF47A7000FB1121D5ED007A92
:10133000F5EEC07AF1EE10FA00F1B8814FF0200C12
:10134000F0EEE77ABCEEE76A9FEDBB7A67EE877A4C
:10135000FCEEE77A17EE902AB848A0FB02608009FD
:101360004FF47A7606FB1020D5ED037AF5EEC07ABD
:10137000F1EE10FA00F19D814FF0200EF0EEE77AC9
:10138000FCEEE75A9FEDAC7A67EE877AFCEEE77ADF
:1013900017EE902AA94EA6FB0276B6094FF47A778B
:1013A00007FB1626D5ED017AF5EEC07AF1EE10FABC
:1013B00000F182814FF02008F0EEE77ABCEEE75AA8
:1013C0009FED9D7A67EE877AFCEEE77A17EE902A1A
:1013D0009A4FA7FB0297BF094FF47A7909FB1727A9
:1013E000D5ED047AF5EEC07AF1EE10FA00F16781DE
:1013F0004FF02009F0EEE77A9FED8F7A27EE877A9B
:10140000BCEEC77A17EE102A834DDFF830A2AAFB94
:1014100002BA4FEA9A1A4FF47A7B0BFB1A220D920A
:10142000FCEEE77ACDED0C7ACDF82C900A978DED95
:10143000095ACDF820800796CDED065ACDF814E074
:1014400004908DED036ACDF808C00191CDED006ADE
:101450007B4A2946032001F093F994F81134C3F331
:101460004002C3F38001C3F3C000C3F30016C3F30B
:101470008017C3F3401CCDF814C004970396029064
:10148000019100926F4A2946032001F079F9D4F8BE
:101490007824538C918CD08C168D578DB2F82CC03B
:1014A000D28D0592CDF810C003970296019000915D
:1014B000654A2946032001F063F9D4F87874D7ED22
:1014C0000D7AF5EEC07AF1EE10FA00F1FB802023E0
:1014D000F0EEE77AFCEEE76A9FED577A67EE877ADF
:1014E000FCEEE77A17EE902A5449A1FB0201890924
:1014F0004FF47A7000FB1121D7ED117AF5EEC07A26
:10150000F1EE10FA00F1E0804FF0200CF0EEE77AF7
:10151000BCEEE76A9FED487A67EE877AFCEEE77AE1
:1015200017EE902A4548A0FB025080094FF47A75C7
:1015300005FB1020D7ED0F7AF5EEC07AF1EE10FA28
:1015400000F1C5804FF0200EF0EEE77AFCEEE75A8E
:101550009FED397A67EE877AFCEEE77A17EE902AEC
:10156000364DA5FB0265AD094FF47A7606FB1525CD
:10157000D7ED137AF5EEC07AF1EE10FA00F1AA80F9
:101580004FF02008F0EEE77ABCEEE75A9FED2A7A9A
:1015900067EE877AFCEEE77A17EE902A274EA6FBD5
:1015A0000296B6094FF47A7909FB1626D7ED157A1B
:1015B000F5EEC07AF1EE10FA00F18F804FF02009BD
:1015C000F0EEE77A9FED1C7A27EE877ABCEEC77AB9
:1015D00017EE102A194FA7FB02A7BF094FF47A7A1A
:1015E0000AFB17220D92FCEEE77ACDED0C7ACDF8CE
:1015F0002C900A968DED095ACDF820800795CDEDF7
:10160000065ACDF814E004908DED036ACDF808C0B9
:101610000191CDED006A19E0686D02084C6F020877
:10162000686F0208746F0208A06F0208C46F020896
:10163000F06F02080070020800007A44D34D621077
:101640002870020884700208D8700208254A2649CA
:10165000032001F095F8D4F87834D3ED177AF5EE3D
:10166000C07AF1EE10FA3BD42023F0EEE77A9FED3A
:101670001F7A27EE877ABCEEC77A17EE102A1C492C
:10168000A1FB020189094FF47A7000FB112201923B
:10169000FCEEE77ACDED007A164A1349032001F0FB
:1016A0006FF80FB0BDE8F08F2D232BE64FF02D0C17
:1016B00046E64FF02D0E61E64FF02D087CE64FF028
:1016C0002D0997E62D2303E74FF02D0C1EE74FF071
:1016D0002D0E39E74FF02D0854E74FF02D096FE735
:1016E0002D23C2E728710208686D020800007A44C1
:1016F000D34D62108C71020884B001A880E80E00FE
:10170000DDED017A67EE807A67EE807A67EE807AA7
:1017100067EE807A9DED027A27EE007A27EE007A56
:1017200027EE007A77EE877A9DED037A27EE007A2E
:1017300027EE007A77EE877A9DED047A27EE000A8D
:1017400037EE800ADDED057A30EE270A04B07047E7
:1017500010B588B004461A2301AA15490968FEF796
:101760005DFA012821D1019B2363029B6363BDF8CD
:101770000C302387BDF810306387BDF81230A38783
:10178000BDF81430E387BDF81630A4F84030BDF83A
:101790001830A4F84230BDF81A30A4F84430BDF82F
:1017A0001C30A4F8463008B010BD0020FBE700BF95
:1017B0000C720208000000002DE9F0418AB00446D6
:1017C0000C2307AA5A490968FEF728FA012840F0B5
:1017D000A880054694F82C30002B00F08280BDF8DC
:1017E0001C3000EE103A6E4604F18C070FCF0FC686
:1017F0003B68336004F180030ECBB8EE400A20460C
:10180000FFF77AFF84ED130ABDF81E3000EE103AA0
:101810006E4604F1CC070FCF0FC63B68336004F16E
:10182000C0030ECBB8EE400A2046FFF765FF84EDFB
:10183000150ABDF8203000EE103A6E4604F1AC07F0
:101840000FCF0FC63B68336004F1A0030ECBB8EE98
:10185000400A2046FFF750FF84ED170ABDF82230FA
:1018600000EE103A6E4604F1EC070FCF0FC63B684E
:10187000336004F1E0030ECBB8EE400A2046FFF7D8
:101880003BFF84ED190ABDF8243000EE103A6E4695
:1018900004F586770FCF0FC63B68336004F5807878
:1018A00098E80E00B8EE400A2046FFF725FF84EDC9
:1018B0001B0ABDF8263000EE103A6E4604F5867716
:1018C0000FCF0FC63B68336098E80E00B8EE400AB1
:1018D0002046FFF711FF84ED1D0A28460AB0BDE837
:1018E000F081BDF81C3000EE103A6E4604F18C0712
:1018F0000FCF0FC63B68336004F180030ECBB8EE08
:10190000400A2046FFF7F8FE10EE100AF6F754F8EA
:1019100005A3D3E90023F5F7C1FDF6F72DF9E0643F
:1019200072E70025D9E700BFCD3B7F669EA0F63F5A
:101930000072020810B586B0044618236A460B49A7
:101940000968FEF76BF901280DD1009B2365019B07
:10195000A365029B2366039BA366049B2367059BE9
:10196000A36706B010BD0020FBE700BF04720208A9
:1019700082B02DE9F04188B004468E460EA981E878
:101980000C009EF81034072B02D900238EF8103477
:101990009EF810846B460EAA07CA03C31A80BDF8CE
:1019A000001008EB88030EEB8303C3F85C13BDF84B
:1019B0000210C3F86013BDF80410C3F86413BDF837
:1019C0000610C3F8681392B208EB88030EEB83038A
:1019D000C3F86C23002323606360A360E36023618A
:1019E0004FFA88FC082600E0013E002E2BDD0CEBB0
:1019F0008C050EEB850503AF05F557750FCD0FC7A9
:101A00002B683B60216800FB061222606168049A23
:101A100002FB06126260A168059A02FB0612A26030
:101A2000E168069A02FB0612E260226903FB0623C4
:101A300023610CF1FF3C4FFA8CFCBCF1000FD3DAB0
:101A40004FF0070CD0E72368114AA2FB0313DB0811
:101A500023606368A2FB0313DB086360A368A2FB37
:101A60000313DB08A360E368A2FB0313DB08E36056
:101A70002369A2FB0323DB08236108F101088EF828
:101A80001084204608B0BDE8F04102B0704700BFA6
:101A9000398EE338024690F83C0408B900207047BC
:101AA000002382F83C3470478A421CD000B583B0D2
:101AB00069B1D0F8782402F58E7200920B4A0C4975
:101AC000032000F05DFE012003B05DF804FBD0F8B8
:101AD000782402F58E720092064A0549032000F030
:101AE0004FFE0220F0E70020704700BFA8710208F7
:101AF000686D0208C471020830B583B004460D4613
:101B000090F811246E4BC2F34002C5F34001FFF779
:101B1000CBFF012831D0022843D094F81124694B1F
:101B2000C2F3C002C5F3C0012046FFF7BDFF012884
:101B30004CD002285ED094F81124634BC2F30012FB
:101B4000C5F300112046FFF7AFFF012867D0022838
:101B500078D094F811245D4BC2F38012C5F3801144
:101B60002046FFF7A1FF012800F08180022800F045
:101B7000928084F8115403B030BD4FF0FF330193CD
:101B800008228DF80120DBB243F00B038DF8003002
:101B9000236BCDF80230694604F23440FEF78EFB29
:101BA000BBE74FF0FF33019308228DF8012003F0CB
:101BB000F70343F003038DF80030236BCDF80230B8
:101BC000694604F23440FEF779FBA6E74FF0FF3395
:101BD00001930A228DF80120DBB243F00B038DF84C
:101BE0000030236BCDF80230694604F23440FEF732
:101BF00065FBA0E74FF0FF3301930A228DF8012027
:101C000003F0F70343F003038DF80030236BCDF8A6
:101C10000230694604F23440FEF750FB8BE74FF088
:101C2000FF3301930B228DF80120DBB213438DF8B3
:101C30000030236BCDF80230694604F23440FEF7E1
:101C40003DFB86E74FF0FF3301930B228DF8012017
:101C500003F0F70343F003038DF80030236BCDF856
:101C60000230694604F23440FEF728FB71E74FF07A
:101C7000FF3301930F228DF80120DBB243F00B03F9
:101C80008DF80030236BCDF80230694604F2344001
:101C9000FEF714FB6DE74FF0FF3301930F228DF831
:101CA000012003F0F70343F003038DF80030236BAA
:101CB000CDF80230694604F23440FEF7FFFA58E7E7
:101CC000E0710208E4710208E8710208EC71020890
:101CD000F0B591B0044610230CAA73490968FDF7CA
:101CE0009DFF012803D00025284611B0F0BD054610
:101CF000BDF83830ADF800300D9B0C9A214606A88F
:101D0000FFF736FE04F57F7706AE0FCE0FC73368B8
:101D10003B6001F067F894F82C30002B00F09B80BA
:101D20006E4604F18C070FCF0FC63B68336004F199
:101D300080030ECBD4EDFF7AB8EE670A2046FFF79A
:101D4000DBFC84ED080A6E4604F1AC070FCF0FC62A
:101D50003B68336004F1A0030ECBD4F8040407EE13
:101D6000900AB8EE670A2046FFF7C6FC84ED060A23
:101D70006E4604F1EC070FCF0FC63B68336004F1E9
:101D8000E0030ECBD4F8080407EE900AB8EE670A19
:101D90002046FFF7B1FC84ED070A6E4604F1CC073C
:101DA0000FCF0FC63B68336004F1C0030ECBD4F8ED
:101DB000000407EE900AB8EE670A2046FFF79CFC85
:101DC00084ED090A6E4604F586770FCF0FC63B688F
:101DD000336004F580730ECBD4F80C0407EE900A40
:101DE000B8EE670A2046FFF787FC84ED0A0A9DF8E3
:101DF0003C2094F8483062F30003C2F3400161F3E1
:101E00004103C2F3800161F38203C2F3C00161F3B5
:101E1000C303C2F3001161F30413C2F3401161F371
:101E20004513C2F3801161F38613D20962F3C7131D
:101E300084F8483000F0FCFF9DF83A3084F87C309C
:101E400094F855332BBB9DF83C3084F811340123B2
:101E500084F8553348E76E4604F18C070FCF0FC660
:101E60003B68336004F180030ECBD4EDFF7AB8EE0B
:101E7000670A2046FFF740FC10EE100AF5F79CFDBC
:101E800007A3D3E90023F5F709FBF5F775FE2062F8
:101E900059E79DF83C102046FFF72EFE24E700BFCF
:101EA000CD3B7F669EA0F63F0872020830B585B034
:101EB0000446384B93E8070004AB03E90700257993
:101EC000C5F3400594F8543304AA134413F80C3CAA
:101ED00003B3202B09D0212B0BD0222B0DD0232B89
:101EE0000FD0FF2B11D0012015E02046FFF7F0FEA8
:101EF00011E02046FFF72CFC0DE02046FFF75CFCCC
:101F000009E02046FFF716FD05E004F23440FEF735
:101F1000C3F800E0012094F854330133DBB284F8B5
:101F200054330B2B02D9002384F85433012812D0E8
:101F30002379C3F340039D420DD0022384F8573325
:101F400094F856333C2B1DD8013384F8563394F85B
:101F5000570305B030BD012803D058B984F85703A2
:101F6000EEE72379C3F340039D42F6D0032384F8C0
:101F70005733E5E7012384F85733F6F789FFC4F8B0
:101F80005803DDE7002384F856332046FFF776F93F
:101F9000DDE700BFF071020810B5044603683BB1ED
:101FA000426A04324169FEF783FC2068F6F75FFF5E
:101FB000204610BD10B50446034B036000F24440B8
:101FC000FFF7EAFF204610BD3472020810B5044640
:101FD000064B036000F24440FFF7DEFF4FF49061D0
:101FE00020460BF0D1F9204610BD00BF3472020824
:101FF000034BD3ED007AFCEEE77A17EE900A7047B8
:102000008444002008B5FFF7F3FF40F6E44303FBE8
:1020100000F31B0B00EE103AB8EE400A08BD0000BA
:10202000014B1860704700BF3401002008B5094B10
:102030001B68012B02D0BFEE000A08BDFFF7E2FFCC
:10204000DFED057A70EE677AB2EE047A87EE870AE2
:10205000F3E700BF340100200000FA4308B5054B48
:1020600000221A60044801F0EBF80120FFF7D8FFC6
:1020700008BD00BF84440020B88202200000000098
:1020800070B51749174801F06DF900B170BD164ED3
:102090003068F5F791FC0EA3D3E90023F5F7FEF9BC
:1020A00004460D460F4801F0B8F9F5F763FC0AA3A2
:1020B000D3E90023F5F7F2F902460B4620462946FC
:1020C000F5F71CFBF5F758FD3060DFE7AFF3008054
:1020D0000AD7A3703D0AEF3FB81E85EB51B89E3F6B
:1020E00040420F00B88202208444002008B54FF41B
:1020F000FA70F6F7C8FEFFF7C3FFF8E700B585B042
:10210000FFF7ACFF06F090FB0346074A0292074A2E
:1021100001920522009280220549064806F062F8E5
:1021200005B05DF804FB00BF88440020E0440020B7
:1021300048720208ED200108F0B585B0044600237E
:10214000ADF80C300093484B484A0221082005F0B6
:10215000DDFC474B18602CB10023022219462046B3
:1021600006F05EFC00252A4603A9414B186805F0DD
:10217000F1FD012803D000244FF6FF754FE0002346
:1021800000E001335F2BF6D89DF80C201A4112F0C5
:10219000010FF6D003EB4302364901EBC202D168CE
:1021A0009DF80D00344A02EB40129142E9D003EB56
:1021B0004301304800EBC101CA6000220A744A6141
:1021C000DFE704EB44032B4A02EBC30300221A743B
:1021D00032E004EB440602EBC606F368327C13F8E7
:1021E00022203189706801F0AAFFF368327C03EB8A
:1021F00082035F8800F056FF07447761F268337C02
:1022000002EB83025088A84200D3284604EB440224
:10221000184901EBC2020133137405460134032C43
:10222000A1D804EB4403134A02EBC303DA681B7C16
:1022300012F82330FF2BC4D000F034FF04EB44032A
:102240000C4A02EBC3035B698342C2D304EB440331
:10225000084A02EBC303DA681B7C02EB83035B884A
:10226000AB42DBD21D46D9E7E446002030470020D0
:102270002C470020380100207072020800B583B09E
:1022800006F0D2FA03460F4A0192052200924FF45B
:1022900080720D490D4805F0E5FF50B94FF050032D
:1022A00072B683F31188BFF36F8FBFF34F8F62B69F
:1022B000FEE74FF0FF31012006F02AFB03B05DF886
:1022C00004FB00BFE04600205472020839210108D7
:1022D00000B583B08DF804008DF8051000230A22A4
:1022E00001A90348006805F06DFC03B05DF804FB2C
:1022F0002C470020BFF34F8F0549CA6802F4E06203
:10230000044B1343CB60BFF34F8F00BFFDE700BF0B
:1023100000ED00E00400FA0530B587B00446FEF792
:10232000D3FC05460021FF20FFF7D2FF032109203F
:10233000FFF7CEFF002C64D000230222194620466E
:1023400006F06EFB5DE004F11003414A52681C4642
:102350009A4243D01A68059B9A42F4D261688B4234
:10236000F1D2E3680293019100923A4A3A4904207B
:1023700000F006FAA368002BE5D09847E3E708F0E1
:10238000F3FFC4B210F0010F4ED001210846FFF751
:102390009FFF00210220FFF79BFF14F0020F48D09F
:1023A00001210220FFF794FF00210120FFF790FF99
:1023B00014F0040F42D001210820FFF789FF00210B
:1023C0000420FFF785FF14F0080F3CD00121042002
:1023D000FFF77EFF00210820FFF77AFFFFF726FEB8
:1023E00010EE100AF5F7E8FA00221C4BF5F784F915
:1023F00000221B4BF5F752F8F5F7BEFB2863FCF7FC
:1024000051F900200590052305AA4FF0FF3106F091
:10241000BBFA0128B3D1059B124A0F49032000F0F3
:10242000AFF90B4B1B6890E700210120FFF750FF2D
:10243000B3E700210220FFF74BFFB9E70021082096
:10244000FFF746FFBFE700210420FFF741FFC5E784
:1024500040470020347302082C7302080000144027
:10246000000024401073020810B50446006808B14B
:10247000F6F7FDFC204610BD012800D0704708B5D6
:102480004FF6FF73994200D008BD05480023036052
:1024900043608360034A04490AF0F0FEF4E700BF9A
:1024A00040470020000000206924010800B583B0E7
:1024B00001210C4801F03CFE30B900F0F3FD0A4B5D
:1024C000186003B05DF804FB00F0ECFD064B1968E2
:1024D000002300930422411A0448006806F026FBFA
:1024E000EFE700BF000802404C47002050470020A3
:1024F0002DE9F04F83B006469346012300934368CD
:1025000002689A1A6FF07840B0EB221F2DD0171195
:1025100001976FB301AA1268174432689B1AB7EB90
:10252000231F27D3B7F1006F27D2D6F800A0D6F823
:1025300004800D46A1EB0A0427B3B7F1006F1FD248
:102540003801F6F789FC81464C449BE80F0084E88B
:102550000F004C46D446AC4517D09CE80F0084E8E9
:102560000F000CF1100C1034F5E714480BF0D8FDF7
:102570006A46D0E76FF07847D7E76FF07847D4E73F
:102580000BF0A6FD4FF00009DEE71034A84506D099
:1025900095E80F0084E80F0010351034F6E7BAF123
:1025A000000F02D05046F6F762FCC6F80090746047
:1025B00009EB0717B76003B0BDE8F08F507302084E
:1025C00010B586B006AC04E90F00049BD3B1059B9F
:1025D0000193039B0093029B114A1249012000F0D2
:1025E000CFF8114B5C689B689C4212D006AB13E994
:1025F0000F0084E80F000C4A53681033536000202A
:1026000006B010BD094A0749012000F0B9F80120C1
:10261000F6E702AA21460448FFF76AFFEFE700BF8A
:10262000887302082C730208404700206C7302086C
:1026300000B589B006F0F8F80346124A0292124A31
:102640000192062200924FF480721049104805F062
:10265000C9FD104B18604FF0FF31012006F058F90A
:1026600042F2107304934CF2503305930A4B0693D5
:102670000A4B079308AB13E90F00FFF7A1FF09B05E
:102680005DF804FB54470020AC4700202C7302087F
:102690001923010850470020F5220108AC730208F5
:1026A00008B54FF6FF710120FFF7E6FE08BD70B5D3
:1026B000064615460C460DF05FF928B10570214617
:1026C00030460DF059F9F8E770BD000070B584B0E0
:1026D00040F20124ADF8084020460BF0C9FB0390FE
:1026E0001E4B1B6800931E4B1B681E4A2146FAF7BF
:1026F000FEFB02AE96E8030000F0A2F92920ADF837
:1027000008000BF0B5FB05460390174C0FCC286072
:102710006960AA60EB600FCC28616961AA61EB6116
:1027200096E8030000F08CF9104B186898B1F4F7A4
:1027300047FE441CA4B2ADF8084020460BF098FBBD
:1027400003900A4B1A682146FAF7D1FB04AB13E950
:10275000030000F075F904B070BD00BF0800002050
:102760000C000020B87302088474020804000020E2
:1027700008B5002000F042F9FFF7A8FF08BD0000EF
:102780000CB42DE9F04F89B08946DDF84880052862
:1027900055D82E4B13F800A0052853D82C4B53F8CE
:1027A00020B013AB0793424600210846FAF78EFB90
:1027B00000F18104A4B2ADF8144020460BF058FBA0
:1027C00006460690F6F76AFB0546F6F76DFBB5FB85
:1027D000F0F5F6F763FB0746F6F766FBCDF80C90CD
:1027E000B7FBF0F300FB137002900195CDF800A049
:1027F0005B46184A21463046FAF779FB054613AB8B
:1028000007934246211A3018FAF760FB054420224C
:102810000A213046FFF74BFF20220D213046FFF7FB
:1028200046FF0D4A611B7019FAF761FB069905987E
:1028300000F006F909B0BDE8F04F02B070474FF064
:102840004E0AA9E74FF04E0BABE700BFE074020859
:10285000C8740208A4740208C07402082DE9F0418B
:1028600082B005460E4617464FF400700BF000FB91
:102870000446024640F2FF13002B04DB002102F85D
:10288000011B013BF8E705F061FDDFF87C80D8F81B
:102890001C30984700973346184A4FF40071204681
:1028A000FAF725FBD8F804604FF47A7382B2214618
:1028B000304604F079FF2B46114A4FF40071204650
:1028C000FAF715FB02468DB14FF47A7382B22146B6
:1028D000304604F069FF0B4D0FCD20606160A260AF
:1028E000E36028682061AB88A38215224FF47A73D5
:1028F00092B22146304604F057FFFEE7E874020822
:102900000C7502081C75020848620208012800D0F4
:1029100070474FF6FF739942FAD1024B03F5FD520F
:102920001360F5E7B04B002030B585B02B4BDD6868
:102930009DB1044600230093294B2A4A0821802098
:1029400005F0E4F8284A106090B12CB3002302226D
:102950001946204606F064F81EE04FF0500372B6A8
:1029600083F31188BFF36F8FBFF34F8F62B6FEE71B
:102970003D221E49FFF772FFE7E7BDF808100398F4
:10298000A847039810B101210AF0FEFC184A1388E9
:102990009BB2013B9BB213800023ADF80830039338
:1029A0004FF0FF3202A9104B186805F0D3F9002848
:1029B000F2D0104901F5FD542068411A039B0E4ADC
:1029C000C1F5FD51FAF793FA236818442060A0423C
:1029D000D3D3A4F5FD532360CFE700BF48620208BC
:1029E000546B0020A06B00209C6B00203475020803
:1029F000AE4B0020B04B0020A873020800B585B094
:102A000005F012FF03460A4A02920A4A019207227F
:102A100000924FF480720849084805F0E3FB4FF03C
:102A2000FF31012005F074FF05B05DF804FB00BF25
:102A3000A06F0020F86F00205075020829290108B6
:102A400010B582B06C4684E8030000230A222146B8
:102A50000C48006805F0B6F801280AD0019810B1BA
:102A600001210AF091FC084A13889BB201339BB202
:102A70001380064A13889BB201339BB2138002B0C5
:102A800010BD00BF9C6B0020AC4B0020AE4B002063
:102A900008B54FF6FF710120FFF738FF08BD0000B1
:102AA00000B589B0014600222C2000F05BFE2C20EE
:102AB00000F08AFE154B5A6C42F002025A645B6CBD
:102AC00003F002030193019B02A903A803F082F81B
:102AD00003F070F843000E48A0FB03239B0C013B5E
:102AE0000C480D4A026040F2E732C26043600023A6
:102AF0000361836004F06CF918B1012009B05DF83E
:102B000004FB044803F0F6FFF8E700BF003802407A
:102B100083DE1B43808A02200004014000B583B09D
:102B20000D4B1A6C42F080521A641A6C02F08052FB
:102B30000092009A5A6C42F480425A645B6C03F42F
:102B400080430193019B00220F216FF0010000F0F0
:102B500009FE03B05DF804FB003802407047FEE751
:102B6000FEE7FEE7FEE7704708B5024803F0DCFF2A
:102B700008BD00BF808A022008B5024803F0D4FFD8
:102B800008BD00BFC087022008B5024803F0CCFF93
:102B900008BD00BF8087022008B5022001F0D6FAE8
:102BA00008BD08B5402001F0D1FA08BD08B51020D5
:102BB00001F0CCFA08BD08B5012001F0C7FA08BD44
:102BC00008B5024800F0E0FF08BD00BF0086022003
:102BD00008B5024800F0D8FF08BD00BFC08602203B
:102BE00008B5024800F0D0FF08BD00BF788402207D
:102BF00008B5024800F0C8FF08BD00BF608602208B
:102C000008B5024800F0C0FF08BD00BF20870220C1
:102C100008B5024800F0B8FF08BD00BF3C8502209F
:102C200008B5024804F07CFA08BD00BF8089022084
:102C300008B5024800F0A8FF08BD00BF6088022068
:102C400008B5024800F0A0FF08BD00BFC088022000
:102C500008B5024801F064FE08BD00BF4C830220A5
:102C600008B5024802F053FB08BD00BF4C830220A8
:102C700008B5024801F054FE08BD00BF9883022049
:102C800008B5024802F043FB08BD00BF988302204C
:102C900008B5024801F044FE08BD00BF00830220D1
:102CA00008B5024802F033FB08BD00BF00830220D4
:102CB00008B5024800F0B7FB08BD00BFB88202208B
:102CC00010B40F4AD2F8883043F47003C2F8883049
:102CD0000C4B196841F001011960002098601C68D4
:102CE00009492140196009495960196821F4802176
:102CF0001960D8604FF0006393605DF8044B704733
:102D000000ED00E000380240FFFFF6FE1030002426
:102D100082B0002301930F4B1B68B3F1FF3F0AD031
:102D20004FF0500372B683F31188BFF36F8FBFF378
:102D30004F8F62B6FEE74FF0500372B683F31188EF
:102D4000BFF36F8FBFF34F8F62B6019B002BFCD098
:102D500002B070479C01002008480068006880F3BA
:102D600008884FF0000080F3148862B661B6BFF3A4
:102D70004F8FBFF36F8F00DF00BF000008ED00E052
:102D8000DFF80C00016841F4700101607047000039
:102D900088ED00E04FF0807340F8043C21F0010121
:102DA00040F8081C054B40F80C3C40F8202C6FF014
:102DB000020340F8243C4438704700BF112D01083D
:102DC000074B19680868B0E8F04F80F30988BFF333
:102DD0006F8F4FF0000080F311887047AFF30080D1
:102DE000007400204FF0500372B683F31188BFF3D4
:102DF0006F8FBFF34F8F62B60B4A136801331360B6
:102E0000012B00D07047094B1B6813F0FF0FF9D05E
:102E10004FF0500372B683F31188BFF36F8FBFF387
:102E20004F8F62B6FEE700BF9C01002004ED00E07A
:102E30000A4B1B6853B94FF0500372B683F31188E5
:102E4000BFF36F8FBFF34F8F62B6FEE7013B034ABC
:102E500013600BB983F31188704700BF9C010020F9
:102E6000EFF30980BFF36F8F154B1A681EF0100F38
:102E700008BF20ED108A20E9F04F10602DE909000D
:102E80004FF0500072B680F31188BFF34F8FBFF33D
:102E90006F8F62B605F096FB4FF0000080F311884B
:102EA00009BC19680868B0E8F04F1EF0100F08BFA1
:102EB000B0EC108A80F30988BFF36F8F704700BFB2
:102EC0000074002008B54FF0500372B683F31188E8
:102ED000BFF36F8FBFF34F8F62B605F03FFA18B1A3
:102EE000034B4FF080521A60002383F3118808BD12
:102EF00004ED00E0084A0023136008490B60084B0A
:102F00001B680849A1FB03139B09013B06490B60A1
:102F100007231360704700BF10E000E018E000E0F6
:102F200098010020D34D621014E000E010B582B08B
:102F30002C4B1A78D2B20192FF221A701B78DBB2A6
:102F40008DF803309DF8033003F05003264A1370C8
:102F5000264B07221A609DF8033013F0800F0AD029
:102F6000224A1368013B13609DF803305B00DBB21B
:102F70008DF80330EFE71D4B1B68032B0AD04FF091
:102F8000500372B683F31188BFF36F8FBFF34F8F77
:102F900062B6FEE71B0203F4E063144A1360019B70
:102FA000DBB2104A1370124B1A6842F470021A60B6
:102FB0001A6842F070421A60FFF79CFF00240D4B24
:102FC0001C60FFF7DDFE0C4A136843F040431360BA
:102FD000FFF7C2FE05F0F6FAFFF79AFE204602B0B0
:102FE00010BD00BF00E400E0F8730020FC73002077
:102FF00020ED00E09C01002034EF00E0EFF30583BA
:103000000F2B11D9124A9B5CDBB2124A12789A42FA
:103010000AD94FF0500372B683F31188BFF36F8F54
:10302000BFF34F8F62B6FEE70B4B1B6803F4E06300
:103030000A4A126893420AD94FF0500372B683F3DA
:103040001188BFF36F8FBFF34F8F62B6FEE77047F3
:10305000F0E300E0F87300200CED00E0FC730020CA
:1030600008B5094B1A6842F400721A601A6842F4F3
:1030700080721A60032000F063FB0020FFF710FD50
:10308000FFF74CFD002008BD003C0240034A1168D8
:10309000034B1B780B441360704700BFC08A0220AB
:1030A000A0010020014B1868704700BFC08A0220B1
:1030B0004A4B5A6822F440325A605A6841680A43BF
:1030C0005A600268536823F480735360026853683F
:1030D000016943EA012353600268536823F0407397
:1030E00053600268536881680B43536002689368B9
:1030F00023F40063936002689368C1680B43936094
:10310000826A374B9A4257D00268936823F0706303
:10311000936002689368816A0B43936002689368C6
:1031200023F04053936002689368C16A0B43936035
:103130000268936823F002039360026893688169D0
:1031400043EA4103936090F82030002B3FD002689F
:10315000536843F4006353600268536823F4604388
:10316000536001684B68426A013A43EA42334B605C
:103170000268D36A23F47003D3620168CB6AC26920
:10318000013A43EA0253CB620268936823F4007366
:1031900093600268936890F8301043EA412393608B
:1031A0000268936823F480639360026893684169BE
:1031B00043EA8123936070470268936823F0706349
:1031C00093600268936823F040539360B0E702680D
:1031D000536823F400635360CAE700BF0023014033
:1031E0000100000F7047000028B310B50446036CBF
:1031F00043B1236C13F0100F0BD00120002384F88F
:103200003C3010BDFFF7EEFF0023636484F83C30D0
:10321000EFE7226C094B134043F00203236420467E
:10322000FFF746FF00206064236C23F0030343F0A4
:1032300001032364E2E70120704700BFFDEEFFFFBA
:1032400082B00023019390F83C30012B73D001230E
:1032500080F83C3003689A6812F0010F13D19A6825
:1032600042F001029A60394B1B68394AA2FB0323E2
:103270009B0C03EB4303019302E0019B013B019391
:10328000019B002BF9D103689A6812F0010F54D00A
:10329000016C304A0A4042F4807202645A6812F4A7
:1032A000806F05D0026C22F4405242F480520264D6
:1032B000026C12F4805F19D0426C22F00602426464
:1032C000002280F83C206FF022021A60224B5B68DB
:1032D00013F01F0F0DD103689A6812F0405F2FD1D1
:1032E0009A6842F080429A60002027E000224264FF
:1032F000E6E70368194A93420AD0174B5B6813F05C
:10330000100F1FD10368164A93420AD0002015E01F
:103310009A6812F0405FF0D19A6842F080429A6059
:10332000EBE79A6812F0405F0ED19A6842F0804253
:103330009A60002002E0022000E0002002B0704706
:103340000020FBE70020F9E70020F7E798010020C4
:1033500083DE1B43FEF8FFFF0023014000200140F5
:103360000022014070B504460D4603689A6812F4C5
:10337000806F03D09B6813F4807F19D1FFF792FE12
:10338000064623681A6812F0020F1AD1B5F1FF3F02
:10339000F7D025B1FFF786FE801BA842F1D9236C38
:1033A00043F004032364002384F83C3003202DE021
:1033B000036C43F020030364002380F83C300120B9
:1033C00024E06FF012021A60236C43F4007323644C
:1033D00023689A6812F0405F17D1A269BAB9DA6A15
:1033E00012F4700F03D09B6813F4806F11D1236C1B
:1033F00023F480732364236C13F4805F0BD1236C5C
:1034000043F001032364002000E0002070BD002091
:10341000FCE70020FAE70020F8E70368D86C704763
:1034200070477047704738B5044601680A68C2F3B0
:1034300040024B68C3F340131A422CD0036C13F0C4
:10344000100F03D1036C43F4007303648B6813F013
:10345000405F19D1A369BBB9CB6A13F4700F03D0D5
:103460008B6813F4806F0FD14B6823F020034B60FF
:10347000236C23F480732364236C13F4805F03D1E3
:10348000236C43F0010323642046FFF7C9FF236840
:103490006FF012021A6023681968C1F380015A683C
:1034A000C2F3C012114234D0226C12F0100F03D1BB
:1034B000226C42F4005222649A6812F4401F21D117
:1034C0009A6B12F4401F03D09A6812F4806F19D1DE
:1034D0005A6812F4806F15D19A6812F0405F11D1CA
:1034E000A2697AB95A6822F080025A60236C23F4E8
:1034F00080532364236C13F4807F03D1236C43F047
:1035000001032364204600F019F923686FF00C02D0
:103510001A60226811685368C3F38013194203D0FC
:10352000136813F0010F09D121680A68C2F3401231
:103530004B68C3F380631A420CD138BD236C43F44B
:10354000803323642046FFF76CFF23686FF001028D
:103550001A60E9E7636C43F0020363646FF02005CF
:103560000D602046FFF75EFF23681D60E5E7000061
:1035700030B482B00023019390F83C30012B00F06E
:10358000D180012380F83C300B68B3F1004F18BFA5
:10359000092B22D90568EA689BB203EB43031E3B63
:1035A000072404FA03F322EA0303EB600B685E4A84
:1035B00093420BD00568EA688C689BB203EB430327
:1035C0001E3B04FA03F31343EB601BE00268D3686D
:1035D0008C6843EA0463D36014E005682A699BB2EF
:1035E00003EB4303072404FA03F322EA03032B61EA
:1035F00005682A698C680B8803EB430304FA03F31C
:1036000013432B614B68062B28D805686A6B03EBC4
:103610008303053B1F2404FA03F322EA03036B63CD
:1036200005686A6B4B6803EB8303053B0C8804FA5F
:1036300003F313436B6302683C4B9A423ED002682B
:103640003A4B9A4244D00268384B9A4249D0002300
:1036500080F83C30184602B030BC70470C2B16D8AE
:1036600005682A6B03EB8303233B1F2404FA03F34F
:1036700022EA03032B6305682A6B4B6803EB830381
:10368000233B0C8804FA03F313432B63D3E7056849
:10369000EA6A03EB8303413B1F2404FA03F322EAA3
:1036A0000303EB620568EA6A4B6803EB8303413B63
:1036B0000C8804FA03F31343EB62BCE70B68B3F125
:1036C000004FBCD11A4A536823F440035360B6E755
:1036D0000B68122BB7D1164A536843F4800353602A
:1036E000B1E70B68104A112B18BF9342AFD1104AB3
:1036F000536843F4000353600A680B4B9A42A6D107
:103700000C4B1B680C4AA2FB03239B0C03EB8303AB
:103710005B00019302E0019B013B0193019B002BA5
:10372000F9D194E7022096E7120000100020014032
:10373000002301409801002083DE1B4370470000F6
:103740000649CB6823F4E0631B041B0C000200F461
:10375000E0600343024A1A43CA60704700ED00E08C
:103760000000FA0530B4154BDB68C3F30223C3F144
:103770000704042C28BF04241D1D062D14D9033B67
:103780004FF0FF3505FA04F421EA0401994005FAE7
:1037900003F322EA03031943002807DB0901C9B236
:1037A000074B195430BC70470023E9E700F00F00C5
:1037B0000901C9B2034B1954F4E700BF00ED00E062
:1037C00000E400E014ED00E0002807DB00F01F0239
:1037D000400901239340024A42F82030704700BF5D
:1037E00000E100E000280CDB00F01F02400901238B
:1037F00093402030034A42F82030BFF34F8FBFF38D
:103800006F8F704700E100E0BFF34F8F0549CA6832
:1038100002F4E062044B1343CB60BFF34F8F00BF51
:10382000FDE700BF00ED00E00400FA0530B40568D4
:103830002C6824F480242C60046863608368402B27
:1038400005D0036899600368DA6030BC704703688C
:103850009A600368D960F8E710B40168CAB2103AF8
:103860000A4BA3FB02431B09094CE35CC3655F2AB7
:1038700007D9084B0B4004338365806D5DF8044B1A
:103880007047044B0B408365F7E700BFABAAAAAAB9
:103890007475020800FCFFFF836A826992B9012BEC
:1038A0000AD0022B02D00BB100207047C36A13F07C
:1038B000807F28D100207047C36AB3F1C07F24D035
:1038C00000207047B2F5005F09D0022B25D9032BE9
:1038D00025D1C36A13F0807F23D100207047032BCA
:1038E00003D8DFE803F01404140A00207047C36A09
:1038F00013F0807F0DD100207047C36AB3F1C07F01
:1039000009D0002070470120704701207047012036
:103910007047012070470120704701207047002048
:10392000704701207047000070B50446FFF7BAFBEE
:10393000002C5BD00546002384F83430022384F841
:1039400035302268136823F00103136023681A6876
:1039500012F0010F0AD0FFF7A5FB431B052BF5D989
:1039600020236365032084F8350070BD1A68204861
:1039700010406168A2680A43E1680A4321690A436A
:1039800061690A43A1690A43E1690A43216A0A435A
:103990000243616A04291ED01A602668756925F001
:1039A0000705636A1D43042B07D1A36A1D43E36A1D
:1039B0001BB12046FFF770FF90B975612046FFF7F5
:1039C0004BFFE26D3F23934083600020606501233D
:1039D00084F83530C9E7E16A206B01430A43DBE72D
:1039E00040236365012084F83500BEE70120BCE771
:1039F0003F8010E000282DD038B5054690F83500FE
:103A0000C0B2022825D02A68136823F0010313608E
:103A10002B6800241C602B685C602B689C602B6802
:103A2000DC602B681C612B6821225A612846FFF755
:103A300013FFEA6D3F2393408360EC632C646C6456
:103A4000AC64EC642C656C6585F8354085F83440D1
:103A5000204638BD0120704738B50446856D90F882
:103A60003400012830D0012084F8340094F8350067
:103A7000C0B2012804D0002384F83430022038BDBD
:103A8000022084F83500002060652046FFF7CEFE56
:103A9000E26D3F239340AB602268136843F0160346
:103AA00013602268536943F080035361236C23B190
:103AB0002268136843F0080313602268136843F018
:103AC000010313600020DAE70220D8E770B504464E
:103AD000866DFFF7E7FA94F83530DBB2022B06D09B
:103AE00080236365002384F83430012070BD0546CF
:103AF0002268136823F0160313602268536923F0C9
:103B000080035361236CE3B12268136823F0080338
:103B100013602268136823F00103136023681B6895
:103B200013F0010F11D0FFF7BDFA431B052BF5D998
:103B300020236365002384F83430032084F83500A3
:103B4000D4E7A36C002BDFD1E3E7E26D3F23934082
:103B5000B360002084F83400012384F83530C5E7D1
:103B600090F83530DBB2022B03D08023436501206F
:103B70007047052380F835300268136823F001038D
:103B80001360002070470000F0B583B004460023A6
:103B90000193724B1D68724BA3FB0535AD0A876D0F
:103BA0003E68C26D08239340334210D003681A6800
:103BB00012F0040F0BD01A6822F004021A60C26DD2
:103BC00008239340BB60436D43F001034365E26DFE
:103BD00001239340334209D02268526912F0800FCA
:103BE00004D0BB60636D43F002036365E26D0423A0
:103BF0009340334209D02268126812F0020F04D0B9
:103C0000BB60636D43F004036365E26D1023934072
:103C1000334224D02268126812F0080F1FD0BB6014
:103C200023681A6812F4802F0DD01B6813F4002F3C
:103C300004D1236C9BB12046984710E0A36C73B16C
:103C4000204698470BE01A6812F4807F03D11A6867
:103C500022F008021A60236C0BB120469847E26DEF
:103C600020239340334255D02268126812F0100F7F
:103C700050D0BB6094F83530DBB2052B0ED02368F2
:103C80001A6812F4802F33D01B6813F4002F2AD146
:103C9000636C002B3ED0204698473BE022681368B7
:103CA00023F0160313602268536923F080035361E5
:103CB000236CA3B12268136823F008031360E26D3C
:103CC0003F239340BB60002384F83430012384F801
:103CD0003530236D002B3FD0204698473CE0A36C45
:103CE000002BE7D1EBE7E36BA3B12046984711E047
:103CF0001A6812F4807F09D11A6822F010021A6043
:103D0000002384F83430012384F83530E36B0BB1A1
:103D100020469847636DFBB1636D13F0010F17D018
:103D2000052384F835302268136823F001031360FB
:103D3000019B01330193AB4204D823681B6813F045
:103D4000010FF5D1002384F83430012384F8353095
:103D5000E36C0BB12046984703B0F0BD98010020FA
:103D6000B5814E1B406D7047024B586900F47F00CF
:103D7000704700BF003C0240054B586920F07F505F
:103D800020F47F1020F47C5020F00F00704700BF1B
:103D9000003C0240054B1878C0B2AA2804D018781D
:103DA000C0B2CC2800D05520704700BF153C02405F
:103DB000024B586900F00C00704700BF003C024005
:103DC000102803D0034B9869000C7047014B986989
:103DD00080B27047003C0240014BD869C0B27047C6
:103DE000003C0240024BD86900F00040704700BF21
:103DF000003C024010B504463F230360FFF7B4FFC8
:103E0000A060FFF7C7FFE060FFF7B6FF6061FFF754
:103E1000CFFF20611020FFF7D3FFA0612020FFF724
:103E2000CFFFE061FFF7D8FF2062FFF7DBFF6062A2
:103E300010BD000000230F2B00F2D780F0B583B037
:103E400039E0072200E00022B2403A430234674ED4
:103E500046F82420664A1468EA4324EA05064F68B7
:103E600017F4803F01D045EA0406614C266064687F
:103E700002EA04064F6817F4003F01D045EA040641
:103E80005B4C6660A46802EA04064F6817F4801F62
:103E900001D045EA0406564CA660E46822404E680C
:103EA00016F4001F01D045EA0402514CE2600133D0
:103EB0000F2B00F2988001229A400C6804EA020558
:103EC00032EA0404F3D14C68661E112C18BF012E8F
:103ED00001D9122C12D186685F000324BC4026EA67
:103EE0000406CC68BC4034438460466826EA020677
:103EF0004C68C4F300129A4032434260C7685E00C7
:103F00000324B440E24327EA04078C68B4403C43EE
:103F1000C4604C68122C18BF022C13D1DF0808377C
:103F200050F827E003F007044FEA840C0F2404FA4A
:103F30000CF42EEA040E0C6904FA0CF444EA0E04A4
:103F400040F82740046814404A6802F00302B24077
:103F5000224302604A6812F0805FA8D0254A546C60
:103F600044F480445464526C02F480420192019AF9
:103F70009C08A61C1D4A52F8267003F00302960006
:103F80000F22B24027EA02071B4A90423FF45BAF80
:103F900002F5806290421AD002F58062904218D0F9
:103FA00002F58062904216D002F58062904214D0F1
:103FB00002F58062904212D002F58062904210D0E9
:103FC00002F5806290423FF43CAF08223CE70122B8
:103FD0003AE7022238E7032236E7042234E70522D3
:103FE00032E7062230E703B0F0BD704700380140E9
:103FF000003C0140003802400000024000230F2B2B
:1040000000F28F80F0B52DE0072600E0002606FACA
:1040100004F4AC4269D005685C00032606FA04F497
:1040200025EA0405056023FA06F5083550F82560F1
:1040300003F007074FEA870C0F2707FA0CF726EA69
:10404000070640F82560C56825EA0405C56045688F
:1040500025EA02024260826822EA04048460013395
:104060000F2B5DD801229A4002EA010732EA0104CF
:10407000F5D14FEA930C0CF102052A4C54F8255067
:1040800003F00304A4000F2606FA04FE0EEA050559
:10409000254EB042BAD006F58066B04219D006F57A
:1040A0008066B04217D006F58066B04215D006F59E
:1040B0008066B04213D006F58066B04211D006F596
:1040C0008066B0420FD006F58066B0429CD00826CC
:1040D0009DE701269BE7022699E7032697E704263A
:1040E00095E7052693E7062691E7104C256825EA13
:1040F00007052560656825EA07056560A56825EA66
:104100000705A560E56825EA0707E760054D0CF19E
:10411000020455F8246026EA0E0645F824607AE782
:10412000F0BD70470038014000000240003C0140F3
:104130000369194201D001207047002070470AB17D
:1041400081617047090481617047000008B5054B23
:104150005B69034200D108BD024B5861F4F766FE6B
:10416000F9E700BF003C014003689A6912F0020FB2
:1041700001D000229A6203689A6912F0010F03D1FC
:104180009A6942F001029A61704770B4039E056813
:104190006868740D04F4806444F07F7444F4583407
:1041A00044F47F7444F0030420EA0400C1F30901DD
:1041B00041EA0241194331430143696070BC7047D1
:1041C000436B1D4A934217D01C4A934214D011F0FE
:1041D000040F2FD1002311F0010F01D043F0F2039F
:1041E00011F0020F01D043F0F40301F01201122983
:1041F00010D143F020030DE011F0040F0FD1002384
:1042000001F01102112A0CD001F0120112290BD079
:1042100012290CD001680A6813430B607047B82359
:10422000EEE743F09003EFE743F02003F0E743F0BD
:104230004003EFE7B823CEE7CD510108BF50010896
:1042400011F0010F09D090F8413003F02803282B1A
:1042500001D0F22302E0422300E0002311F0020F1C
:104260002CD010B443F0440490F8412002F028020E
:10427000282A18D043F0F40311F0040F01D043F0C2
:10428000B80301F01102112A0FD001F01201122916
:104290000ED012290FD001680A6822EA03030B60CE
:1042A0005DF8044B70472346E6E743F09003ECE7E4
:1042B00043F02003EDE743F04003ECE711F0040F77
:1042C00001D043F0B80301F01102112A0BD001F024
:1042D000120112290AD012290BD001680A6822EAB9
:1042E00003030B60704743F09003F0E743F02003B3
:1042F000F1E743F04003F0E7F8B505460E461746F0
:1043000003689B6913F0100F01D10020F8BD2B68E2
:104310009C6914F0200F17D1B6F1FF3FF7D0FEF7DC
:10432000C1FEC01BB04201D8002EF0D16B6C43F02F
:1043300020036B64202385F84130002385F8423048
:1043400085F840300120E1E71022DA612B68202453
:10435000DC612846FFF708FF2A68536823F0FF73E3
:1043600023F48B3323F4FF7323F0010353606B6C4E
:1043700043F004036B6485F84140002385F8423024
:1043800085F840300120C1E770B504460D46164659
:1043900023689B6913F0020F1DD13246294620463F
:1043A000FFF7AAFFC8B9B5F1FF3FF1D0FEF77AFEDB
:1043B000801BA84201D8002DEAD1636C43F0200392
:1043C0006364202384F84130002384F8423084F869
:1043D0004030012000E0002070BD0120FCE72DE905
:1043E000F0410646884617461D463468A46938EAF7
:1043F00004030CBF01240024BC4218D1B5F1FF3FD7
:10440000F3D0FEF74FFE069BC01AA84201D8002D3C
:10441000EBD1736C43F020037364202386F84130A2
:10442000002386F8423086F84030012000E000206A
:10443000BDE8F0812DE9F04182B0044690461D466A
:10444000089E099F194B00934FF08073EAB2FFF763
:104450009CFE3A4631462046FFF796FFF8B9012DFB
:104460000ED123685FFA88F29A62009733460022E1
:1044700080212046FFF7B3FFA8B902B0BDE8F08164
:1044800023684FEA18229A623A4631462046FFF7DF
:104490007BFF30B923685FFA88F29A62E5E7012072
:1044A000EBE70120E9E70120E7E700BF00200080FB
:1044B0002DE9F04182B0044690461D46089E099FB2
:1044C000184B00930023EAB2FFF75FFE3A463146ED
:1044D0002046FFF759FFF8B9012D0ED123685FFA86
:1044E00088F29A6200973346002240212046FFF767
:1044F00076FFA8B902B0BDE8F08123684FEA182220
:104500009A623A4631462046FFF73EFF30B92368AB
:104510005FFA88F29A62E5E70120EBE70120E9E71C
:104520000120E7E700200080002857D010B504469E
:1045300090F84130002B41D0242384F84130226888
:10454000136823F0010313606368226823F070632B
:1045500013612268936823F400439360E368012B9E
:1045600031D0A368226843F404439360E368022BCC
:104570002FD0226851681A4B0B4353602268D368CE
:1045800023F40043D360236962691343A16922685D
:1045900043EA0123D360E369216A22680B43136075
:1045A0002268136843F00103136000206064202335
:1045B00084F84130206384F8420010BD80F8403018
:1045C000F9F75AFFB8E7A368226843F40043936001
:1045D000CCE723684FF400625A60CAE701207047B5
:1045E000008000027047A8B110B50446242380F86B
:1045F00041300268136823F001031360FFF7F2FFF4
:104600000020606484F84100206384F8420084F84C
:10461000400010BD0120704730B583B0044690F8CB
:104620004100C0B2202837D12068806910F4004FC3
:1046300034D194F84000012832D0012084F84000A1
:10464000212084F84100102084F84200002060649A
:1046500062626385134BE362134B6363638D9BB2AA
:10466000FF2B14D9FF2323854FF080730F4A00924C
:1046700094F828202046FFF788FD002584F8405054
:1046800001212046FFF79CFD284603B030BD638D15
:1046900023854FF00073E9E70220F6E70220F4E7F4
:1046A0000220F2E70000FFFF3F4F010800200080DA
:1046B00030B583B0044690F84100C0B2202837D10D
:1046C0002068806910F4004F34D194F8400001282C
:1046D00032D0012084F84000222084F841001020CC
:1046E00084F842000020606462626385134BE362D9
:1046F000134B6363638D9BB2FF2B14D9FF23238578
:104700004FF080730F4A009294F828202046FFF75C
:104710003CFD002584F8405002212046FFF750FD63
:10472000284603B030BD638D23854FF00073E9E761
:104730000220F6E70220F4E70220F2E70000FFFF84
:104740003F4F0108002400802DE9F04182B004466B
:10475000BDF8248090F84100C0B220285BD10D46FE
:1047600016461F46B8FA88F04009089B002B08BF80
:104770000120002835D123689B6913F4004F4FD1E5
:1047800094F84030012B4DD0012384F84030FEF7DF
:1047900089FC212384F84130402384F842300023EF
:1047A0006364089B6362A4F82A801F4BE3621F4B7B
:1047B0006363638D9BB2FF2B18D9FF2323854FF0D2
:1047C00080780190192300933B46324629462046C3
:1047D000FFF730FE064670B1002384F84030012612
:1047E0001AE04FF400736364012615E0638D23859E
:1047F0004FF00078E5E700270097434694F828201B
:1048000029462046FFF7C1FC84F84070012120466C
:10481000FFF7D6FC00E00226304602B0BDE8F0818A
:104820000226F9E70226F7E70000FFFF3F4F0108E5
:104830002DE9F04182B00446BDF8248090F8410093
:10484000C0B220285CD10D4616461F46B8FA88F043
:104850004009089B002B08BF0120002835D12368A0
:104860009B6913F4004F50D194F84030012B4ED087
:10487000012384F84030FEF715FC222384F84130F0
:10488000402384F8423000236364089B6362A4F8E9
:104890002A80204BE362204B6363638D9BB2FF2B26
:1048A00018D9FF2323854FF08078019019230093B6
:1048B0003B46324629462046FFF7FAFD064670B1D0
:1048C000002384F8403001261BE04FF4007363643A
:1048D000012616E0638D23854FF00078E5E70F4B46
:1048E0000093434694F8282029462046FFF74DFCC4
:1048F000002384F8403002212046FFF761FC00E0ED
:104900000226304602B0BDE8F0810226F9E7022611
:10491000F7E700BF0000FFFF3F4F010800240080C1
:1049200008B5036899691A68436B03B1984708BDD5
:1049300038B50446002380F8423090F84130DBB2AD
:10494000212B0FD0202380F8413012230363002550
:1049500045630221FFF774FC84F840502046F9F7C4
:1049600063FD38BD202380F8413011230363002507
:1049700045630121FFF764FC84F840502046F9F7B5
:104980004BFDEEE77047704710B50446002380F8F2
:10499000423090F84130DBB2292B05D090F84130FD
:1049A000DBB22A2B0FD010BD282380F84130212301
:1049B00003630121FFF744FC002384F840302046C4
:1049C000FFF7E0FFEFE7282380F84130222303635D
:1049D0000221FFF735FC002384F840302046FFF722
:1049E000D2FFE0E77047F8B5044690F8413003F095
:1049F0002803282B06D003680822DA61002380F8F8
:104A00004030F8BD03689E69C6F300469A69120CEF
:104A100002F0FE059A68C2F30902DF6807F0FE079C
:104A2000C168022921D185EAD21515F0060F10D1EF
:104A3000816C01318164816C0229E2D100218164A1
:104A40000820D86184F8401031462046FFF7CAFF9D
:104A5000D7E70421FFF7F4FB002384F840303A46FF
:104A600031462046FFF7BEFFCBE70421FFF7E8FB06
:104A7000002384F840302A4631462046FFF7B2FF33
:104A8000BFE7704710B50446174BC36200230363AA
:104A9000202280F8412080F84230436311F0040F57
:104AA00013D003685A6A436A1A70436A0133436237
:104AB000038D53B1013B0385438D9BB2013B9BB2F8
:104AC0004385436C43F00403436407212046FFF70A
:104AD000B7FB23681022DA61002384F840302046B7
:104AE000FFF7CFFF10BD00BF0000FFFF10B5044669
:104AF00090F84130002084F84200364AE262608536
:104B0000626C0A436264283BDBB2022B24D8032187
:104B10002046FFF795FB282384F8413000232363C8
:104B20002D4B636323681A6812F4804F24D01A68EF
:104B300022F480421A60A36B002B3FD0274A1A65EB
:104B4000002384F84030A06BFFF70AF8002835D026
:104B5000A06B036D984731E007212046FFF770FBFB
:104B600094F84130DBB2602B02D0202384F841302E
:104B7000002323636363D5E71A6812F4004F12D051
:104B80001A6822F400421A60E36BBBB1134A1A653B
:104B9000002384F84030E06BFEF7E2FF70B1E06B79
:104BA000036D98470AE094F84130DBB2602B06D0E1
:104BB000002384F840302046F9F74EFC10BD202336
:104BC00084F84130002384F840302046F9F74CFC4B
:104BD000F4E700BF0000FFFF014D01087953010811
:104BE00070B504460D4603681E682022DA6107216D
:104BF000FFF726FB2268536843F4004353602268A2
:104C0000536823F0FF7323F48B3323F4FF7323F0F3
:104C1000010353602046FFF7A7FA16F4804F3BD0FC
:104C2000A36B1BB11B685B689BB2638515F0040F17
:104C300011D025F0040523685A6A636A1A70636A02
:104C400001336362238D33B1013B2385638D9BB2B6
:104C5000013B9BB26385638D9BB21BB1636C43F0D8
:104C6000040363640023236384F842306363636C4A
:104C7000EBB9E36A13F5803F27D194F84130DBB2FA
:104C8000222B31D0202384F84130002384F8403097
:104C90002046FFF777FE26E016F4004FC6D0E36B00
:104CA000002BC3D01B685B689BB26385BEE7616C59
:104CB0002046FFF71BFF94F84130DBB2282B12D1BE
:104CC00029462046FFF7DEFE0DE02046FFF75CFE9A
:104CD0000A4BE362202384F84130002384F84030FB
:104CE0002046FFF7CEFE70BD202384F8413000231C
:104CF00084F840302046FFF746FEF4E70000FFFF4F
:104D0000F8B5C76A90F84030012B00F0A580044642
:104D10000D461646012380F8403011F0200F02D0D6
:104D200012F0200F19D115F0100F45D016F0100F0A
:104D300042D0638D9BB243BB94F84130DBB2282B49
:104D40000ED094F84130DBB2292B11D02368102209
:104D5000DA61002084F84000F8BDFFF741FFE2E788
:104D6000B7F1007FEDD129462046FFF78BFEF0E733
:104D700017F5803FEAD023681022DA612046FFF75A
:104D8000F3F92046FFF700FEE3E723681022DA611B
:104D9000636C43F004036364B7F1807F14BF0023A6
:104DA0000123002F14BF1F460127002FD1D0616CB3
:104DB0002046FFF79BFECCE715F0040F1FD016F03E
:104DC000040F1CD0638D9BB273B123685A6A636A67
:104DD0001A70636A01336362238D013B2385638DFF
:104DE0009BB2013B9BB26385638D9BB2002BB0D11C
:104DF00017F5803FADD02046FFF7C6FDA9E715F0B7
:104E0000080F02D016F0080F18D115F0020FA0D02D
:104E100016F0020F9DD0638D9BB2A3B1626A236826
:104E200012789A62636A01336362638D9BB2013BBD
:104E30009BB26385238D013B23858AE72946204663
:104E4000FFF7D1FD85E7002F18BFB7F1807F80D134
:104E50002046FFF799FD7CE702207DE710B5044668
:104E600003682022DA610268536823F0FF7323F499
:104E70008B3323F4FF7323F0010353600023036398
:104E80004363A3F58033C36211F0100F06D00368AB
:104E90001022DA61436C43F0040343642046FFF7B9
:104EA00063F903212046FFF7CBF9626C94F8413097
:104EB000DBB2602B00D022B1616C2046FFF716FEFA
:104EC00010BD94F84130DBB2212B15D094F841305D
:104ED000DBB2222BF4D1202384F8413094F8423005
:104EE000DBB2402B22D0002384F8423084F84030DB
:104EF0002046F9F799FAE3E7202384F8413094F843
:104F00004230DBB2402B08D0002384F8423084F8D2
:104F100040302046F9F780FAD2E7002384F8423087
:104F200084F840302046F9F78FFAC9E7002384F867
:104F3000423084F840302046F9F77EFAC0E790F816
:104F40004030012B00F0B98070B582B004460D46A8
:104F50001646012380F8403011F0100F02D012F0F5
:104F6000100F22D115F0040F29D016F0040F26D00F
:104F700025F0040523685A6A636A1A70636A01336C
:104F80006362238D013B2385638D9BB2013B9BB202
:104F9000638515F0200F03D016F0200F40F08880B5
:104FA000002084F8400002B070BD03681022DA616E
:104FB000436C43F004034364FFF7D6F8E9E715F0C8
:104FC000020F12D016F0020F0FD0626A2368127817
:104FD0009A62636A01336362238D013B2385638D8B
:104FE0009BB2013B9BB26385D3E715F0800F3FD0A6
:104FF00016F0400F3CD0638D9BB25BB3238D4BBB4F
:1050000023685968C1F30901638D9BB2FF2B0ED849
:10501000628D92B22285E36A13F5803F11D0E36A74
:1050200000200090D2B22046FFF7AFF8B1E7FF2290
:105030002285002300934FF080732046FFF7A5F8E8
:10504000A7E7002300934FF00073D2B22046FFF78A
:105050009CF89EE723685B6813F0007F03D120462D
:10506000FFF766FC95E740212046FFF73FFD90E7FC
:1050700015F0400F8DD016F0400F8AD0638D9BB293
:105080008BB923685A6812F0007F82D1E26A12F568
:10509000803F04D15A6842F480425A6079E7204642
:1050A000FFF746FC75E740212046FFF71FFD70E73C
:1050B00029462046FFF7D2FE72E702207047F8B576
:1050C000C76A90F84030012B7ED004460D46164644
:1050D000012380F8403011F0200F02D012F0200F91
:1050E00017D115F0100F60D016F0100F5DD0C6F379
:1050F000803216F4804F02D116F4004F51D0E36B8A
:1051000053B116F4004F09D01B685B6823B300212C
:1051100005E0FFF765FDE4E7002100E00021A36B57
:105120001BB112B11B685B68C3B1B9B92368102207
:10513000DA61636C43F004036364B7F1807F14BFEA
:1051400000230123002F14BF1F4601279FB3616C6A
:105150002046FFF7CBFC2EE00121E0E794F8413038
:10516000DBB2282B08D094F84130DBB2292B0BD0CE
:1051700023681022DA611EE0B7F1007FF3D12946DF
:105180002046FFF77FFC16E017F5803FF0D023683C
:105190001022DA612046FEF7E7FF2046FFF7F4FB16
:1051A00009E023681022DA6105E015F0080F02D04B
:1051B00016F0080F03D1002084F84000F8BD2946FE
:1051C0002046FFF710FCF6E70220F7E790F84030A2
:1051D000012B00F09A8010B582B00446012380F8BC
:1051E000403011F0100F02D012F0100F32D111F038
:1051F000800F60D012F0400F5DD02268136823F05A
:1052000040031360638D9BB2002B46D0236859681E
:10521000C1F30901638D9BB2FF2B2DD9FF23238599
:105220004FF080730022009294F828202046FEF769
:10523000ACFF638D9BB2228D9B1A9BB2638594F861
:105240004130DBB2222B22D02268136843F4804322
:1052500013600CE003681022DA61436C43F004032E
:1052600043641221FEF7ACFF2046FEF77DFF0020CD
:1052700084F8400002B010BD638D2385E36A13F506
:10528000803F01D0E36ACDE74FF00073CAE72268A0
:10529000136843F400431360E9E723685B6813F085
:1052A000007F03D12046FFF743FBE0E74021204683
:1052B000FFF71CFCDBE711F0400F1CD012F0400F91
:1052C00019D0638D9BB28BB923685A6812F0007FA6
:1052D000CDD1E26A12F5803F04D15A6842F480428F
:1052E0005A60C4E72046FFF723FBC0E74021204671
:1052F000FFF7FCFBBBE711F0200FB8D012F0200F36
:10530000B5D02046FFF7AAFDB1E70220704710B5DF
:1053100002689369116813F4807F09D011F0800F3F
:1053200006D0446C44F0010444644FF48074D461AA
:1053300013F4806F0AD011F0800F07D0426C42F056
:105340000802426402684FF48064D46113F4007F61
:105350000AD011F0800F07D0436C43F0020343647E
:1053600003684FF40072DA61416C11F00B0F00D149
:1053700010BDFFF7BBFBFBE708B5806B826B00231A
:105380001365C26B136590F84130DBB2602B02D01D
:10539000F9F762F808BD202380F84130F9F764F886
:1053A000F8E790F84130DBB2202B24D190F8403060
:1053B000012B22D0012380F84030242380F8413093
:1053C0000268136823F0010313600268136823F472
:1053D00080531360026813681943116002681368F0
:1053E00043F001031360202380F84130002380F84C
:1053F000403018467047022070470220704790F8EE
:105400004130DBB2202B22D190F84030012B20D04C
:10541000012380F84030242380F84130026813686B
:1054200023F0010313600268136823F4706343EAF6
:10543000012111600268136843F001031360202307
:1054400080F84130002380F8403018467047022031
:1054500070470220704740B338B5044603684CF6E5
:10546000CC421A60036845F255521A6003684268DC
:105470005A60036882689A60FDF714FE0546236847
:10548000DA6832B1FDF70EFE401B3028F7D9032051
:1054900038BD1969E268914202D01A610020F7E72D
:1054A0004AF6AA221A600020F2E70120704703683A
:1054B0004AF6AA221A60002070470000024A1368C8
:1054C00043F48073136070470070004010B582B0E1
:1054D0001B4B1A6C42F080521A641B6C03F0805311
:1054E0000193019B174A136843F480331360FDF75F
:1054F000D9FD0446134B5B6813F4803F08D1FDF7D8
:10550000D1FD001BB0F57A7FF4D9032002B010BDA5
:105510000C4A136843F400331360FDF7C3FD0446DF
:10552000084B5B6813F4003F07D1FDF7BBFD001B80
:10553000B0F57A7FF4D90320E8E70020E6E700BF62
:105540000038024000700040002800F0FF8170B574
:1055500082B00446036813F0010F29D0A74B9B6863
:1055600003F00C03042B1AD0A44B9B6803F00C032C
:10557000082B0FD06368B3F5803F40D0002B54D187
:105580009E4B1A6822F480321A601A6822F4802234
:105590001A6039E0994B5B6813F4800FEAD0974B9F
:1055A0001B6813F4003F03D06368002B00F0D08128
:1055B000236813F0020F74D0904B9B6813F00C0F0C
:1055C0005ED08E4B9B6803F00C03082B53D0E3682E
:1055D000002B00F08980894A136843F001031360AF
:1055E000FDF760FD0546854B1B6813F0020F72D175
:1055F000FDF758FD401B0228F5D90320ADE17F4A95
:10560000136843F48033136063682BB3FDF74AFDDE
:1056100005467A4B1B6813F4003FC9D1FDF742FDE4
:10562000401B6428F5D9032097E1B3F5A02F09D0DA
:10563000724B1A6822F480321A601A6822F48022AF
:105640001A60E1E76D4B1A6842F480221A601A680A
:1056500042F480321A60D7E7FDF724FD0546674B18
:105660001B6813F4003FA3D0FDF71CFD401B64280A
:10567000F5D9032071E1614B5B6813F4800FA6D16B
:105680005E4B1B6813F0020F03D0E368012B40F060
:1056900061815A4A136823F0F803216943EAC10380
:1056A0001360236813F0080F46D0636983B3534A2D
:1056B000536F43F001035367FDF7F4FC05464F4B6E
:1056C0005B6F13F0020F37D1FDF7ECFC401B022893
:1056D000F5D9032041E1494A136823F0F803216911
:1056E00043EAC1031360DCE7444A136823F0010373
:1056F0001360FDF7D7FC0546404B1B6813F0020F03
:10570000CFD0FDF7CFFC401B0228F5D9032024E1C0
:105710003A4A536F23F001035367FDF7C3FC054674
:10572000364B5B6F13F0020F06D0FDF7BBFC401B3E
:105730000228F5D9032010E1236813F0040F7DD06F
:105740002E4B1B6C13F0805F0BD12C4B1A6C42F06C
:1057500080521A641B6C03F080530193019B012556
:1057600000E00025264B1B6813F4807F0ED0A36851
:10577000012B1FD0002B35D1204B1A6F22F00102D4
:105780001A671A6F22F004021A6718E01C4A13689D
:1057900043F480731360FDF785FC0646184B1B68C5
:1057A00013F4807FE3D1FDF77DFC801B6428F5D9DD
:1057B0000320D2E0114A136F43F001031367A3687B
:1057C00053B3FDF76FFC06460C4B1B6F13F0020F33
:1057D00033D1FDF767FC801B41F288339842F3D93F
:1057E0000320BAE0052B0DD0044B1A6F22F0010202
:1057F0001A671A6F22F004021A67E0E700380240C5
:10580000007000405C4B1A6F42F004021A671A6F76
:1058100042F001021A67D2E7FDF744FC0646564BF8
:105820001B6F13F0020F08D0FDF73CFC801B41F208
:1058300088339842F3D903208FE0FDB9A369002B88
:1058400000F08A804C4A926802F00C02082A58D074
:10585000022B19D0484A136823F080731360FDF7B8
:1058600021FC0446444B1B6813F0007F47D0FDF732
:1058700019FC001B0228F5D903206EE03E4A136C88
:1058800023F080531364D9E73B4A136823F08073F5
:105890001360FDF707FC0546374B1B6813F0007FCC
:1058A00006D0FDF7FFFB401B0228F5D9032054E08A
:1058B000E369226A1343626A43EA8213A26A5208C6
:1058C000013A43EA0243E26A43EA026343F00053C7
:1058D000294A5360136843F080731360FDF7E2FBBD
:1058E0000446254B1B6813F0007F06D1FDF7DAFB59
:1058F000001B0228F5D903202FE000202DE0002016
:105900002BE01D4A5268012B29D002F48003E16983
:105910008B4226D102F03F03216A8B4223D1616A78
:1059200047F6C0731340B3EB811F1ED102F4403120
:10593000A36A5B08013BB1EB034F18D102F0706220
:10594000E36AB2EB036F14D1002006E00120704738
:10595000012002E0012000E0002002B070BD012023
:10596000FBE70120F9E70120F7E70120F5E7012037
:10597000F3E70120F1E700BF00380240F8B5244BFF
:105980009B6803F00C03042B3DD0082B3DD1204B2A
:105990005A6802F03F025B6813F4800F12D01C4B70
:1059A0005968C1F3881100231A48A1FB0001F2F7DE
:1059B00033F9174B5B68C3F3014301335B00B0FB62
:1059C000F3F023E0124B5B68C3F388135C010025FE
:1059D000E41A65F10005AE0146EA9466A701381B9A
:1059E00066EB0501CC0044EA5074C500E81844F1A8
:1059F00000018B0243EA905384022046194600239B
:105A0000F2F70AF9D5E7034800E00348F8BD00BF04
:105A10000038024040787D010024F400002800F0A6
:105A2000A08070B50D460446524B1B6803F00F036F
:105A30008B420BD24F4A136823F00F030B431360C2
:105A4000136803F00F038B4240F08D80236813F03E
:105A5000020F17D013F0040F04D0474A936843F4A1
:105A6000E0539360236813F0080F04D0424A936810
:105A700043F460439360404A936823F0F003A168C5
:105A80000B439360236813F0010F31D06368012B3F
:105A900020D0022B25D0384A126812F0020F64D0B1
:105AA00035498A6822F0030213438B60FDF7FAFA46
:105AB0000646314B9B6803F00C036268B3EB820F20
:105AC00016D0FDF7EFFA801B41F288339842F0D9E7
:105AD000032045E0284A126812F4003FE0D101207B
:105AE0003EE0254A126812F0007FD9D1012037E04C
:105AF000204B1B6803F00F03AB420AD91D4A136801
:105B000023F00F032B431360136803F00F03AB4222
:105B10002DD1236813F0040F06D0174A936823F49D
:105B2000E053E1680B439360236813F0080F07D03C
:105B3000114A936823F46043216943EAC1039360E7
:105B4000FFF71CFF0C4B9B68C3F303130B4AD35C9A
:105B5000D8400B4B18600B4B1868FCF7A1FF0020D6
:105B600070BD012070470120FAE70120F8E701200D
:105B7000F6E700BF003C0240003802405C750208B6
:105B800098010020A4010020014B1868704700BF55
:105B90009801002008B5FFF7F7FF044B9B68C3F39B
:105BA0008223034AD35CD84008BD00BF00380240BE
:105BB0006C75020808B5FFF7E7FF044B9B68C3F359
:105BC0004233034AD35CD84008BD00BF00380240CE
:105BD0006C7502080F2303600B4B9A6802F00302F6
:105BE00042609A6802F0F00282609A6802F4E05221
:105BF000C2609B68DB0803F4E0530361034B1B683E
:105C000003F00F030B60704700380240003C024075
:105C1000F0B583B00446066816F001060DD0A44B1B
:105C20009A6822F400029A609A68C16A0A439A60EC
:105C3000C36A002B00F015810026256815F40025A5
:105C400011D09B4AD2F88C3023F44013616B0B4384
:105C5000C2F88C30636BB3F5801F00F00481002B19
:105C600000F003810025236813F4801F0FD0904AB1
:105C7000D2F88C3023F44003A16B0B43C2F88C3074
:105C8000A36BB3F5800F00F0F28003B90125236800
:105C900013F0200F40F0ED80236813F0100F0CD0AC
:105CA000834BD3F88C2022F08072C3F88C20D3F879
:105CB0008C20216B0A43C3F88C20236813F4804F97
:105CC00008D07B4AD2F8903023F44033E16D0B4387
:105CD000C2F89030236813F4004F08D0744AD2F809
:105CE000903023F44023216E0B43C2F89030236898
:105CF00013F4803F08D06E4AD2F8903023F440135A
:105D0000616E0B43C2F89030236813F0400F08D047
:105D1000674AD2F8903023F00303E16B0B43C2F8DB
:105D20009030236813F0800F08D0614AD2F8903089
:105D300023F00C03216C0B43C2F89030236813F45A
:105D4000807F08D05A4AD2F8903023F03003616C3B
:105D50000B43C2F89030236813F4007F08D0544AF4
:105D6000D2F8903023F0C003A16C0B43C2F89030FE
:105D7000236813F4806F08D04D4AD2F8903023F492
:105D80004073E16C0B43C2F89030236813F4006F4A
:105D900008D0474AD2F8903023F44063216D0B437A
:105DA000C2F89030236813F4805F08D0404AD2F8DC
:105DB000903023F44053616D0B43C2F89030236858
:105DC00013F4005F08D03A4AD2F8903023F44043ED
:105DD000A16D0B43C2F89030236813F4001F0DD05F
:105DE000334AD2F8903023F00063616F0B43C2F85E
:105DF0009030636FB3F1006F00F0A680236813F456
:105E0000802F08D02A4AD2F8903023F04073E16EF8
:105E10000B43C2F89030236813F4000F08D0244AD3
:105E2000D2F8903023F08053A16F0B43C2F890302A
:105E3000236813F0806F08D01D4AD2F8903023F009
:105E40000053E16F0B43C2F89030002E7ED12368DF
:105E5000B3F1007F7AD0012D00F0E880002003B07C
:105E6000F0BD0126E9E60126F9E60125FBE601265B
:105E70000BE70F4B1A6C42F080521A641B6C03F054
:105E800080530193019B0B4A136843F480731360A2
:105E9000FDF708F90746074B1B6813F4807F0BD109
:105EA000FDF700F9C01B6428F5D90320D7E700BF30
:105EB00000380240007000408D4B1B6F13F440739C
:105EC00015D0A26A02F440729A4210D0884B1A6F21
:105ED00022F44072196F41F480311967196F21F46F
:105EE000803119671A671B6F13F0010F12D1A36A73
:105EF00003F44072B2F5407F1DD07D4A936823F4CD
:105F0000F81393607A490B6FA26AC2F30B02134332
:105F10000B67C1E6FDF7C6F80746754B1B6F13F01C
:105F2000020FE4D1FDF7BEF8C01B41F2883398425E
:105F3000F3D9032093E76E48826822F4F8126D4982
:105F400019400A438260DDE7012557E7684A136874
:105F500023F080631360FDF7A5F80646644B1B68C9
:105F600013F0006F06D0FDF79DF8801B6428F5D96B
:105F7000032074E7236813F0010F0ED0E36A63B9BE
:105F80005B4AD2F88430616803F0706343EA81139E
:105F9000A16843EA0173C2F88430236813F4002F28
:105FA00003D0626BB2F5801F06D013F4801F19D0A6
:105FB000A36BB3F5800F15D14D4AD2F884106068F9
:105FC000E3681B0643EA801301F0E0410B43C2F88B
:105FD0008430D2F88C3023F01F03E16901390B4380
:105FE000C2F88C30236813F0007F0AD06268E3683F
:105FF0001B0643EA8213A26843EA02733C4AC2F8D2
:1060000084303B4A136843F080631360FDF74AF81D
:106010000646374B1B6813F0006F7FF41CAFFDF78B
:1060200041F8801B6428F4D9032018E7304A13682C
:1060300023F080531360FDF735F805462C4B1B68A1
:1060400013F0005F06D0FDF72DF8401B6428F5D94A
:10605000032004E7236813F4002F01D0626B22B100
:1060600013F4801F18D0A36BB3B9214AD2F888303B
:10607000216903F4403343EA8113616943EA016310
:10608000C2F88830D2F88C3023F4F853216A0139F1
:1060900043EA0123C2F88C30236813F4001F03D0B5
:1060A000636FB3F1006F13D0114A136843F080534C
:1060B0001360FCF7F7FF04460D4B1B6813F0005FFD
:1060C00014D1FCF7EFFF001B6428F5D90320C6E6C6
:1060D0000749D1F888202069A3691B0443EA80138B
:1060E00002F070621343C1F88830DDE70020B6E6A5
:1060F00000380240FFFCFF0F38B50368DA6812F081
:10610000400F01D0002038BD04464FF0FF32DA6066
:10611000FCF7C8FF05462368DB6813F0400F07D182
:10612000FCF7C0FF431BB3F57A7FF4D90320EAE7FD
:106130000020E8E7002846D038B50446437F93B1F5
:10614000022363772368CA225A62236853225A6261
:106150002046FFF7D1FF50B12368FF225A62042383
:106160006377012038BD0377F8F7D8FAE8E72268AB
:106170009168164B0B40936021688A6863682569B3
:106180002B4365692B4313438B602368E2681A61D4
:1061900022681369A16843EA014313612268D36846
:1061A00023F08003D3602268D36C23F00803D36408
:1061B0002268D36CA1690B43D3642368FF225A621F
:1061C00001236377CEE70120704700BFBFFF8FFF39
:1061D0000368503353F8210070472DE9F04106461B
:1061E000884617461D463468A46838EA04030CBF85
:1061F00001240024BC4237D0B5F1FF3FF3D0FCF7B7
:1062000051FF069BC01AA84201D2002DEBD1326883
:10621000536823F0E00353607368B3F5827F0BD0BB
:10622000B36AB3F5005F14D0012386F85D30002314
:1062300086F85C30032018E0B368B3F5806F18BFB0
:10624000B3F5004FECD13268136823F040031360BC
:10625000E6E73268136823F400531360326813686A
:1062600043F400531360DFE70020BDE8F0812DE91F
:10627000F84381460F461646984602E0B8F1FF3FC4
:106280000CD1D9F80050AC683C40B44243D0B7F5CB
:10629000C06F08BF002EF1D12B7BEFE7FCF702FFA8
:1062A000089BC01A404502D2B8F1000FE9D1D9F8D5
:1062B0000020536823F0E0035360D9F80430B3F5AD
:1062C000827F0CD0D9F82830B3F5005F16D00123B7
:1062D00089F85D30002389F85C3003201CE0D9F890
:1062E0000830B3F5806F18BFB3F5004FEAD1D9F885
:1062F0000020136823F040031360E3E7D9F800207F
:10630000136823F400531360D9F80020136843F492
:1063100000531360DBE70020BDE8F88370B582B05E
:1063200004460D46164600920B4600224FF4C0511B
:10633000FFF79DFFB0B900962B4600228021204632
:10634000FFF74BFFA8B900962B4600224FF4C0611F
:106350002046FFF78CFF50B1236E43F020032366E5
:10636000032004E0236E43F020032366032002B0E1
:1063700070BD236E43F0200323660320F7E770B55A
:1063800082B004460D4616464368B3F5827F0DD0B1
:1063900000962B46002280212046FFF71EFF90B971
:1063A0006368B3F5827F14D002B070BD8368B3F523
:1063B000806F18BFB3F5004FEAD10268136823F06D
:1063C00040031360E4E7236E43F0200323660320B9
:1063D000EAE7A368B3F5806F18BFB3F5004FE3D1C8
:1063E00000962B4600224FF4C0612046FFF73FFF86
:1063F0000028D9D0236E43F0200323660320D3E77F
:10640000002858D010B504460023836290F85D3010
:10641000002B45D0022384F85D302268136823F0F6
:1064200040031360E368B3F5E06F3ED90022B3F593
:10643000706F18BFB3F5E06F01D00021A162216B2E
:1064400021B9B3F5E06F33D9022323636368A168F0
:106450000B4321690B4361690B43A16901F400718E
:106460000B43E1690B43216A0B43A06A2168034394
:106470000B60638B03F00403616A0B43616B0B4396
:10648000E1680B43216813434B602268D36923F40E
:106490000063D36100202066012384F85D3010BDC5
:1064A00080F85C30F8F712FBB4E74FF48052BEE797
:1064B00001232363CAE701207047000038B590F834
:1064C0005C30012B00F08B800446012380F85C30A7
:1064D00090F85D50EDB29D427BD1B2FA82F35B0938
:1064E000002908BF0123002B74D1032380F85D30FD
:1064F0000023036681638287C28703640365C364E4
:10650000A0F84430A0F846308368B3F5004F39D086
:10651000636D344A1A64636D334ADA63636D334AD8
:10652000DA64636D00221A652268536823F480439D
:106530005360E368B3F5E06F04D8636D9B69B3F50E
:10654000005F25D02268E38F9BB20C32A16B606D97
:10655000FDF782FA0146002833D123681A6812F049
:10656000400F03D11A6842F040021A602268536853
:1065700043F0200353602268536843F002035360E2
:106580000D4627E00268136843F480431360BFE7B9
:10659000E38F13F0010F09D12268536823F480437D
:1065A0005360E38FC3F34E03E387CBE7226853685E
:1065B00043F480435360E38FC3F34E030133E38717
:1065C000C0E7236E43F010032366012384F85D3097
:1065D00000E00225002384F85C30284638BD0225FF
:1065E000FBE700BF87690108CD690108AB690108B5
:1065F00038B5044690F85C00012800F0F8800120CE
:1066000084F85C0094F85D00C0B2656801280AD087
:10661000B5F5827F40F0DE80A568002D40F0DF8078
:10662000042840F0DE80B2FA82F04009002908BF59
:106630000120002840F0D780002B00F0D68094F88D
:106640005D00C0B2042802D0052084F85D0000205F
:106650002066A163A387E3872264A4F84430A4F8EA
:106660004630E06420652268536823F4C0435360D9
:10667000E368B3F5E06F28D92268536823F48053A8
:10668000536094F85D30DBB2042B69D0A36D594A96
:106690001A64A36D584ADA63A36D584ADA64A36D8D
:1066A00000221A652168B4F846309BB2226C0C3186
:1066B000A06DFDF7D1F9002859D0236E43F01003E7
:1066C0002366012084F85D0085E02268536843F466
:1066D00080535360636D9B69B3F5005F1AD0A36D5F
:1066E0009B69B3F5005FCCD12268536823F48053D3
:1066F0005360B4F8463013F0010F24D12268536878
:1067000023F400535360B4F84630C3F34E03A4F8A7
:106710004630B6E7A38F13F0010F09D12268536802
:1067200023F480435360E38FC3F34E03E387D6E73C
:106730002268536843F480435360E38FC3F34E03EE
:106740000133E387CBE72268536843F40053536077
:10675000B4F84630C3F34E030133A4F8463090E753
:10676000A36D274A1A64A36D264ADA6394E7226868
:10677000536843F001035360626D00231364626D3C
:10678000D363626DD364626D13652268E38F9BB23D
:106790000C32A16B606DFDF75FF998B923681A6838
:1067A00012F0400F03D11A6842F040021A602268CA
:1067B000536843F0200353602268536843F0020398
:1067C000536008E0236E43F010032366012084F831
:1067D0005D0000E00220002384F85C3038BD022018
:1067E000F9E70220F7E70120F5E70120F3E70220AF
:1067F000F4E700BF9F690108956A0108AB690108C9
:10680000936901083D6A010870B5044686681EB99F
:106810004368B3F5827F62D094F85C30012B00F0BE
:10682000A880012384F85C3094F85D50EDB29D425D
:1068300040F09980B2FA82F35B09002908BF012376
:10684000002B40F09180042384F85D300023236600
:106850002164A4F84420A4F84620E3642365A387B8
:10686000E387B6F5004F43D02268536823F4005302
:106870005360E368B3F5E06F40D92268536823F4AE
:1068800080535360A36D3C4A1A64A36D3B4ADA639C
:10689000A36D3B4ADA64A36D00221A652168B4F83F
:1068A00046309BB2226C0C31A06DFDF7D5F8014645
:1068B000002850D123681A6812F0400F03D11A68DB
:1068C00042F040021A602268536843F0200353608C
:1068D0002268536843F0010353600D4644E00423EB
:1068E00080F85D3013460A46FFF782FE05463EE01B
:1068F0002268136823F480431360B5E72268536865
:1069000043F480535360A36D9B69B3F5005FB9D125
:106910002268536823F480535360B4F8463013F070
:10692000010F0BD12268536823F400535360B4F86D
:106930004630C3F34E03A4F84630A3E722685368F9
:1069400043F400535360B4F84630C3F34E030133AD
:10695000A4F8463096E7236E43F010032366012324
:1069600084F85D3000E00225002384F85C3028467E
:1069700070BD0225FBE700BF936901083D6A01086D
:10698000AB690108704708B5806BFFF7FBFF08BDD6
:10699000704708B5806BFFF7FBFF08BD704708B56F
:1069A000806BFFF7FBFF08BD704708B5806B02687E
:1069B000536823F003035360036E43F01003036630
:1069C000012380F85D30FFF7EFFF08BD30B583B0DD
:1069D0000546846BFCF766FB2B681B6813F4807F0D
:1069E00023D1024621684B6823F020034B602168C5
:1069F0004B6823F002034B6064212046FFF78EFCB6
:106A000018B1236E43F020032366A36833B90193C2
:106A10002368DA6801929B680193019B0023E38756
:106A2000012384F85D30236E23B92046F7F7ACFFCD
:106A300003B030BD2046FFF7B7FFF9E738B505468C
:106A4000846BFCF72FFB2B681B6813F4807F19D134
:106A5000024621684B6823F020034B6021684B6895
:106A600023F003034B6064212046FFF788FC08B144
:106A7000202323660023A4F84630012384F85D30E8
:106A8000236E1BB92046F7F783FF38BD2046FFF77A
:106A90008BFFFAE738B50546846BFCF703FB2B68E0
:106AA0001B6813F4807F1CD1024621684B6823F0D9
:106AB00020034B6064212046FFF730FC18B1236EA1
:106AC00043F0200323662268536823F003035360D6
:106AD0000023E387A4F84630012384F85D30236E59
:106AE0001BB92046F7F758FF38BD2046FFF75CFF7B
:106AF000FAE700000268D36843F00103D36002683C
:106B00009168064B0B40062B18BFB3F5803F03D0AE
:106B1000136843F001031360002070470700010071
:106B2000704770477047704710B5044603681A698C
:106B300012F0020F11D0DA6812F0020F0DD06FF0D0
:106B400002021A610123037703689B6913F0030FA4
:106B500079D0FFF7E6FF0023237723681A6912F044
:106B6000040F12D0DA6812F0040F0ED06FF0040296
:106B70001A610223237723689B6913F4407F68D04E
:106B80002046FFF7CEFF0023237723681A6912F00F
:106B9000080F12D0DA6812F0080F0ED06FF008025A
:106BA0001A61042323772368DB6913F0030F57D09E
:106BB0002046FFF7B6FF0023237723681A6912F0F7
:106BC000100F12D0DA6812F0100F0ED06FF0100212
:106BD0001A61082323772368DB6913F4407F46D0CA
:106BE0002046FFF79EFF0023237723681A6912F0DF
:106BF000010F03D0DA6812F0010F3FD123681A6940
:106C000012F0800F03D0DA6812F0800F3DD12368B4
:106C10001A6912F4807F03D0DA6812F0800F3BD13A
:106C200023681A6912F0400F03D0DA6812F0400F9F
:106C300039D123681A6912F0200F03D0DA6812F0F4
:106C4000200F37D110BDFFF76BFF2046FFF76AFF1B
:106C500081E72046FFF764FF2046FFF763FF92E7D6
:106C60002046FFF75DFF2046FFF75CFFA3E72046C5
:106C7000FFF756FF2046FFF755FFB4E76FF001021C
:106C80001A612046F2F714F9B8E76FF080021A6132
:106C9000204600F0B8F8BAE76FF480721A61204617
:106CA00000F0B2F8BCE76FF040021A612046FFF72F
:106CB0003AFFBEE76FF020021A61204600F0A2F80A
:106CC000C0E7000070B403683A4CA04214BF00242F
:106CD0000124B0F1804F14BF224644F00102AAB94A
:106CE000354DA84214BF00250125344EB0420DD0C9
:106CF00065B905F1804505F58235A84214BF002528
:106D0000012506F50066B04200D01DB123F07003E6
:106D10004D682B43002A33D1274A904214BF0022EA
:106D20000122264DA8422BD052BB02F1804202F52F
:106D30008232904214BF0022012205F50065A8426C
:106D40001ED0EAB91E4A904214BF0022012205F566
:106D50009A35A84214D09AB91A4A904214BF002218
:106D6000012205F50065A8420AD04AB9164A9042A8
:106D700014BF00220122A5F59635A84200D01AB111
:106D800023F44073CA68134323F080034A69134312
:106D900003608A68C2620A6882620C4B984214BF20
:106DA000234644F001030BB10B69036301234361E4
:106DB00070BC704700000140000800400004004023
:106DC0000044014000180040002000400004014041
:106DD000B0B110B5044690F83D3063B1022384F899
:106DE0003D30214651F8040BFFF76CFF012384F876
:106DF0003D30002010BD80F83C30F8F71FF9EDE77A
:106E0000012070477047704770470268136823F08D
:106E1000C00313602023436770470268136823F49C
:106E2000907313600268936823F00103936020233A
:106E30008367002303667047C0B138B50546242335
:106E400043670268136823F001031360036800249A
:106E50001C6003685C6003689C60F8F75FFBEC678C
:106E60006C67AC6785F87040204638BD01207047DC
:106E70001346426F202A42D110B50446B3FA83F27A
:106E80005209002908BF0122002A3AD190F8702047
:106E9000012A38D0012280F87020C164A0F8503057
:106EA000A0F852300022C26721224267826ED2B11E
:106EB0001649D163826E16491164826E1549D164F8
:106EC000826E0021116502682832C16C806EFCF769
:106ED000C3FD40B11023E367002384F87030202302
:106EE000636701200AE0236840221A62002084F8C8
:106EF00070002268936843F08003936010BD022005
:106F000070470120FAE70220F8E700BF317001085E
:106F10007D700108D17001081346826F202A47D185
:106F200010B50446B3FA83F25209002908BF0122C2
:106F3000002A3FD190F87020012A3DD0012280F82C
:106F400070204165A0F858300022C2672222826773
:106F5000C26ED2B11949D163C26E19491164C26EB1
:106F60001849D164C26E002111650168426D243157
:106F7000C06EFCF771FD40B11023E367002384F875
:106F8000703020236367012011E0002084F8700036
:106F90002268136843F4807313602268936843F097
:106FA000010393602268936843F04003936010BD2F
:106FB000022070470120FAE70220F8E787700108F5
:106FC000C5700108D170010810B504460268136845
:106FD00023F4907313600268936823F001039360B5
:106FE00003689A6812F0400F0BD09A6822F04002B2
:106FF0009A60C36E2BB100221A65C06EFCF766FD65
:1070000068B90020A4F85A0023680F221A62226887
:10701000936943F0080393612023A36710BDE06EDA
:10702000FCF7A0FE2028ECD11023E3670320F5E74E
:1070300008B5836BC269B2F5807F0DD00022A3F83A
:10704000522019688A6822F080028A601A681368E0
:1070500043F04003136008BD1846F8F7FFF9FAE75C
:1070600008B501680A6822F040020A6020224267DF
:1070700000224266F8F7F2F908BD704708B5806B48
:10708000FFF7FBFF08BD08B50346806BDB69B3F56E
:10709000807F13D00023A0F85A300268136823F4CD
:1070A000807313600268936823F0010393600268A1
:1070B000936823F04003936020238367F8F7F0F987
:1070C00008BD704708B5806BFFF7FBFF08BD704730
:1070D00038B5846B626FA56F23689B6813F0800FCF
:1070E00001D0212A0ED023689B6813F0400F01D0F5
:1070F000222D0ED0E36F43F01003E3672046FFF725
:10710000E6FF38BD0023A4F852302046FFF77DFE8D
:10711000E9E70023A4F85A302046FFF77EFEE9E7AE
:1071200038B504460168CB690D68886840F60F02DF
:107130001A4005D113F0200F02D015F0200F15D101
:107140002AB110F0010017D115F4907F14D113F07B
:10715000800F03D015F0800F40F0888013F0400FAF
:1071600003D015F0400F40F0888038BD236E002B0F
:10717000FBD020469847F8E713F0010F08D015F42C
:10718000807F05D001220A62E26F42F00102E267CD
:1071900013F0020F07D030B1226802211162E26FB2
:1071A00042F00402E26713F0040F07D030B1226806
:1071B00004211162E26F42F00202E26713F0080F4D
:1071C00009D015F0200F00D128B1226808211162E2
:1071D000E26F0A43E26713F4006F0AD015F0806F84
:1071E00007D022684FF400611162E26F42F0200282
:1071F000E267E26F002AB8D013F0200F06D015F036
:10720000200F03D0236E0BB120469847E26F23680E
:107210009B6813F0400F02D112F0280F20D02046B7
:10722000FFF7FBFD23689A6812F0400F14D09A68AC
:1072300022F040029A60E36E53B1124A1A65E06E82
:10724000FCF78EFC002890D0E06E036D98478CE729
:107250002046FFF73CFF88E72046FFF738FF84E72A
:107260002046FFF734FF0023E3677EE7636E002BC1
:107270003FF47BAF2046984777E72046FFF7F0FEC4
:1072800073E700BF8972010808B5806B0023A0F87E
:107290005A30A0F85230FFF71AFF08BD38B504463F
:1072A00083680269134342691343C2691343016847
:1072B00008689F4A024013430B602268536823F416
:1072C0004053E1680B435360A269236A1A43216863
:1072D0008B6823F4306313438B602368954A934291
:1072E00019D0954A934229D0944A93423ED0944A69
:1072F000934262D0934A934271D0934A934200F0F2
:107300008380924A934200F09480914A934200F025
:10731000A58010253AE08F4BD3F8903003F003039B
:10732000032B09D8DFE803F00204AE0601252DE0A7
:1073300004252BE0082529E0102527E0854BD3F80C
:10734000903003F00C030C2B0ED8DFE803F0070D90
:107350000D0D090D0D0D9D0D0D0D0B00002515E0FA
:10736000042513E0082511E010250FE0794BD3F830
:10737000903003F03003202B00F0888019D8002BC8
:1073800000F08680102B40F085800425E369B3F57A
:10739000004F00F0AB80082D00F24081DFE815F0CF
:1073A0000701180122013E012B013E013E013E0171
:1073B0003501302B70D10825E8E7664BD3F89030C3
:1073C00003F0C003802B69D005D8002B68D0402B78
:1073D00068D10425DAE7C02B66D10825D6E75D4BD6
:1073E000D3F8903003F44073B3F5007F5ED006D835
:1073F000002B5DD0B3F5807F5CD10425C6E7B3F5E3
:10740000407F59D10825C1E7524BD3F8903003F49F
:107410004063B3F5006F51D006D8002B50D0B3F5C0
:10742000806F4FD10425B1E7B3F5406F4CD10825EB
:10743000ACE7484BD3F8903003F44053B3F5005F0A
:1074400044D006D8002B43D0B3F5805F42D1042549
:107450009CE7B3F5405F3FD1082597E73D4BD3F854
:10746000903003F44043B3F5004F37D005D8BBB399
:10747000B3F5804F36D1042588E7B3F5404F33D1BB
:10748000082583E7022581E702257FE702257DE7BE
:1074900000257BE7102579E7102577E7022575E7BA
:1074A000002573E7102571E710256FE702256DE7CA
:1074B00000256BE7102569E7102567E7022565E7DA
:1074C000012563E7102561E710255FE702255DE7E9
:1074D00000255BE7102559E7102557E7022555E7FA
:1074E000002553E7102551E710254FE7082D5BD8FD
:1074F000DFE805F005323D5A465A5A5A5100FEF768
:1075000049FB6268530803EB4003B3FBF2F39BB201
:10751000A3F110014FF6EF72914200F282809AB20D
:1075200022F00F02C3F3420313432268D3607BE0CF
:10753000F369FFEF001001400044004000480040A4
:10754000004C004000500040001401400078004012
:10755000007C004000380240FEF72CFB62685308B4
:1075600003EB4003B3FBF2F39BB20025D0E7626864
:10757000304B03EB5203B3FBF2F39BB20025C7E79A
:10758000FEF7FCF96268530803EB4003B3FBF2F328
:107590009BB20025BCE76268530803F58033B3FB58
:1075A000F2F39BB20025B3E701250023B0E7FEF715
:1075B000F1FA626800EB5203B3FBF2F39BB2A3F162
:1075C00010014FF6EF7291422DD82268D3602BE064
:1075D000FEF7F0FA626800EB5203B3FBF2F39BB2E2
:1075E0000025ECE76268144B03EB5203B3FBF2F3A4
:1075F0009BB20025E3E7FEF7C1F9626800EB520396
:10760000B3FBF2F39BB20025D9E76268530803F598
:107610000043B3FBF2F39BB20025D0E70125002322
:10762000CDE7012500E00125002323666366284697
:1076300038BD00BF0048E8010024F400436A13F09D
:10764000010F06D00268536823F40033816A0B43AC
:107650005360436A13F0020F06D00268536823F4A4
:107660008033C16A0B435360436A13F0040F06D0A2
:107670000268536823F48023016B0B435360436A11
:1076800013F0080F06D00268536823F40043416BDF
:107690000B435360436A13F0100F06D002689368DF
:1076A00023F48053816B0B439360436A13F0200FE4
:1076B00006D00268936823F40053C16B0B439360B8
:1076C000436A13F0400F0AD00268536823F4801312
:1076D000016C0B435360036CB3F5801F0BD0436AFE
:1076E00013F0800F06D00268536823F40023816CE6
:1076F0000B43536070470268536823F4C003416C26
:107700000B435360EBE72DE9F84305460F46164659
:107710009946DDF820802C68E46937EA04030CBF41
:1077200001240024B4423CD1B8F1FF3FF3D0FBF771
:10773000B9FCA0EB0900404521D8B8F1000F1ED0DC
:107740002B681A6812F0040FE5D0DA6912F4006FA2
:10775000E1D04FF400621A622A68136823F4D073F0
:1077600013602A68936823F00103936020236B67FA
:10777000AB67EB67002385F87030032012E02A68BE
:10778000136823F4D07313602A68936823F001030D
:10779000936020236B67AB67002385F8703003206C
:1077A00000E00020BDE8F8832DE9F04182B01E46DC
:1077B000436F202B59D104460D469046B2FA82F30E
:1077C0005B09002908BF0123002B52D190F87030CB
:1077D000012B50D0012380F870300023C367212390
:1077E0004367FBF75FFC0746A4F85080A4F852807B
:1077F000A368B3F5805F05D04FF00008002384F83C
:10780000703014E0236913B14FF00008F6E7A84682
:107810000025F3E738F8023B2268C3F308039362BC
:10782000B4F8522092B2013A92B2A4F85220B4F8BD
:1078300052309BB273B100963B4600228021204615
:10784000FFF761FFC8B9002DE4D015F8012B2368BC
:107850009A62E5E700963B46002240212046FFF76A
:1078600052FF60B92023636700E0022002B0BDE848
:10787000F0810120FAE70220F8E70320F6E7032071
:10788000F4E710B582B004460023C367FBF70AFC97
:1078900023681B6813F0080F07D120236367A367D1
:1078A000002084F8700002B010BD6FF07E4300939A
:1078B000034600224FF400112046FFF724FF002862
:1078C000EBD00320EFE768B310B50446436F03B372
:1078D000242363672268136823F0010313602046A2
:1078E000FFF7DCFC012813D0636ABBB92268536838
:1078F00023F4904353602268936823F02A03936033
:107900002268136843F0010313602046FFF7B9FFB4
:1079100010BD80F87030F7F7EDFDD9E72046FFF78E
:107920008DFEE3E70120704710B50446FBF75AFAD5
:10793000A26BE36B9A4204D00024FBF779FA20464D
:1079400010BD0124F9E710B50446FBF74BFAA36B11
:1079500023B90124FBF76CFA204610BD0024F9E797
:1079600070B504461546866B026C5AB903681BB1A4
:1079700000200136A66370BD806800F06BFF002315
:10798000A360F6E76DB94068EFF702FB226C63680D
:1079900013446360A268934219D323686360284646
:1079A000E7E7C068EFF7F4FA226C5142E3689B1AEC
:1079B000E3602268934202D2A3680B44E360022D85
:1079C00001D00020D5E726B1013E0020D1E72846AE
:1079D000CFE70020CDE70346026C6AB110B5084638
:1079E000D9681144D9609C68A14201D31968D96053
:1079F000D968EFF7CDFA10BD704738B50546FBF7EB
:107A0000F1F995F8454064B203E000F007FF013C4E
:107A100064B2002C08DD6B6A33B105F1240000F07C
:107A200063FE0028F3D0F0E7FF2385F84530FBF72D
:107A3000FFF9FBF7D7F995F8444064B203E000F092
:107A4000EDFE013C64B2002C08DD2B6933B105F179
:107A5000100000F049FE0028F3D0F0E7FF2385F87E
:107A60004430FBF7E5F938BD38B5E0B10D460446C2
:107A7000FBF7B8F92168E26B236C03FB0210A060EE
:107A80000020A0636160013A02FB0313E360FF235F
:107A900084F8443084F84530FDB9236973B9FBF7A5
:107AA000C7F9012038BD4FF0500372B683F3118837
:107AB000BFF36F8FBFF34F8F62B6FEE704F1100084
:107AC00000F012FE0028EAD0084B4FF080521A60F6
:107AD000BFF34F8FBFF36F8FE1E704F1100001F0A8
:107AE0004DFA04F1240001F049FAD8E704ED00E072
:107AF00010B5034602980C4631B90060C3630464B4
:107B00000121FFF7B1FF10BD0260F7E750B94FF058
:107B1000500372B683F31188BFF36F8FBFF34F8F9B
:107B200062B6FEE730B585B01C468BB10B1E18BFA0
:107B30000123002A08BF0123ABB94FF0500372B6EE
:107B400083F31188BFF36F8FBFF34F8F62B6FEE7E9
:107B50004FF0500372B683F31188BFF36F8FBFF3FA
:107B60004F8F62B6FEE7B1FA81F35B09002A18BFB6
:107B7000012353B94FF0500372B683F31188BFF35A
:107B80006F8FBFF34F8F62B6FEE748230393039BCB
:107B9000482B0AD04FF0500372B683F31188BFF31D
:107BA0006F8FBFF34F8F62B6FEE7039B012384F80C
:107BB000463000949DF82030FFF79AFF204605B02C
:107BC00030BD0000F0B585B0019298B10E461D465B
:107BD0000446D1B1022D26D1E36B012B23D04FF007
:107BE000500372B683F31188BFF36F8FBFF34F8FCB
:107BF00062B6FEE74FF0500372B683F31188BFF30D
:107C00006F8FBFF34F8F62B6FEE7036C002BE1D09E
:107C10004FF0500372B683F31188BFF36F8FBFF339
:107C20004F8F62B6FEE700F005FE074668B9019B7C
:107C3000002B46D04FF0500372B683F31188BFF388
:107C40006F8FBFF34F8F62B6FEE7002739E02A46F9
:107C500031462046FFF784FE626A6AB938B13C4B70
:107C60004FF080521A60BFF34F8FBFF36F8FFBF757
:107C7000DFF8012005B0F0BD04F1240000F034FD70
:107C80000028F4D0324B4FF080521A60BFF34F8F70
:107C9000BFF36F8FEBE7FBF7CBF80020EAE702A812
:107CA00000F06AFD012719E0002384F8443021E048
:107CB000002384F8453023E02046FFF79EFE00F0C5
:107CC000DBFBFBF78FF8A26BE36B9A42BFD3022D6D
:107CD000BDD0019B002BDED0002FE0D0FBF7A8F831
:107CE00000F034FBFBF77EF894F844305BB2B3F15C
:107CF000FF3FD9D094F845305BB2B3F1FF3FD7D006
:107D0000FBF796F801A902A800F042FDC8B9204689
:107D1000FFF70AFE0028CFD0019904F1100000F00F
:107D2000C9FC2046FFF769FE00F0A6FB0028C8D179
:107D3000074B4FF080521A60BFF34F8FBFF36F8F26
:107D4000BFE72046FFF759FE00F096FB002091E7C1
:107D500004ED00E0F0B585B00192A0B10E460446F6
:107D6000E1B100F067FD074630BB019B002B62D0FC
:107D70004FF0500372B683F31188BFF36F8FBFF3D8
:107D80004F8F62B6FEE74FF0500372B683F311884F
:107D9000BFF36F8FBFF34F8F62B6FEE7036C002B0C
:107DA000DFD04FF0500372B683F31188BFF36F8FAB
:107DB000BFF34F8F62B6FEE700273CE03146204616
:107DC000FFF709FE013DA563236923B9FBF730F8EE
:107DD000012005B0F0BD04F1100000F085FC002882
:107DE000F4D0354B4FF080521A60BFF34F8FBFF382
:107DF0006F8FEBE7FBF71CF80020EAE702A800F022
:107E0000BBFC012721E0002384F8443029E0002353
:107E100084F845302BE02046FFF7EFFD00F02CFB07
:107E200009E02046FFF7E9FD00F026FB2046FFF7BA
:107E30008AFD00283DD1FAF7D5FFA56B002DBDD1F5
:107E4000019B002BD6D0002FD8D0FAF7F1FF00F01D
:107E50007DFAFAF7C7FF94F844305BB2B3F1FF3F05
:107E6000D1D094F845305BB2B3F1FF3FCFD0FAF7F1
:107E7000DFFF01A902A800F08BFC0028D1D1204629
:107E8000FFF761FD0028C6D0019904F1240000F03D
:107E900011FC2046FFF7B1FD00F0EEFA0028CAD130
:107EA000054B4FF080521A60BFF34F8FBFF36F8FB7
:107EB000C1E700208DE700BF04ED00E0084B1B6820
:107EC0001B6823B9074B4FF0FF321A607047044B11
:107ED0001B68DB68DB685A68024B1A60704700BF9A
:107EE00004740020E07400202DE9F84F80460D4610
:107EF000934699460A9EDDF82CA00C9C9200A52181
:107F0000206B07F007FA276B6FF040435B4407EBE9
:107F1000830727F007078DB300220F2A07D8A95C33
:107F2000A31883F83410AB5C0BB10132F5E70023E2
:107F300084F84330062E00D90626E66266640025E2
:107F4000A564201D01F025F804F1180001F021F8C6
:107F50002461C6F10706A6616462E564256584F8BC
:107F600054504A4641463846FAF714FF2060BAF1A9
:107F7000000F01D0CAF80040BDE8F88F002384F854
:107F80003430D7E738B5002407E004EB84029300CF
:107F90000E48184400F0F2FF0134062CF5D90C4DC0
:107FA000284600F0EBFF0B4C204600F0E7FF0A48A4
:107FB00000F0E4FF094800F0E1FF094800F0DEFFAF
:107FC000084B1D60084B1C6038BD00BF0C740020BE
:107FD000B4740020C8740020E874002014750020D8
:107FE00000750020047400200874002010B50446B9
:107FF000FAF7F8FE204A1368013313601F4B1B6821
:108000005BB11F4B1B686BB91C4B1B68DA6AE36AD8
:108010009A4207D8194B1C6004E0184B1C60136887
:10802000012B26D0174A136801331360E06A01233D
:108030008340154A11680B43136000EB8000211D3B
:10804000124B03EB800000F0A7FFFAF7F1FE0C4B98
:108050001B686BB1094B1B68DA6AE36A9A4207D264
:108060000B4B4FF080521A60BFF34F8FBFF36F8FEF
:1080700010BDFFF787FFD5E79C7400200074002037
:10808000FC740020AC740020B07400200C7400203C
:1080900004ED00E010B5044690F8553073B1012BA3
:1080A00013D0022B10D04FF0500372B683F3118817
:1080B000BFF36F8FBFF34F8F62B6FEE7006B00F028
:1080C00021FF204600F01EFF10BD00F01BFFFBE764
:1080D0000F4B1B68D3B110B5FAF784FE0D4BDB686C
:1080E000DC68201D00F07CFF0B4A1368013B136025
:1080F000074A1368013B1360FAF79AFE2046FFF720
:10810000C9FF034B1B68002BE6D110BD704700BFB1
:10811000A0740020147500209C74002008B5FFF79F
:10812000D7FF064B1B68012BF9D9054B4FF0805246
:108130001A60BFF34F8FBFF36F8FF0E70C7400200E
:1081400004ED00E070B504460D461F4B1E681F4B42
:108150001868043000F044FF50B91C4B1B68DA6A01
:10816000012303FA02F21A490B6823EA02030B60A7
:10817000B4F1FF3F14BF00230123002D08BF0023EB
:108180006BB93444114B1B685C60A6420ED9114B8D
:1081900018680E4B1968043100F009FF70BD0B4BD5
:1081A000196804310C4800F0F7FEF7E70B4B18682C
:1081B000064B1968043100F0FAFE094B1B68A34214
:1081C000ECD9074B1C60E9E72875002000740020FB
:1081D000B074002008740020007500200474002092
:1081E000E074002070B586B00B9D0C9C85B1D4B1B5
:1081F00058260496049E582E20D04FF0500372B695
:1082000083F31188BFF36F8FBFF34F8F62B6FEE722
:108210004FF0500372B683F31188BFF36F8FBFF333
:108220004F8F62B6FEE74FF0500372B683F31188AA
:10823000BFF36F8FBFF34F8F62B6FEE7049E2563D7
:10824000022584F8555000250395029405AD01954B
:108250000A9D0095FFF748FE2046FFF7C7FE0598E8
:1082600006B070BD2DE9F04385B007468846144638
:108270001E46900000F0CAFD00B38146582000F071
:10828000C5FD0546B0B1C0F83090E5B1002385F8D2
:108290005530039302950D9B01930C9B009333463D
:1082A000224641463846FFF71FFE2846FFF79EFE4E
:1082B000012005E0484600F025FEE6E74FF0FF30DC
:1082C00005B0BDE8F0834FF0FF30F9E710B588B096
:1082D00000240594069407AA06A905A8F4F71CFB38
:1082E000059B0293069B019300942346079A10492D
:1082F0001048FFF777FF104B1860B0B14FF05003F4
:1083000072B683F31188BFF36F8FBFF34F8F62B6DE
:108310000A4B4FF0FF321A60094B01221A60094ADA
:108320001460094A1460FAF701FE08B010BD00BFDE
:108330007C7502081D810108DC740020E0740020B7
:10834000FC74002028750020140A0020024A1368DB
:1083500001331360704700BFA8740020F8B53B4B91
:108360001B68002B66D13A4B1D6801351D60D5B9DD
:10837000384B1B681B6853B14FF0500372B683F340
:108380001188BFF36F8FBFF34F8F62B6FEE7314A9C
:108390001168314B186810601960304A1368013356
:1083A0001360FFF78BFD2E4B1B68AB4238D90024BE
:1083B0002C4B1B68DB6A03EB83039A002A4B9B5808
:1083C000012B3CD901243AE00124224B1B681B6895
:1083D00043B3204B1B68DB68DE6873689D4226D37D
:1083E000371D384600F0FCFDB36A1BB106F11800DA
:1083F00000F0F6FDF36A01229A401C490868024326
:108400000A6003EB83039A0039461748104400F0D2
:10841000C3FDF26A134B1B68DB6A9A42D4D2D4E7DD
:108420000024D2E70E4B4FF0FF321A60C0E70C4A2F
:108430001360BDE70E4A13680133136000240D4B2F
:108440001B6803B101242046F8BD00BFA8740020BA
:10845000287500200474002008740020E4740020B3
:10846000E0740020007400200C740020B074002020
:10847000A47400202C75002038B5354B1B6853B907
:108480004FF0500372B683F31188BFF36F8FBFF3C1
:108490004F8F62B6FEE7FAF7A5FC2D4B1A68013A3A
:1084A0001A601B68002B4DD12A4B1B680BB90024A6
:1084B00049E00024284B1B681BB3274BDB68DC68B2
:1084C00004F1180000F08CFD251D284600F088FD01
:1084D000E06A01238340214A11680B43136000EBDB
:1084E000800029461E4B03EB800000F055FDE26A38
:1084F0001C4B1B68DB6A9A42DCD31B4B01221A60BF
:10850000D8E70CB1FFF7DAFC184B1C6874B9164BAE
:108510001C68C4B1164B4FF080521A60BFF34F8FE6
:10852000BFF36F8F01240EE0013C07D0FFF716FF69
:108530000028F9D00C4B01221A60F5E70B4B002202
:108540001A60E4E70024FAF773FC204638BD00BF48
:10855000A87400209C740020E8740020B0740020EF
:108560000C740020007400202C750020A4740020DE
:1085700004ED00E010B5B8B10446104B1B6853B1D0
:108580004FF0500372B683F31188BFF36F8FBFF3C0
:108590004F8F62B6FEE7FFF7D9FE00212046FFF7B6
:1085A000D1FDFFF769FF38B9054B4FF080521A60D3
:1085B000BFF34F8FBFF36F8F10BD00BFA8740020B3
:1085C00004ED00E0344B1B681BB1344B01221A60F0
:1085D000704710B5314B00221A60314B1A68314B8D
:1085E0001B689A4205D930490868D31AC16C0B44FC
:1085F000C3642C4B1A602C4B1B681B6B1A68B2F1BE
:10860000A53F03D15A68B2F1A53F1DD0264B18688B
:1086100019683431F4F764F9244B1B68B3FA83F317
:10862000DBB2C3F11F0303EB83018A0020498A58A0
:108630009AB94FF0500372B683F31188BFF36F8F6E
:10864000BFF34F8F62B6FEE79A68B2F1A53FDDD166
:10865000DB68B3F1A53FD9D1DEE7154903EB830011
:1086600082000A4450684068506003EB8304A20013
:10867000144608321144884209D003EB83039A0060
:108680000B4B13445B68DA68074B1A6010BD4068F7
:10869000074A22445060F0E7A87400202C7500209F
:1086A000140A00209874002000740020B074002088
:1086B0000C74002058B110B50C460A4B19681831DB
:1086C00000F075FC01212046FFF73CFD10BD4FF086
:1086D000500372B683F31188BFF36F8FBFF34F8FD0
:1086E00062B6FEE70074002038B5C368DC6824B3C6
:1086F00004F11805284600F073FC194B1B683BBBBE
:10870000251D284600F06CFCE06A01238340154AD1
:1087100011680B43136000EB80002946124B03EBFA
:10872000800000F039FCE26A104B1B68DB6A9A4259
:1087300013D901200E4B186010E04FF0500372B6B1
:1087400083F31188BFF36F8FBFF34F8F62B6FEE7DD
:108750002946084800F020FCE5E7002038BD00BFAE
:10876000A8740020B07400200C7400200074002055
:108770002C750020E8740020034B1B680360034B3A
:108780001B684360704700BFE47400202875002018
:10879000F8B5C8B10C46054609B3FAF723FB1D4BE3
:1087A00019686B68C81A2268B2F1FF3F2AD02F6897
:1087B000194E3668B74201D08B4228D9824219D867
:1087C0000023236001241EE04FF0500372B683F3B0
:1087D0001188BFF36F8FBFF34F8F62B6FEE74FF084
:1087E000500372B683F31188BFF36F8FBFF34F8FBF
:1087F00062B6FEE75B1A134423602846FFF7BCFF0E
:10880000002400E00024FAF713FB2046F8BD012401
:10881000F9E700BF28750020E4740020014B012215
:108820001A6070472C750020014B1868704700BF14
:1088300000740020054B1B6833B1054B1B680BB15E
:10884000002070470220704701207047FC74002010
:10885000A8740020002850D038B50446294B1B6866
:1088600083420AD04FF0500372B683F31188BFF3EE
:108870006F8FBFF34F8F62B6FEE7836C53B94FF033
:10888000500372B683F31188BFF36F8FBFF34F8F1E
:1088900062B6FEE7013B8364C16A426C91422ED00E
:1088A0000BB1002038BD051D284600F099FB70B9BA
:1088B000E26A02EB82039B001349CB583BB90123C8
:1088C00003FA02F211490B6823EA02030B60606CA1
:1088D000E062C0F10703A361012404FA00F30B4A2C
:1088E00011680B43136000EB80002946064B03EB35
:1088F000800000F051FB2046D4E7002070470020A4
:10890000D0E700BF007400200C740020B074002079
:1089100038B505460C46FAF765FA194B1B681B6D0E
:108920002BB9174B1B68012283F85420ACB9FAF716
:108930007FFAFAF757FA124B1B681C6D24B1CDB1C0
:108940000F4B1B6800221A650D4B1B68002283F831
:108950005420FAF76DFA204638BD11462046FFF73D
:10896000F1FB084B4FF080521A60BFF34F8FBFF3FB
:108970006F8FDCE7024B1B68621E1A65E4E700BFDD
:108980000074002004ED00E0F8B506460F461446DA
:108990001D46FAF727FA204B1B6893F85420D2B2F1
:1089A000022A0AD01C4B1A68106D20EA06061665CA
:1089B0001B68012283F85420CDB9FAF739FAFAF787
:1089C00011FA1CB1144B1B681B6D2360124B1B6802
:1089D00093F85430DBB2022B16D000240E4B1B68E8
:1089E000002283F85420FAF723FA2046F8BD1146F6
:1089F0002846FFF7A7FB094B4FF080521A60BFF3E0
:108A00004F8FBFF36F8FD8E7034B1B68196D21EAB7
:108A100007071F650124E1E70074002004ED00E072
:108A2000F8B5A8B10D4616461F460446FAF7DAF91E
:108A30000FB1236D3B6094F85430DBB2022284F80E
:108A40005420042E21D8DFE806F02F0E13181B0047
:108A50004FF0500372B683F31188BFF36F8FBFF3EB
:108A60004F8F62B6FEE7226D1543256501251CE098
:108A7000226D01322265012517E02565012514E0EC
:108A8000022B18D0256501250FE0226DB2F1FF3FC2
:108A900013D04FF0500372B683F31188BFF36F8F7A
:108AA000BFF34F8F62B6FEE70125012B07D0FAF71F
:108AB000BFF92846F8BD0025F7E70125F5E7261D93
:108AC000304600F08DFAE06A01238340134A1168B2
:108AD0000B43136000EB80003146114B03EB800029
:108AE00000F05AFAA36A53B14FF0500372B683F301
:108AF0001188BFF36F8FBFF34F8F62B6FEE7E26A54
:108B0000084B1B68DB6A9A42D1D9074B4FF0805261
:108B10001A60BFF34F8FBFF36F8FC8E7B0740020A8
:108B20000C7400200074002004ED00E02DE9F843EF
:108B3000089E20B30D46174699460446FAF75EFA9A
:108B4000EFF311884FF0500372B683F31188BFF32F
:108B50006F8FBFF34F8F62B6B9F1000F02D0236D54
:108B6000C9F8003094F85430DBB2022284F8542063
:108B7000042F21D8DFE807F02F0E13181B004FF049
:108B8000500372B683F31188BFF36F8FBFF34F8F1B
:108B900062B6FEE7226D1543256501251CE0226DB6
:108BA00001322265012517E02565012514E0022B1D
:108BB00019D0256501250FE0226DB2F1FF3F14D0D9
:108BC0004FF0500372B683F31188BFF36F8FBFF37A
:108BD0004F8F62B6FEE70125012B08D088F311887C
:108BE0002846BDE8F8830025F6E70125F4E7A36AE7
:108BF00053B14FF0500372B683F31188BFF36F8FF8
:108C0000BFF34F8F62B6FEE7144B1B68FBB9271DFD
:108C1000384600F0E5F9E06A01238340104A116804
:108C20000B43136000EB800039460E4B03EB8000D2
:108C300000F0B2F9E26A0C4B1B68DB6A9A42CDD9AC
:108C40000EB101233360094B01221A60C6E704F11B
:108C50001801074800F0A0F9ECE700BFA874002055
:108C6000B07400200C740020007400202C750020CB
:108C7000E8740020F8B5E8B10D460446FAF7BEF9ED
:108C8000EFF311874FF0500372B683F31188BFF3EF
:108C90006F8FBFF34F8F62B694F85430DBB202226D
:108CA00084F85420226D01322265012B0DD087F308
:108CB0001188F8BD4FF0500372B683F31188BFF3EB
:108CC0006F8FBFF34F8F62B6FEE7A36A53B14FF0C9
:108CD000500372B683F31188BFF36F8FBFF34F8FCA
:108CE00062B6FEE7144B1B68FBB9261D304600F048
:108CF00077F9E06A01238340104A11680B4313603F
:108D000000EB800031460E4B03EB800000F044F98D
:108D1000E26A0C4B1B68DB6A9A42C8D90DB1012389
:108D20002B60094B01221A60C1E704F118010748C2
:108D300000F032F9ECE700BFA8740020B074002006
:108D40000C740020007400202C750020E8740020B2
:108D5000124A12F0070F1ED0D11D21F00701C1F5F4
:108D6000003313440A460E48026000214160134458
:108D7000083B23F007030B48036059601960991AF8
:108D800051601360084B1960084B1960084B4FF095
:108D900000421A6070474FF40033E4E73475002056
:108DA00040750220307500203C7502203875022085
:108DB0003475022010B4134B1A461B688342FBD350
:108DC0005168541884420AD041684418A3420BD019
:108DD0000360904200D010605DF8044B704740681B
:108DE000014451601046EFE7074C2468A34206D0C7
:108DF0005B681944416013681B680360E9E704601D
:108E0000E7E700BF407502203075002070B50446CA
:108E1000FFF79CFA364B1B68A3B1364B1B681C420C
:108E20004CD134B1083414F0070F02D024F00704F9
:108E30000834002C44D0304B1B68A34251D32F4B35
:108E40001D6804E0FFF784FFE7E72B4615466A68D4
:108E5000A24202D22A68002AF7D1254A1268AA4201
:108E600041D01E6808362A681A606B681B1B102BDD
:108E700012D9281910F0070F0AD04FF0500372B61C
:108E800083F31188BFF36F8FBFF34F8F62B6FEE796
:108E900043606C60FFF78EFF6A6817490B689B1A86
:108EA0000B60174909688B4201D215490B60114BC1
:108EB0001B6813436B6000232B6002E0002600E078
:108EC0000026FFF7D9FA16F0070F0ED04FF0500327
:108ED00072B683F31188BFF36F8FBFF34F8F62B603
:108EE000FEE70026EDE70026EBE7304670BD00BF49
:108EF000307500203475022038750220407502203C
:108F00003C750220002834D038B50446A0F108058D
:108F100050F8043C174A126813420AD14FF050032C
:108F200072B683F31188BFF36F8FBFF34F8F62B6B2
:108F3000FEE750F8081C51B14FF0500372B683F3AE
:108F40001188BFF36F8FBFF34F8F62B6FEE723EA3E
:108F5000020340F8043CFFF7F9F954F8041C064AF0
:108F600013680B4413602846FFF724FFFFF784FAC9
:108F700038BD7047347502203875022000F10803AF
:108F800043604FF0FF328260C360036100230360DF
:108F9000704700230361704743684B609A688A609A
:108FA000516099600861036801330360704730B411
:108FB0000D68B5F1FF3F11D000F108031C465B6856
:108FC0001A68AA42FAD963684B6099608C60616044
:108FD000086103680133036030BC70470469F2E73D
:108FE0000369416882688A60416851605A688242B8
:108FF00006D0002202611A68013A1A6018687047A8
:1090000082685A60F5E7F0B4BDF810700024BC42E5
:109010000BD203EB4405565B350A45EA062501EB06
:10902000440685530134A4B2F1E7F0BC7047000058
:10903000F0B4BDF810C00025654515D203EB8504DA
:1090400014590A4F07EA0427C4F307263E43270CA6
:10905000240E44EA0724A4B244EA064401EB850640
:1090600084510135ADB2E7E7F0BC704700FFFF0067
:10907000014680B10020094B1B88834208D9430177
:10908000074A1268D35A8B4207D0013080B2F2E708
:109090004FF6FF7070474FF6FE7070476E770220F4
:1090A000607702202038C0B210280FD9132903D0CE
:1090B000142906D00020704712F0080FF8D00120C4
:1090C000704712F0100F03D1002070470120704745
:1090D000012070472DE9F84305460F464369EBB17F
:1090E000164694B24FF0000812E06B6904EB84025C
:1090F0004FEA820903EB8203187902F01BFB6B69CC
:109100004B44DB8803FB00801FFA80F80134A4B2D3
:10911000BB199C42E9DB4046BDE8F883007A02F0C7
:1091200009FBBFB210FB07F71FFA87F8F3E700004F
:10913000F8B505460024048113E0324621210220BF
:1091400001F052FF2B683B44144A1068DA78997892
:1091500000EB4610FFF7BEFF2B891844288101342D
:10916000A4B2AB88A34213D92B68A70003EB8402F7
:1091700033F824604FF6FE739E4204D0084B1B88E0
:10918000B342DFD8D9E793782A8913442B81E6E7E5
:109190002B890733DB102B81F8BD00BF60770220DD
:1091A0006E77022008B50022417AFFF793FF07305F
:1091B00002D4C0F3CF0008BD0730FAE72DE9F04F25
:1091C00089B007460D46448900F10C06002207A924
:1091D000304602F0DBFA02220DF11A01304602F0AD
:1091E000D5FA3B88032B40F2C380AA88A242C0F084
:1091F000DE80BDF81C106018904200F3DC80BDF8E2
:109200001A000244521AE9888A4200F3D8800130D9
:109210008200B3EB800FC0F2D680934200F3D78078
:109220004FF000094FF0040BB2460294CDF80490C1
:1092300003954D463CE001221146504602F0A4FA47
:1092400002224FF0FF093B7A03F0BF0363F07F0374
:109250003B723A8087F80C90384601F0DFFF09B086
:10926000BDE8F08F01220221504602F08DFA022261
:109270004FF0FF09E7E700241FFA88F3A34212D951
:1092800004EB090303EB830306EB8303397A1A7AB1
:1092900001F03F011879FFF705FF10B10134A4B2C6
:1092A000EAE7FF230193019B002B4FD10135ADB2BB
:1092B000BDF81A30AB4254D95A460DF11E01504642
:1092C00002F064FABDF81E00FFF7D2FEADF81400FC
:1092D0004FF6FF739842AED00BF102020BF103047C
:1092E000A4B292B20DF11701504602F04AFA0BF106
:1092F000040B1FFA8BFB22460DF11601504602F0BB
:1093000040FABDF814204FF6FE739A42CED09DF875
:1093100017909DF8168009EB08016B4B1B6803EB57
:1093200042135A7A91429DDC5E69002EA3D1397AAC
:109330009A7A01F03F01187AFFF7B4FE0028B2D103
:109340005646029C039D4FF0FF0903E05646029CDF
:109350009946039D01221146304602F015FA022279
:1093600009E05646029CDDF80490039D012202E0CC
:1093700001224FF00B09B9F1000F7FF464AFBDF883
:109380001C10BDF81AE0714532D0AB881A1B91420F
:109390002EDA081980B20EEB040C1FFA8CFC92B284
:1093A000521A93B212B2714530D880463FE0012282
:1093B0004FF00609DFE701224FF00C09DBE701223D
:1093C0004FF00E09D7E701224FF00B09D3E7012236
:1093D0004FF00A09CFE7296800EB03080CEB030EF6
:1093E00051F8288041F82E8001339BB29342F2DB82
:1093F000AB88BDF81C209B1ABDF81A2012FA83F323
:10940000AB804FF000094FF0040841E00023EDE786
:10941000286808EB03016FF0404E71440CEB030227
:10942000724450F8211040F82210013B9BB2002BEF
:10943000EED1DDE742460DF11E01304602F0A6F9FD
:10944000D5F800A04FEA840BBDF81E00FFF710FE10
:109450002AF8240008F102022968594408F1030A95
:109460001FFA8AFA92B20331304602F08AF929686B
:10947000594408F104081FFA88F852460231304670
:1094800002F07FF90134A4B209F101091FFA89F948
:10949000BDF81A304B45CDD82846FFF749FE0022CB
:1094A0002989304602F075F93B7A23F040033B727C
:1094B00002233B7000237B70044B1A89044B1989EB
:1094C000384602F053FCCAE6607702205477022047
:1094D000487702202DE9F04F89B0049005929DF85D
:1094E0004870BDF84C200392A7F12002D2B2102A96
:1094F00002D8203FB8B25FE0DA0803F00706CB08D5
:1095000001F00704402F06D0403FBFB24FF0000AE1
:109510001546984627E00127F8E707332BE0009B24
:10952000F11A029BCB40194622EA0B030BEA010B0E
:1095300043EA0B030793019A07A94846EDF728FD74
:109540003E44C6F3CC031D44ADB206F007063C44CE
:10955000C4F3CC0398441FFA88F804F007040AF116
:10956000010A1FFA8AFA039B9A4522D2BB4600944D
:109570003B190733D1D4059A52590292049901EB51
:109580000809C3F3C70101910A46494607A8EDF748
:10959000FFFC079A012303FA0BFB0BF1FF3B009939
:1095A0000BFA01FBB442BAD9891B029B8B401946C6
:1095B000BAE717FB03F7B8B209B0BDE8F08F0000B7
:1095C0002DE9F04383B005460E46174698469DF8B0
:1095D0002800BDF82C90A0F12002D2B2A0F14103E6
:1095E000DBB2062B88BF102A01D940280BD1CDF859
:1095F0000490009043463A4631462846FFF76AFFFA
:1096000003B0BDE8F08302F063F80446194B1B6811
:109610003BB3022811D0042819D0012805D014FB2F
:1096200009F080B2C00080B2EAE74A4607EBD801F1
:1096300005EBD600EDF7ACFCF1E7CDF800904FEA72
:10964000D8033A46F1082846FFF7DDFCE7E7CDF8F6
:1096500000904FEAD8033A46F1082846FFF7E8FCA5
:10966000DDE709FB00F207EBD80105EBD600EDF7CB
:109670008FFCD4E7687702202DE9F04F83B00746CE
:109680008A46914698460C9EDDF834B04369002B1B
:1096900032D01FFA88F413E07D6904EB840305EBF4
:1096A0008305697AE868EB8801932B790093338806
:1096B0005246FFF785FF3388184430800134A4B246
:1096C00009EB08039C422BDABBF1000FE4D07B6965
:1096D00004EB8402950003EB82031A7A12F0020F66
:1096E000DAD1187902F026F87B691D44EA883388BC
:1096F00002FB00303080E1E7007A02F01BF81FFA2D
:1097000088F110FB01F1CDF804903B7A0093338887
:10971000524689B2F868FFF753FF33881844308007
:10972000FB691BB1424649463846984703B0BDE83D
:10973000F08F00002DE9F04182B004685CB3074669
:1097400088461646002514E01121022001F04CFC49
:10975000B4F800C0E378A2781049086800210191AC
:109760000096414600EB4C10FFF786FF04340135AC
:10977000ADB2BB88AB420ED922884FF6FE739A4237
:1097800004D0074B1B889A42E2D3DDE7A3783288E6
:1097900013443380EAE702B0BDE8F081607702202D
:1097A0006E7702202DE9F041074616465A4B1860A5
:1097B0005A4B1A605A4B198000235A4A13805A4A4E
:1097C0005A491160138193804021D180584A5948E9
:1097D000106013819380D180002E68D0002522E094
:1097E00005222021012001F0FFFB052091E0B8F1C6
:1097F000000F3DD14C4BB3F804C0DB889C4530D200
:10980000494B1C6804EB8C04A17019689C8801EB1F
:109810008401CA701A68998822F821009A88013256
:109820009A800135ADB205EB4504630006EB4404B4
:1098300094F80280B8F1020F39D0F05AFFF718FC03
:109840004FF6FF739842CBD0E17822794FF6FE7342
:109850009842CCD00029CAD107EB40130A46597A66
:10986000C5E703222021012001F0BEFB032050E0C8
:109870002F4BB3F804C0DB889C4511D22C4B1C68DD
:1098800004EB8C04A17019689C8801EB8401CA70F8
:109890001A68998822F821009A8801329A80C0E7D4
:1098A00004222021012001F09FFB042031E0204808
:1098B000FFF73EFC1C4C2046FFF73AFC2389B3F52A
:1098C000007F06D81A4B1B89B3F5007F08D8002308
:1098D0000FE001222021104601F086FB012018E054
:1098E00002222021012001F07FFB022011E0013340
:1098F0009BB20B4A12889A420AD95A010649096852
:109900008A5A084909888A42F1D906490A80EEE74D
:109910000020BDE8F08100BF60770220647702205C
:109920006E7702206C77022048770220487502206B
:10993000547702204876022008B5FFF799FB4FF6CE
:10994000FD73984204D8034B1B6803EB401008BD1D
:109950000020FCE760770220084B1B686BB100B564
:1099600083B001460023ADF806300DF1060203482E
:10997000FFF7E0FE03B05DF804FB70474877022074
:1099800038B505460C4602F033FF003818BF0120F9
:10999000054B1860054B1B682B60054B1B6823604B
:1099A000044B188838BD00BF68770220607702201A
:1099B000647702206E77022008B5024B1B68984737
:1099C00008BD00BFDC8A02202DE9F04782B00746BF
:1099D0008A46914698460A9E836913B14246494693
:1099E00098477B69002B61D00B9B13B91FFA88F451
:1099F00055E0424649463846FFF76CFB00230AE033
:109A0000B2EBE10F0CDA318802EBD10200210AF847
:109A1000021001339BB21A46C11DF1D50731EFE7A1
:109A20001FFA88F40BE0087901F084FE7B691D447D
:109A3000EA88338802FB003030800134A4B209EB9D
:109A400008039C422FDA796904EB84039D0001EB43
:109A500083010B7A13F0010FE5D04B7ACA68C888EE
:109A600001900979009131885046FFF7A9FD3388AC
:109A700018443080E1E77D6904EB840305EB83053E
:109A80006B7AEA68E988019129790091318850461A
:109A9000FFF796FD3388184430800134A4B209EBF7
:109AA00008039C42E7DB02B0BDE8F087387A01F09A
:109AB00041FE1FFA88F810FB08F8CDF804903B7AB5
:109AC00000931FFA88F3FA6831885046FFF778FD53
:109AD000338818443080E6E72DE9F04784B0044627
:109AE0000023ADF80E30C588002D40F03281037A96
:109AF00003F03F03013B142B00F22083DFE813F057
:109B000015001E031E031E031E031E031E031E0359
:109B10001E031E031E031E031E031E031E039D00C1
:109B20001E031E03B500BB00C100837A013B0C2B52
:109B300000F21383DFE813F00D0016001E0027006B
:109B400011031103110311031103110341005C0000
:109B5000770000231022B0490C3001F00DFE0026E2
:109B60001025ECE2002203210C3001F00DFE00264E
:109B70000125E4E20022A94B19880C3001F009FE0E
:109B800000260225DBE20022A54B19880C3001F0EB
:109B900000FE00260225D2E20135ADB29F4B1B88A4
:109BA000AB420CD99F4B1B6803EB45139B7A13F018
:109BB000100FF1D0013189B2EEE72946EEE700221D
:109BC00004F10C0001F0E5FD00260225B7E20135A5
:109BD000ADB2924B1B88AB420CD9924B1B6803EB86
:109BE00045139B7A13F0080FF1D0013189B2EEE7EB
:109BF0002946EEE7002204F10C0001F0CAFD002620
:109C000002259CE20135ADB2844B1B88AB420CD9D6
:109C1000844B1B6803EB45139B7A13F0200FF1D0A4
:109C2000013189B2EEE72946EEE7002204F10C008B
:109C300001F0AFFD0026022581E24389002B00F0F0
:109C40008E82764A12889A4201D2062677E26FF017
:109C500078421A445301734A11680022C95A0C30E1
:109C600001F097FD0026022569E26F49FFF7A6FA89
:109C70000024264663E26D49FFF7A0FA0024264639
:109C80005DE2867A002E5BD1C37A013B032B59D863
:109C9000DFE803F002141117B14604F10C0A0022A8
:109CA0000DF10A01504601F071FDBDF80A305BB9B3
:109CB0001D460C2643E24FF00809EEE74FF010096D
:109CC000EBE74FF02009E8E7022203A9504601F034
:109CD0005DFDBDF80C30002B36D0A8462F461EE0A7
:109CE00008F101081FFA88F8BDF80A30434514D876
:109CF000FD2D2CD87B014B4A11682A46C95A504683
:109D000001F047FD0235ADB2BDF80C30013B9BB20E
:109D1000ADF80C30002B00F012820137BFB23F4B80
:109D20001B88BB4240F20B82B9F1000FD8D03D4BEB
:109D30001B6803EB47139B7A13EA090FEDD0CFE7BB
:109D40000626FCE10726FAE11D460C26F7E10C2663
:109D5000F5E12846FFF7F0FD0746002800F00282F3
:109D6000267A06F03F06731E072B00F2FE81DFE81D
:109D700013F00800F700FC01FC01FC0129015D0162
:109D8000B001A37A013B092B00F2F281DFE813F066
:109D90000A001B003B0050007000F001F001F001D0
:109DA0009400AF004668002E00F0E5813046EDF7E4
:109DB00007FB85B200232A46314604F10C0001F06E
:109DC000DBFC0026BBE14369A3B1457A00260CE029
:109DD0007B6906EB860203EB82033246197904F1B4
:109DE0000C0001F0D1FC0136B6B27B7AB342EFD859
:109DF0000026A4E10022017A04F10C0001F0C4FC69
:109E0000002601259BE10022417A04F10C0001F0BB
:109E1000BBFC0026012592E1847502086E770220C2
:109E20006C77022060770220547702204877022066
:109E30004369A3B1457A00260CE07B6906EB8602F4
:109E400003EB82033246197A04F10C0001F09CFC0A
:109E50000136B6B27B7AB342EFD800266FE100221A
:109E6000817A04F10C0001F08FFC0026012566E1E7
:109E7000837A13F0010F00F0818143694BB1E27ADC
:109E800002EB820203EB82031B7A13F0010F00F056
:109E900078810023214601F80C3F7A7A0120019055
:109EA0000DF10E0000903846FFF78EFDBDF80E5004
:109EB0000735ED08002642E14369002B00F064817C
:109EC000457A6D0000267B7AB3420ED97B6906EB9A
:109ED000860203EB8203720092B2D98804F10C006F
:109EE00001F057FC0136B6B2EDE7002627E14369E1
:109EF00013B1002635460BE0062600251FE12A4651
:109F00000021504601F040FC0135ADB20136B6B239
:109F10007B7AB34222D97B6906EB86084FEA880830
:109F200053F80890B9F1000F00F0318104F10C0AE8
:109F30004846EDF745FA2B4682B24946504601F0B5
:109F40001BFC7B6953F80800EDF73AFA15FA80F527
:109F5000ADB27B7A013B9E42D8DAD0E70026EEE034
:109F6000A37A052B0ED005D90A2B40F015810826BF
:109F70000025E4E0013BDBB2032B40F20A81062618
:109F80000025DCE0837A13F0020F02D108260025B9
:109F9000D5E0FFF707F92388834200F2008102D25F
:109FA0000B260025CBE07A7A012301930DF10E03F5
:109FB0000093002304F10C013846FFF75DFB0026F7
:109FC0003546BCE0A67A052E02D005260025B6E06F
:109FD000037A082B01D00025B1E00569002D00F0BF
:109FE000E1806F68002F00F0DF800023EA789A425A
:109FF00007D917F83300E17A884202D00133DBB287
:10A00000F4E79A4202D80C26002598E007EBC30338
:10A010005E683046EDF7D4F985B200232A46314612
:10A0200004F10C0001F0A8FB002688E0A37A052BC0
:10A0300004D00A2B26D00526002580E0837A13F071
:10A04000010F00F0B38043694BB1E27A02EB820268
:10A0500003EB82031B7A13F0010F00F0AA80E37A6E
:10A06000012201920DF10E01009104F10C0138461C
:10A07000FFF7AAFCBDF80E500735ED0800F09C80F4
:10A0800000265CE04269002A00F09880E37A03EB46
:10A09000830152F82150002D00F09380427A9342C0
:10A0A00001D300254BE004F10C062846EDF788F9B2
:10A0B000002382B22946304601F05EFB7A69E37ADA
:10A0C00003EB830352F82300EDF77AF985B20026FB
:10A0D00035E0A37A052B02D0052600252FE0837AF0
:10A0E00013F0020F70D0436943B1E27A02EB8202AF
:10A0F00003EB82031B7A13F0020F67D0E27A01218F
:10A100003846FEF7E7FF073008D4C0F3CF002388B6
:10A1100083425DD804D20B26002510E00730F4E717
:10A12000E37A012201920DF10E01009104F10C017C
:10A130003846FFF7A1FA0026354600E005264CB167
:10A14000002E48D1237A23F0400323722580204635
:10A1500001F064F804B0BDE8F0870626EFE71D467D
:10A160000626ECE704260025E9E705260025E6E7B4
:10A1700006260025E3E700263546E0E70926002508
:10A18000DDE709260025DAE706260025D7E70626BB
:10A19000D5E708260025D2E706260025CFE70A26C0
:10A1A0000025CCE70025CAE70025C8E709260025D9
:10A1B000C5E709260025C2E70C26C0E706260025CC
:10A1C000BDE706260025BAE70025B8E70025B6E773
:10A1D0000A260025B3E7237A03F0BF0363F07F0369
:10A1E000237201232370002363702673AFE700BF3F
:10A1F0002DE9F04182B014685CB380460E461746E4
:10A20000002514E01221022000F0EEFEB4F800C098
:10A21000E378A27810490868002101910096414630
:10A2200000EB4C10FFF7D0FB04340135ADB2BB8816
:10A23000AB420ED922884FF6FE739A4204D0074BE8
:10A240001B889A42E2D3DDE7A37832881344338037
:10A25000EAE702B0BDE8F081607702206E77022065
:10A26000094B1B686BB100B583B00023ADF8063015
:10A27000054A0DF10601FFF7BBFF012003B05DF8B1
:10A2800004FB0020704700BF54770220022801D849
:10A290000120704700207047034B1B780BB1012051
:10A2A00070470020704700BF70770220F8B5044661
:10A2B000C388012B0CD0037A03F0BF0363F07F0344
:10A2C0000372012303700023437004230373F8BD5A
:10A2D000037A03F03F02022A6DD0062A00F087803D
:10A2E000012A0BD003F0BF0363F07F030372012345
:10A2F00003700023437005230373E8E7827A013A71
:10A30000052A4CD8DFE802F003274B4B293C0022FA
:10A31000584B19780C3001F037FA237A23F04003B8
:10A3200023720123237000236370D0E7514B2B4429
:10A330002A46197904F10C0001F026FA0135ADB274
:10A34000002DF3D0237A23F04003237201232370DE
:10A3500000236370BBE70025F2E7FFF79DFFC1B262
:10A36000454B1970002204F10C0001F00DFA237A1C
:10A3700023F0400323720123237000236370A6E7B8
:10A3800000223C4B197A0C3001F0FEF9237A23F0BD
:10A3900040032372012323700023637097E703F0C7
:10A3A000BF0363F07F030372012303700023437034
:10A3B000062303738BE7827A052A0BD003F0BF03D1
:10A3C00063F07F03037201230370002343700623AD
:10A3D00003737CE7002228490C3001F0D2F9237A7C
:10A3E00023F0400323720023237063706FE7827AA7
:10A3F000022A2AD003F0BF0363F07F030372012314
:10A400000370002343700623037360E7194B2B444A
:10A410001979E37A994202D00135ADB217E0174AB3
:10A4200052F823703846ECF7CBFF0646002382B281
:10A43000394604F10C0001F09FF9237A23F0400320
:10A440002372F6B226800122E6E700221546002D8F
:10A45000DCD0002A7FF43BAF237A03F0BF0363F024
:10A460007F03237201232370002363700723237368
:10A470002DE700BF7477022070770220D4750208A0
:10A4800008B520B1022801D1EEF7C6FF08BDEEF7EE
:10A49000C3FFFBE738B50446057A05F03F03013BEF
:10A4A000112B00F29280DFE803F0099090906D90FC
:10A4B000909090909090909090567884837A013B01
:10A4C000032B3CD8DFE803F002111F2D00230B22E1
:10A4D00044490C3001F050F9237A23F040032372F1
:10A4E0000B2323700023637056E0002202210C30FE
:10A4F00001F04AF9237A23F04003237201232370E9
:10A500000023637048E0002201210C3001F041F982
:10A51000237A23F040032372022323700023637005
:10A520003AE0002201210C3001F033F9237A23F0C4
:10A530004003237202232370002363702CE005F094
:10A54000BF0363F07F030372012303700023437092
:10A550000623037320E0C07AFFF798FE58B905F090
:10A56000BF0565F07F05257201232370002363700A
:10A570000D23237310E025F040052572002323707E
:10A58000637009E0C07AFFF77BFF237A23F0400372
:10A59000237200232370637038BD05F0BF0565F09A
:10A5A0007F050572012303700023437005230373A5
:10A5B000F2E705F0BF0565F07F0505720123037022
:10A5C0000023437005230373E6E705F0BF0565F03C
:10A5D0007F05057201230370002343700523037375
:10A5E000DAE700BF9875020810B50446C3882BB996
:10A5F000FFF750FF204600F011FE10BDFFF756FE9A
:10A60000F8E7000010B50446037A03F03F02012A80
:10A610000BD003F0BF0363F07F03037201230370C9
:10A62000002343700523037310BD827A013A032A85
:10A630003CD8DFE802F002111F2D00230822214937
:10A640000C3001F099F8237A23F040032372082399
:10A65000237000236370E7E7002202210C3001F031
:10A6600093F8237A23F040032372012323700023FD
:10A670006370D9E7002201210C3001F08AF8237AB7
:10A6800023F0400323720223237000236370CBE77F
:10A69000002201210C3001F07CF8237A23F04003E2
:10A6A00023720223237000236370BDE703F0BF030E
:10A6B00063F07F03037201230370002343700623BA
:10A6C0000373B1E7E875020838B50446C388827A97
:10A6D000012B0CD0037A03F0BF0363F07F030372F6
:10A6E00001230370002343700423037338BD037AEE
:10A6F00003F03F0101290DD0022952D003F0BF031E
:10A7000063F07F030372012303700023437005236A
:10A710000373EBE7082A1DD0102A40D0062A0BD07D
:10A7200003F0BF0363F07F03037201230370002370
:10A73000437006230373D9E7002201210C3001F096
:10A7400023F8237A23F0400323720123237000238C
:10A750006370CBE70022514B19880C3001F019F8D7
:10A76000237A23F0400323720223237000236370B3
:10A77000BCE7A9082A464A4B53F8211004F10C0003
:10A7800001F00CF80435ADB20B2DF2D9237A23F089
:10A79000400323720C23237000236370A6E7002577
:10A7A000F2E7082A1BD0102A43D0062A0BD003F068
:10A7B000BF0363F07F030372012303700023437020
:10A7C0000623037392E703F0BF0363F07F03037272
:10A7D00001230370002343700823037386E7028874
:10A7E000022A0BD903F0BF0363F07F030372012336
:10A7F0000370002343700A23037377E7012A0BD801
:10A8000003F0BF0363F07F0303720123037000238F
:10A8100043700B23037369E7002220490C3000F0DA
:10A82000B5FF237A23F04003237200232370637063
:10A830005CE702880C2A0BD903F0BF0363F07F03A7
:10A84000037201230370002343700A2303734DE74F
:10A850000B2A20D803F0BF0363F07F0303720123A8
:10A860000370002343700B2303733FE7A9082A46B4
:10A870000B4B03EB810104F10C0000F08CFF04355D
:10A88000ADB20B2DF2D9237A23F0400323720023BB
:10A89000237063702AE70025F3E700BF807702206A
:10A8A0008477022010B50446C3882BB9FFF7AAFEAF
:10A8B000204600F0B3FC10BDFFF706FFF8E70000EC
:10A8C00010B50446F8F78EFA034B93E8070084E8C6
:10A8D0000700F8F7ADFA10BD84770220014B188805
:10A8E000704700BF8077022010B50446037A03F05A
:10A8F0003F02013A132A00F29580DFE802F00A9342
:10A900009393939393939393939393939357636FA7
:10A910007B87827A013A032A3CD8DFE802F00211F1
:10A920001F2D00230B2245490C3000F025FF237A10
:10A9300023F0400323720B2323700023637040E055
:10A94000002202210C3000F01FFF237A23F0400385
:10A950002372012323700023637032E0002201215F
:10A960000C3000F016FF237A23F0400323720223F9
:10A9700023700023637024E0002201210C3000F0DA
:10A9800008FF237A23F0400323720223237000235D
:10A99000637016E003F0BF0363F07F0303720123CB
:10A9A000037000234370062303730AE003F0BF0320
:10A9B00063F07F03037201230370002343700523B8
:10A9C000037310BD03F0BF0363F07F030372012321
:10A9D00003700023437005230373F2E703F0BF0302
:10A9E00063F07F0303720123037000234370052388
:10A9F0000373E6E703F0BF0363F07F0303720123F1
:10AA000003700023437005230373DAE703F0BF03E9
:10AA100063F07F0303720123037000234370052357
:10AA20000373CEE703F0BF0363F07F0303720123D8
:10AA300003700023437005230373C2E7F475020813
:10AA400038B50446C388012B0CD0037A03F0BF034A
:10AA500063F07F0303720123037000234370042318
:10AA6000037338BD037A03F03F02012A0BD003F0D1
:10AA7000BF0363F07F03037201230370002343705D
:10AA800005230373EDE7827A013A1D2A00F2D38091
:10AA9000DFE802F00F1E2C3A4F60D1D1D1D1D16F37
:10AAA0007D8B99D1D1A7B5D1D1D1D1D1D1D1D1D1AE
:10AAB000D1C3002240F29D410C3000F06AFE237A9F
:10AAC00023F0400323720223237000236370C8E73E
:10AAD00000222B210C3000F05CFE237A23F040038F
:10AAE00023720223237000236370BAE7002204213B
:10AAF0000C3000F04EFE237A23F040032372022331
:10AB0000237000236370ACE700F10C0500220121E3
:10AB1000284600F039FE01220B21284600F034FEC1
:10AB2000237A23F0400323720223237000236370EF
:10AB300097E7EEF73DFD0146002204F10C0000F01E
:10AB40002DFE237A23F04003237204232370002375
:10AB5000637086E7002309223D490C3000F00CFEAB
:10AB6000237A23F0400323720923237000236370A8
:10AB700077E7002211460C3000F006FE237A23F01E
:10AB800040032372012323700023637069E70022CE
:10AB900003210C3000F0FDFD237A23F040032372E3
:10ABA00002232370002363705BE7002204210C3032
:10ABB00000F0EFFD237A23F0400323720223237079
:10ABC000002363704DE7002205210C3000F0E1FD09
:10ABD000237A23F04003237202232370002363703F
:10ABE0003FE7002206210C3000F0D3FD237A23F04A
:10ABF00040032372022323700023637031E7002295
:10AC000007210C3000F0C5FD237A23F040032372A6
:10AC1000022323700023637023E70022A2210C305B
:10AC200000F0B7FD237A23F0400323720223237040
:10AC30000023637015E703F0BF0363F07F03037223
:10AC400001230370002343700623037309E700BF49
:10AC50000076020810B50446C3882BB9FFF744FEFE
:10AC6000204600F0DBFA10BDFFF7EAFEF8E700002F
:10AC70000023012B22D810B403EB4302104901EB4F
:10AC80008202127A022A07D00133DBB2012BF3D9F8
:10AC900000205DF8044B704703EB430251F822207B
:10ACA000002AF1D003EB430201EB8202927A824246
:10ACB000EAD103EB430401EB8400EAE7002070478C
:10ACC0009077022070B50446F8F78CF80023012B2A
:10ACD00012D81D4603EB43020A4951F8222012B153
:10ACE0000133DBB2F3E705EB450601EB860605EB26
:10ACF000450541F8254000E00026F8F799F8304670
:10AD000070BD00BF9077022070B504460D46164610
:10AD1000F8F768F8042D04D0237AAB4201D0002460
:10AD200008E0237A032B09D0032B01D0032E0CD08B
:10AD300026720124F8F77CF8204670BD032EF3D06C
:10AD400004490A88013A0A80EEE7024A138801336F
:10AD50001380EDE7A8770220B8B110B5044641B1E1
:10AD6000002303720023236063606372A372E372A3
:10AD700010BD00220421FFF7C7FF0028F2D10022F6
:10AD80000121022000F030F9ECE7704770B582B085
:10AD90000546019100293ED00026C6720468437A18
:10ADA00004EBC30409E008346B7A01336B7204E0EE
:10ADB0002149019800F014FA01262368DBB1D6B9C5
:10ADC000019898470128EED078B9019B1B79AB72A6
:10ADD000022204212846FFF797FF0028E8D100222D
:10ADE0000121022000F000F9E2E754F8083F002BAF
:10ADF000FBD16B60E1E713B1304602B070BD01A832
:10AE000000F019FA6C6800212846FFF7A5FF84B10D
:10AE1000A0470126F0E703220421FFF775FF06464D
:10AE200008B10026E8E700220121022000F0DCF84A
:10AE3000E2E70126E0E700BF3DAE010838B5044671
:10AE40000079FFF715FFD0B1054601220221FFF777
:10AE50005BFFA0B12B686A7A03EBC2035B68E3B1C6
:10AE60002046984760B96B7A01336B72204600F038
:10AE70004DFF02281FD121462846FFF787FF38BD26
:10AE80000228F3D12A686B7A0133DBB26B7252F875
:10AE90003330002BF6D16B60E8E7204600F011FC60
:10AEA00018B96B7A01336B72E0E7002208210120A8
:10AEB00000F09AF8F5E700F0B5F90446DBE798B141
:10AEC00038B50C46FFF7FEFE054638B1446000F089
:10AED000A9F901462846FFF759FF38BD02221E2175
:10AEE000012000F081F8F8E77047000010B5002459
:10AEF00009E004EB44029300012106481844FFF7DF
:10AF00002BFF0134E4B2012CF3D9034B00221A8049
:10AF100010BD00BF90770220A8770220204B1B882D
:10AF2000002B3BD070B582B0002401940FE004EBFD
:10AF300044061C4B53F826200421012000F054F84D
:10AF400019E000F06FF9019018E00134E4B2012C2F
:10AF50001DD804EB4405134B03EB850501220321A7
:10AF60002846FFF7D1FE0028EFD0EB7A0133DBB2A1
:10AF7000EB72002BDBD1019B002BE2D0019928461C
:10AF8000FFF704FF0128E0D100230193DDE7019BD7
:10AF900013B101A800F04FF902B070BD704700BFB7
:10AFA000A87702209077022010B4084B1C78084B39
:10AFB00023F8341003EBC40358805A6014B10134F1
:10AFC000024B1C705DF8044B704700BFB477022041
:10AFD000AC77022008B1024A0260024B1878704731
:10AFE000AC770220B477022070B582B004460D46DB
:10AFF0001646FFF7D9FF324629462046EEF722FAD9
:10B000001CB9022C04D002B070BD00F03DF8F8E786
:10B0100001A8FFF7DFFF8DF80300044B044A054940
:10B020000420F7F7ADFB9DF80330FEE70C7602082D
:10B0300048760208940F0208014B01221A607047FB
:10B04000B8770220084B1B78012B07D05AB23AB1CF
:10B05000073BDBB2012B05D9002070470120704768
:10B060000020704701207047B6770220002070470B
:10B07000014B01221A607047C0770220014B012268
:10B080001A607047BC770220014B02221A70704789
:10B09000B7770220014B1878704700BFB7770220BE
:10B0A00008B5FFF7F7FF052800D008BD084B1B685F
:10B0B00098470028F9D0074B1868EEF7B7F9002831
:10B0C000F3D0054B1B68034A10689847EDE700BFB3
:10B0D000088B0220C8770220F48A022008B5054BAD
:10B0E0001B6803B908BD034B00221A60FFF7D8FFA5
:10B0F000F8E700BFB877022008B5074B1B689847F0
:10B10000064B1B78DBB2834200D108BD034B18709D
:10B11000EEF702FAF9E700BFEC8A0220A80100204E
:10B1200008B500F007FC08BD08B501F0BBFF08B189
:10B13000002008BD1A20FCE708B5194B1B78032B2B
:10B1400025D8022B25D9174B1B68012B05D0164B90
:10B150001B68012B0BD000201AE0FFF773FFD0B95A
:10B16000FFF784FFC8B9104B01221A60EFE70F4BBD
:10B170001B680F4A10889847094B05221A700D4B1F
:10B180001B680220984701F013FB012000E001201A
:10B1900008BD0020FCE70220FAE70220F8E700BF24
:10B1A000B7770220C0770220BC770220CC8A022029
:10B1B000F88A02202C8B022010B5074B1B68984799
:10B1C00028B10446054B1B689847042800D010BDE1
:10B1D0002046EEF733F9FAE7288B0220EC8A0220AA
:10B1E00038B504468088C0B200F0C4FC58B9204687
:10B1F00000F00AFC054608B9284638BDA088C0B250
:10B2000000F0DAFCF8E7002219210120FFF7ECFE3C
:10B210001925F1E708B500F077FB08BD08B500F087
:10B22000F3FB08BD08B5FFF7F5FF10B100F022FDF4
:10B2300008BD0020FCE708B500F06EFB002008BD4B
:10B2400000B583B000F046FB019018B3022100F076
:10B250006FFD0198038913F0400F26D00288FF2A62
:10B260001BD91B210020FFF7BFFE019A137A03F0C0
:10B27000BF0363F07F031372012313700023537025
:10B2800001980E230373FFF7C9FF019800F03EFDFC
:10B29000022825D003B05DF804FB00F03DFE002835
:10B2A000F3D10198EEF7D6F8EFE70388FF2B0AD920
:10B2B0008088C0B200F080FC019B1A881C2100200D
:10B2C000FFF792FEE1E78088C0B200F075FC03460C
:10B2D00010B101989847D8E70198EEF7BBF8D4E78A
:10B2E00001A8FFF7A8FFD5E730B583B004460D46A7
:10B2F00000910346054A06490420F7F741FA054B39
:10B300001B6829462046984703B030BD687602087E
:10B31000940F0208D08A022008B5074A0749042082
:10B32000F7F72EFA01F0B9FE01F07CFE01F0F4FA15
:10B33000034B01221A7008BD90760208940F020890
:10B34000B777022008B5054A05490420F7F718FA2F
:10B35000FFF7E2FF01F068FE08BD00BFA876020813
:10B36000940F02080120704708B5024B1B689847EC
:10B3700008BD00BFE08A022008B501F063FE08BDE9
:10B3800008B501F06DFE08BD08B501F097FA08BDDB
:10B3900010B5F7F727FD074B1C780134E4B21C7099
:10B3A000F7F746FD204600F029FC0028F1D12046A1
:10B3B00010BD00BFCC77022008B5FFF7E1FF08B150
:10B3C000012008BD0820FCE710B5044608B940F28A
:10B3D000DC54FFF7D5FF022861D1FFF7EDFF594B91
:10B3E0001870012862D1584B584A1A60584B594A74
:10B3F0001A60594B594A1A60594B5A4A1A6000232D
:10B40000594A1360594A5A4911605A4A5A491160B7
:10B410005A4A13605A4A5B4911605B4A5B491160A2
:10B420005B4A5C4911605C4A5C4911605C4A5D4959
:10B4300011605D4A5D4911605D4A5E4911605E4A76
:10B440005E4911605E4A5F4911605F4A5F49116061
:10B450005F4A60491160604A60491160604A614911
:10B460001160614A61491160614A62491160624A32
:10B4700062491160624A63491160634A634911601D
:10B48000634A1380634B40F2F4521A80624B1A787D
:10B49000012A12D801F0C4FDC0B9012005E002461E
:10B4A0000F210220FFF7A0FD0F2010BD024606214C
:10B4B0000220FFF799FD0620F7E707210220FFF79A
:10B4C00093FD554B02221A700720EEE701F096F922
:10B4D000234B1B681B4A1078984700F0B1F9FFF71F
:10B4E00005FD01F02FF900F003FD4C4BFF221A700F
:10B4F0004B4801F097F94B4B1870334B1B6898473A
:10B50000494B1860FFF72EFF88B10023474A1360AC
:10B51000474A1360FFF796FD80B93F4B03221A702C
:10B520002146404B187801F09FF90020BDE700222A
:10B530000D210120FFF758FD0D20B6E701F0A8FD11
:10B54000EBE700BFB6770220148B022071C9010817
:10B55000C48A022025C90108DC8A022039B001080A
:10B560000C8B02203DCD0108E88A0220108B0220BE
:10B57000FDC90108D88A02204DCB01081C8B02208E
:10B58000D48A022031CE0108F48A022071CE01084B
:10B59000088B0220EDCF0108208B02209DCE0108F0
:10B5A000FC8A0220B1CE01082C8B0220D5CE0108E6
:10B5B000F08A0220E1CE0108D08A0220EDCE0108F7
:10B5C000CC8A0220ADCF0108C88A0220B9CF010879
:10B5D000188B0220D1CF0108E08A0220E1CF0108B8
:10B5E000248B02204DCF0108EC8A022061CF010894
:10B5F000288B022071CF0108E48A02208DCF010838
:10B60000048B022001D00108008B022011D0010818
:10B61000F88A0220C4770220B7770220A801002010
:10B6200071B00108B5770220C8770220C0770220E8
:10B63000BC77022010B49DF8044044EA01248480C1
:10B64000C280028902F47F4242F04102028100225C
:10B650000270427043815DF8044B704710B49DF84E
:10B66000084044EA01248480C280028902F47F42B7
:10B6700042F04202028101220270002242704381A4
:10B68000838903F47F439DF80420134383815DF88D
:10B69000044B704710B49DF80C4044EA01248480A8
:10B6A000C280028902F47F429DF8041041F04001FB
:10B6B0000A430281BDF80820028043815DF8044BF3
:10B6C0007047008910F0800000D170470820FCE727
:10B6D00047282BD8DFE800F024242C26242C26240D
:10B6E00024242C26242A2A2A2828262A2A2A2A2AD6
:10B6F0002A2A2A2A2A2A2A2A2A24242424242424D4
:10B70000242C2C2C2C2C2C2C2C2A2A2A2A2A2A2A8F
:10B710002A2A2A2A2A2A2A2A2424242424242424B9
:10B7200001207047042070470820704700207047B0
:10B730000220704708B5A0F12003DBB2102B02D81D
:10B74000203880B208BDA0F14103DBB2062B02D83D
:10B75000403880B2F6E7402805D0FFF7B9FF80B245
:10B76000C00080B2EEE70120ECE710B504460846C1
:10B77000E118EBF70DFC10BD08B51844EBF708FC19
:10B7800008BD835C0B70704781547047835A0B80EF
:10B7900070478152704783580B60704781507047E3
:10B7A00090F9063090F90520934201DB00207047A4
:10B7B00030B4056890F90440234493FBF2F402FB93
:10B7C000143345F8231090F90630013383710120BA
:10B7D00030BC704708B5064B1B681BB1054A1268A0
:10B7E000824200D008BD9847014B00221A60F9E759
:10B7F0000C780220F077022010B590F90620B2B143
:10B80000046890F904104B1C5BB2037154F821409A
:10B81000013A827190F9051093FBF1F201FB1233AA
:10B82000037190F90630002B03DB204610BD002485
:10B83000F7E7002201210220FFF7D6FBF5E7000021
:10B8400010B50024184B1C60184B9C7102225A71D1
:10B850001C7117491960174B9C715A711C71164A5B
:10B860001A6000F0E3F9234607E00022134941F88B
:10B8700023201349CA5401339BB2012BF5D900236D
:10B88000104A1370104A1360104A1360104BFF22C5
:10B890001A80FFF775FD30B90D4B1B88FF2B02D9BD
:10B8A0000B4BFF221A8010BDD4770220FC770220B8
:10B8B000E877022004780220F4770220DC77022067
:10B8C000D0770220D37702200C780220F077022074
:10B8D000D877022010B50A4B1B689847044618B168
:10B8E000038913F0400F01D0204610BDF7F77AFA14
:10B8F000044A1378013B1370F7F79AFAF4E700BF94
:10B90000E48A0220D3770220024B1878C0F10200AB
:10B9100080B27047D377022010B5044603681BB18C
:10B92000204600F0C5F910BD002205210120FFF7D7
:10B930005BFBF5E710B582B000230193F7F752FAED
:10B94000214B1B688BB9214B93F90630002B03DD8B
:10B950001F4B1B689847F8B91E4B93F90630002B14
:10B9600003DD1D4B1B689847F0B9F7F761FA0198A2
:10B9700080B11A4B1B6803B19847F7F733FA184B9D
:10B980001B680198984704460F4B00221A60F7F78E
:10B990004FFA8CB902B010BD0B4B01221A600B4854
:10B9A000FFF72AFF0190E0E7074B01221A600948E0
:10B9B000FFF722FF0190D8E70198FFF70BFF01A8DE
:10B9C000FFF7AAFFE6E700BFD47702200478022041
:10B9D000208B0220FC770220FC8A02201C8B022094
:10B9E000D48A022000B583B0064B1B6898470190AB
:10B9F00020B1FFF7EFFE01A8FFF78EFF03B05DF85F
:10BA000004FB00BFD88A022070B582B00190028882
:10BA1000434B1B889A4217D8F7F7E4F9019B1B7A2E
:10BA200013F0400F1FD13F4B1B689BB93E4B93F95E
:10BA300006307BB93D4B1B68984758B10125394BFF
:10BA40001D600026344638E016210120FFF7CCFAAD
:10BA500016244DE001993448FFF7A2FE054648BB85
:10BA6000019E032429E02F4B1B68ABB9304B93F99F
:10BA700006302D4A92F90620D3420DD12D4B1B687A
:10BA8000984748B10125274B1D602B4A13782B445A
:10BA900013700026344610E001992548FFF780FE18
:10BAA000054640B3244A1378013313700026344608
:10BAB000354602E0002634463546F7F7B9F9ECB9C9
:10BAC0000321019800F034F98DB11C4B1B680BB1B8
:10BAD00001989847F7F786F9194B1B680198984722
:10BAE0000546104B00221A60F7F7A2F955B984B940
:10BAF000204602B070BD00260224DEE701A8FFF751
:10BB00000BFFE1E70198FFF765FE01A8FFF704FFCF
:10BB1000EDE7324621460120FFF766FAE8E700BF6D
:10BB2000D8770220D477022004780220208B0220CC
:10BB3000FC770220FC8A0220D37702201C8B022093
:10BB4000D48A022038B504460D46084B1B6823B141
:10BB5000002201210220FFF747FA044B1D60044B2D
:10BB60001C602046FFF750FF38BD00BF0C78022054
:10BB7000F077022038B505460C46F7F733F9002375
:10BB800001E001339BB2022B0CD81946084A52F847
:10BB90002320002AF5D1064B43F82140054B5D5484
:10BBA000002400E01924F7F743F9204638BD00BF10
:10BBB000DC770220D077022038B50546F7F712F976
:10BBC000002301E001339BB2022B0ED81946094A2B
:10BBD00052F82340002CF5D0074AD25CAA42F1D19A
:10BBE000044B002243F8212000E00024F7F720F95D
:10BBF000204638BDDC770220D0770220002301E008
:10BC000001339BB2022B0AD8064A52F82320002A9D
:10BC1000F6D0054AD25C8242F2D101207047002062
:10BC2000704700BFDC770220D07702200E4B042241
:10BC30001A80002314E00D4903EB031002010A44AB
:10BC40000B4840F8232045F6C540A2F80C0103EB51
:10BC50000310020111440022A1F80E2101339BB20E
:10BC6000032BE8D9704700BF507C022010780220D7
:10BC7000547C022010B5F7F7B5F80B4B1B8883B145
:10BC8000013B9BB2084A1380084A52F82340012323
:10BC900084F80E31002384F80F31F7F7C9F82046F5
:10BCA00010BD0024F9E700BF507C0220547C022024
:10BCB00038B50468B4F80C2145F6C5439A4215D14D
:10BCC0000546B4F80E31BBB1F7F78CF80D4A13886E
:10BCD0000D4941F8234001331380002384F80E31CD
:10BCE00084F80F312B60F7F7A3F838BD22461721EF
:10BCF0000220FFF779F9F8E7224618210220FFF722
:10BD000073F9F2E7507C0220547C022008B5B0F8A9
:10BD10000C2145F6C5439A4202D1B0F80E0108BD88
:10BD2000024617210220FFF75FF947F6FF70F6E79A
:10BD300008B50246B0F80C0145F6C543984202D159
:10BD4000A2F80E1108BD17210220FFF74DF9F9E7FF
:10BD500008B5044B1988044B1888FFF7C5FAEDF7AE
:10BD600069FB08BD667C0220647C022008B5044B98
:10BD70001980044B1A800449FFF7E4FE08BD00BF98
:10BD8000647C0220667C022051BD0108C3686BB14F
:10BD900010B5044600F1140140689847206010B1C6
:10BDA0006369236110BD00236361F9E770470000F8
:10BDB00010B50446F7F716F800232362034A1378F8
:10BDC000013B1370F7F734F810BD00BF687C022008
:10BDD00038B50546F7F706F8002323B10024F7F736
:10BDE00027F8204638BD03EBC302194901EB820254
:10BDF000126A3AB103EBC30201EB8202917E6A79C7
:10BE0000914202D00133DBB2E7E703EBC3021049F2
:10BE100001EB8202918BEA889142F3D103EBC302DA
:10BE20000B4901EB8202917F2A7A02F03F02914294
:10BE3000E8D103EBC302064901EB8202D17FAA7A63
:10BE40009142DFD103EBC303014C04EB8304C6E74B
:10BE50006C7C02202DE9F04105460F464AB103688B
:10BE600013B14FF0010806E0FFF790FF4FF0010813
:10BE700001E04FF00008002211E0FF26B21A94B250
:10BE800007F10C006969C91A22462B6819446044FD
:10BE9000EBF77EF82A69141B2C6154B13246FF2A55
:10BEA0000BD02B694BB19446D118FF29E5D88EB23F
:10BEB000E4E72846FFF76AFFF0E72B690BB948F083
:10BEC000020887F80B803B7A23F040033B723A80EC
:10BED0002B7EBB723846FFF7A1F92B6933B9AB68EB
:10BEE0000BB1686898472846FFF762FFBDE8F0810C
:10BEF0000023074A137003B1704703EBC30291009C
:10BF0000044A0A44002111620133DBB2F3E700BFA7
:10BF1000687C02206C7C0220104B1B780BB900203F
:10BF2000704770B504460679FFF752FF054698B191
:10BF3000E37A13F0040F06D1002221462846FFF7CA
:10BF400089FF012070BD324622210120FFF74CF805
:10BF500000232B61EB60EFE70020F3E7687C022011
:10BF600001460020074B1B88834208D94301064A3B
:10BF70001268D35A8B4204D0013080B2F2E74FF6F8
:10BF8000FF707047987C0220A47C0220818142EAE5
:10BF90000322C2819DF8003043F480730382438AF8
:10BFA00003F47F439DF80420134343820723037067
:10BFB00000234370704708B5F0F7CAFA08BD0000C7
:10BFC00000B583B0064B1B880093064B1B88064ABE
:10BFD00006490420F6F7D4FB03B05DF804FB00BF6C
:10BFE000A07C02209C7C0220B4760208940F0208F8
:10BFF00010B50446124A13490420F6F7C1FB204647
:10C00000FFF75FFB80B9104B1B689BB10F4B1B68A0
:10C0100093B10F4A128802EB420203EB42039B7872
:10C02000022B0BD0012010BD227B08210120FEF73E
:10C03000DBFFE8E70120F6E70120F4E70020F2E764
:10C04000D8760208940F0208A47C0220A87C022063
:10C05000927C022010B50446FFF733FB68B90A4B07
:10C060001B680A4A11880A4A10889847094A0A49EF
:10C070000420F6F785FB002010BD227B082101205B
:10C08000FEF7B2FFEBE700BFD08A0220A07C0220BF
:10C090009C7C0220F0760208940F02082DE9F04102
:10C0A00007460E46436923B1154694B24FF0000887
:10C0B00015E0007AFFF73EFBB6B210FB06F01FFA60
:10C0C00080F80FE07B6904EB840203EB82031879AC
:10C0D000FFF730FB40441FFA80F80134A4B2731913
:10C0E0009C42EFDB4046BDE8F08100002DE9F047BF
:10C0F00082B00446838823F0FF038380FFF748F96A
:10C10000A3880343A380A54B1B68002B00F040814C
:10C11000A34B1A68002A00F03D81A24B1B8803EB59
:10C120004303590002EB43039B78022B00F0348158
:10C13000575A3FB13846FFF713FF4FF6FF73984247
:10C140006AD00746FFF71CF9022840F0D280A38886
:10C15000DBB243F44073A38000230122A271E37198
:10C16000A272E3728F4B1B8803EB43038C4A126865
:10C1700002EB430132F81330002B00F09580CD78AC
:10C18000002D52D1854B1B6803EB47135E7A4FEAB3
:10C190004718DFF80892D9F8003003EB47177A7A8E
:10C1A00033F808103B7A019300962B462046FFF7A0
:10C1B000EDFED9F800002A4631464044FFF76EFFF5
:10C1C0008246D9F8003003EB080CDCF81430002B61
:10C1D00049D0238ADBB243EA0623238200211FFAD7
:10C1E00086F888453DD94B08073304EB43039A880A
:10C1F00002F47F429A80AE464F1907EB8707DCF8BE
:10C20000140000EB87073F793A439A804A1C92B2A8
:10C2100090450DD81146E2E73A4610210120FEF77D
:10C22000E3FEFEF731FF02203BE02E460D79AEE73C
:10C230005708073704EB4707B7F804805FFA88F818
:10C24000A7F80480DCF814302A4402EB820203EBE6
:10C250008202137948EA0328A7F804808B1C99B25C
:10C26000BDE78B1D23804F4B1B8803EB43014C4ADA
:10C27000126802EB4102927852BB228902F47F429B
:10C2800042F05302228148490A880AEB020080B238
:10C2900008800730C010454A10800133414A13809E
:10C2A000002002B0BDE8F087CA78212301930092F4
:10C2B000002319462046FFF769FE3A4B1B8803EB23
:10C2C0004303374A126802EB430393F803A0CAE71B
:10C2D000228902F47F4242F052022281344A1188BC
:10C2E0000AEB010080B210800730C010314A108084
:10C2F000D3E77D01294E336803EB4713187AFFF724
:10C30000E7F983B232682A44507A13FB00F39BB2F8
:10C31000A288D2B242F44072A28000220121A1710F
:10C32000E27104212170627032685119525B62819E
:10C33000A28902F47F42A2810A7AA281497A42EA62
:10C340000122A2810137E781164A128802EB4200DE
:10C350001349096801EB4001897871B9218901F419
:10C360007F4141F051012181104801880B44038035
:10C3700001320C4B1A80002093E7218901F47F41A0
:10C3800041F0500121810B49088803440B80EFE7FD
:10C39000012086E7012084E7012082E7A47C0220B7
:10C3A000A87C0220927C02209A7C02209C7C0220A5
:10C3B0009E7C0220A07C022008B504490448EDF7C9
:10C3C00031F8044B1880012008BD00BFA87C022072
:10C3D000A47C0220987C022010B584B00446FFF7AC
:10C3E00070F910BB0C3400220DF10F012046FFF74D
:10C3F000C8F901220DF10E012046FFF7C2F9022211
:10C400000DF10D012046FFF7BCF99DF80D300193A9
:10C410009DF80E3000939DF80F30074A074904201D
:10C42000F6F7AEF9002004B010BD227B08210120F0
:10C43000FEF7DAFDD6E700BF08770208940F02087E
:10C4400010B582B00446FFF73CF9B0B900220DF1F7
:10C45000070104F10C00FFF794F99DF8073093B938
:10C460000B4B00221A700A4B1B780A4A0A49042017
:10C47000F6F786F9002002B010BD227B08210120CA
:10C48000FEF7B2FDE2E7024B01221A70EBE700BFB4
:10C49000917C02202C770208940F020810B582B01C
:10C4A0000446FFF70EF9C8B900220DF1070104F1A7
:10C4B0000C00FFF766F99DF80730ABB1012B17D0E0
:10C4C000104B1B78012B17D80E4B1B780E4A0F49C7
:10C4D0000420F6F755F9002002B010BD227B082198
:10C4E0000120FEF781FDDFE7064B00221A70E7E727
:10C4F000044B01221A70E3E7002201210220FEF71B
:10C5000073FDE1E7907C02204C770208940F02084B
:10C5100010B582B00446FEF73BFF009002230122D3
:10C5200011462046FFF786F8002002B010BD10B576
:10C5300082B00446FEF72CFF009001231A46032127
:10C540002046FFF777F8002002B010BD10B582B08A
:10C550000446FEF71DFF009001231A4619462046A7
:10C56000FFF768F8002002B010BD10B582B0044695
:10C57000FEF70EFF00900423012203212046FFF75F
:10C5800059F8002002B010BD10B582B00446FEF785
:10C59000FFFE00900323012219462046FFF74AF8C8
:10C5A000002002B010BD10B582B00446FEF7F0FEC8
:10C5B00000900523012203212046FFF73BF80020CD
:10C5C00002B010BD10B582B00446FEF7E1FE009047
:10C5D0000623012203212046FFF72CF8002002B099
:10C5E00010BD000038B50446FFF76BF870B90A4D6E
:10C5F0000022294604F10C00FFF7C8F82B88074AEF
:10C6000007490420F6F7BCF8002038BD227B08213A
:10C610000120FEF7E9FCEAE7967C02206877020831
:10C62000940F020838B50446FFF74BF870B90A4D6D
:10C630000022294604F10C00FFF7A8F82B88074ACE
:10C6400007490420F6F79CF8002038BD227B08211A
:10C650000120FEF7C9FCEAE7947C022088770208F3
:10C66000940F020810B582B00446FFF72AF890B97B
:10C67000124B1B68ABB100220DF1060104F10C0056
:10C68000FFF784F80E4B1A88BDF806309A420FD196
:10C69000002002B010BD227B08210120FEF7A4FC7F
:10C6A000E6E70022064904F10C00FFF76FF8EFE718
:10C6B000002201210220FEF797FCE9E7A87C022076
:10C6C000A07C022010B582B00446FEF7FAFF90B9B4
:10C6D000124B1B68ABB100220DF1060104F10C00F6
:10C6E000FFF754F80E4B1A88BDF806309A420FD166
:10C6F000002002B010BD227B08210120FEF774FC4F
:10C70000E6E70022064904F10C00FFF73FF8EFE7E7
:10C71000002201210220FEF767FCE9E7A87C022045
:10C720009C7C022010B582B00446FEF731FE0190D9
:10C730000121009105230A462046FEF78FFF0020C5
:10C7400002B010BD4FF6FF730D4A13800D4A1380DF
:10C7500002230D4A13700D4A137000230C4A136014
:10C760000C4A13600C4A13800C4A13800C4A138045
:10C770000C4A13800C4A13800C4A1380704700BF88
:10C78000947C0220967C0220907C0220917C0220E6
:10C79000A47C0220A87C0220987C0220927C0220AB
:10C7A0009C7C0220A07C02209E7C02209A7C02209D
:10C7B00008B502490248FEF782FB08BDB7BF010871
:10C7C000C877020808B502490248FEF778FB08BDA1
:10C7D000C1BF0108A8770208014B1888704700BF45
:10C7E000967C0220014B1888704700BF947C022081
:10C7F000014B1878704700BF907C0220002306E0B0
:10C80000064A02EB03120021D1600133DBB2022B96
:10C81000F6D9034B01221A60704700BFB07C02209A
:10C82000AC7C02200146002001E00130C0B20228A9
:10C8300013D80C4B03EB0013DB68002BF5D130B49D
:10C84000084C050104EB001263515360D1600228CB
:10C8500001D830BC7047FF20FBE7022800D87047A2
:10C86000FF207047B07C022038B504460D460B4BC4
:10C8700003EB0013DB6853B1084B220103EB0414F4
:10C880006068A560002161600121995038BD0022D7
:10C8900001210220FEF7A8FBEEE700BFB07C0220DA
:10C8A00010B40549040101EB0013586800220A5135
:10C8B0005A605DF8044B7047B07C022038B5144BC9
:10C8C0001B681BB30546002401E00134E4B2022CCE
:10C8D0001CD8104B03EB0413DB68002BF5D02301AD
:10C8E0000C49CB58012BF0D101EB04118B685B1B79
:10C8F0008B60002BE9DC074B210103EB04120120C4
:10C90000506000205850D3689847DEE738BD00BF1C
:10C91000AC7C0220B07C0220014B00221A607047E0
:10C92000AC7C022008B5FEF7B5FB032812D9FEF750
:10C93000D5FBFEF7FFFF0D4B1B689847FFF752F83A
:10C94000FEF73AFCFEF7D8FBFEF77AFCFEF7E6FAB4
:10C95000002008BD022801D10720FAE700220721A4
:10C960000120FEF741FBFEF78FFBF5E7108B02205D
:10C9700008B5FEF78FFB022804D9032803D0002056
:10C98000ECF7A8FD08BDFEF779FBFBE7014B0122A0
:10C990001A607047F47C0220024B00221A811A6050
:10C9A0005A6070472C82022038B5054C002525813D
:10C9B00065816560F6F716FA2560F6F739FA38BD35
:10C9C0003882022008B5074B5B682BB10022152185
:10C9D0000120FEF709FB08BD024B186058600022D9
:10C9E0001A81F8E72C82022008B5034B01221A6055
:10C9F000ECF756FD08BD00BFE07C022038B5454B82
:10CA00001B78012B02D0002B79D038BD414B02227C
:10CA10001A70414B1B6823B9404A138883F0800386
:10CA200013803D4B00221A60F6F7DCF93C4B1B6883
:10CA3000002B4BD0F6F7FCF9394B5A68002A50D03E
:10CA4000364B1B8843F008039BB2354AB2F90810F5
:10CA5000344A1288914249DC43F010032F4A138074
:10CA60002F4B59812E4B5A89520059682E48EAF7AC
:10CA70008FFA2E4B1B78032B3FD803F00302274C71
:10CA8000B4F9003023F0060343EA42032380284B25
:10CA90001B78284A127843EA0223E380264B0022BF
:10CAA0001A60264D29880339490089B2204600F0D2
:10CAB00073FB234B1B88043344F813002A8852006D
:10CAC00092B22049204600F03FFB9EE7F6F7B0F90E
:10CAD000124A138823F008039BB223F0100313803B
:10CAE000C7E71D210220FEF77FFAA9E723F0100314
:10CAF0000A490B800A4B5A81B4E70322BFE74FF47F
:10CB00007A71114B1878FFF7AFFE024B01221A70B1
:10CB10007BE700BFF07C0220F87C02209C7F022093
:10CB200038820220007D0220A47F0220E67C0220C1
:10CB3000E77C0220E87C0220EC7C0220067D0220BB
:10CB4000FC7C02200C7D0220448202202DE9F04171
:10CB5000664B1B78022B09D0002B40F0C580634B3D
:10CB600001221A7000242046BDE8F081604B1B684A
:10CB7000002B00F0B7805E4B00221A605D4B1988D5
:10CB80000239490089B25C4C204600F005FB5B4B42
:10CB90001B88043304EB4304D4F8023098423BD1A1
:10CBA000574B1B68002B3ED1564C2078FFF778FE80
:10CBB000534B00221A604FF47A712078FFF754FE2D
:10CBC0004D4A938850490B705188504A1180C3F3E5
:10CBD00041214F4A117013F4005F08D04D4A12886A
:10CBE000111D454A02EB410202324B490A604B4A91
:10CBF00052893AB313F4807F52D148494B6803EB12
:10CC000042034B600B899A1A12B20A8100234B81AE
:10CC10009A420BDD002416E00123414A1360334A97
:10CC2000137000249FE7ECF749FCBDE70C68FFF7A1
:10CC3000BBFE238913F0400F05D13A4A1378013324
:10CC4000137000E000242C4B9B8813F4006F1ED05F
:10CC5000354B5B6833B3344B1D89344B1E88AB199D
:10CC60005B00B3F5867F2CDB234B9B8813F4805F3E
:10CC70000DD02D4B1B681A8912F0400F03D02949A3
:10CC80000A78013A0A702A4A1360FFF785FE294A9A
:10CC9000138823F001031380144B01221A7062E7FA
:10CCA0000024D0E7FEF7E6FFFFF78CFE1E4B5D6821
:10CCB000002DD0D1002204210120FEF795F92C4649
:10CCC00051E7DFF86480D8F8047072001A493846DA
:10CCD000EAF75EF907EB4607C8F804703544A8F890
:10CCE0000850C1E700243EE700243CE7F07C022026
:10CCF000F47C0220067D02200C7D0220FC7C0220B8
:10CD0000E07C022044820220E57C0220FE7C02209E
:10CD1000E47C0220027D0220EC7C0220388202208A
:10CD2000F87C0220E67C02202C820220007D02207A
:10CD3000087D02209C7F0220167D022010B501286C
:10CD400011D10023254A1380B3F5A17F11D2181DFC
:10CD50000021224A22F81010214A02EB40025180A1
:10CD600001339BB2F0E7024606210220FEF73CF9B0
:10CD7000E7E7FFF711FE00241A4B1C601A4B1C70EA
:10CD80001A4B1C60FFF710FE144AD480184B1C701D
:10CD9000184B1C70184B1C80402318490B801849F5
:10CDA0000B8018494720088017490C6017490B80F1
:10CDB00053809480164B1C70164B1C70164B1C60D5
:10CDC000164B1C701648FFF72DFD164B1870164BAE
:10CDD0001C60164800F0B2F910BD00BF9C7F022015
:10CDE0000C7D0220F47C0220E57C0220087D0220DC
:10CDF000E67C0220F07C0220047D0220027D0220DD
:10CE0000FC7C0220067D0220F87C0220007D0220AE
:10CE1000E77C0220E87C0220EC7C0220E47C0220FB
:10CE2000E9C9010844820220E07C02208DC9010882
:10CE300010B50446A0B1F5F7D5FF0C4B1B6823B124
:10CE4000002201210220FEF7CFF8084A546023880F
:10CE50000D335B1013811460F5F7EAFF002010BD5D
:10CE600002461D210220FEF7BFF8E4E738820220C7
:10CE700008B5084B1B78012B05D1074A138843F0EE
:10CE80000103138008BD002215210120FEF7ACF834
:10CE9000F8E700BFF07C02209C7F0220034B1B6858
:10CEA0000BB1002070470120704700BF388202207C
:10CEB00008B5064B1B68984720B1054B1B781BB97A
:10CEC000002000E0002008BD0120FCE7208B0220AC
:10CED000E47C0220014B1870704700BFE67C022002
:10CEE000014B1870704700BFE77C022008B5114B5A
:10CEF0001B78012B17D101314908013042080E4B34
:10CF00001980B1EB500F00D21A800B4B1A880B4BD3
:10CF10001B8813449BB20A490B80073309490B80D5
:10CF2000094B9A8008BD002215210120FEF75CF80C
:10CF3000F8E700BFF07C0220047D0220027D022081
:10CF4000FC7C0220067D02209C7F022008B5002286
:10CF500013210220FEF748F84FF6FF7008BD0000CD
:10CF6000024B187800F00700704700BFE57C0220F4
:10CF7000044B1B78012B02D1034B1868704700202B
:10CF8000704700BFF07C0220EC7C0220054B1B7830
:10CF9000012B05D1044B186818B100221A607047A4
:10CFA00000207047F07C0220087D0220014B1870A1
:10CFB000704700BFE87C0220034B1B880433034802
:10CFC00000EB4300704700BF027D02209C7F0220DF
:10CFD00008B5002214210120FEF706F8002008BD44
:10CFE000014B1888704700BFFE7C0220034B1B7862
:10CFF000012B01D00020704701207047F07C0220F7
:10D00000024B1878C0F3C000704700BFE57C0220D7
:10D01000024B187800F00F00704700BFE57C02203B
:10D02000012070477047000008B500224FF480517E
:10D030000348F7F784F80120EBF725FF08BD00BF90
:10D040000004024008B501224FF480510348F7F76D
:10D0500076F80120EBF717FF08BD00BF000402407F
:10D0600010B508210948F7F763F80446012800D0F5
:10D07000002410210548F7F75BF8012801D020466D
:10D0800010BD44F00204E4B2F9E700BF0000024022
:10D0900008B50A20F6F798FB08BD08B50A20F6F790
:10D0A000A1FB08BD2DE9F04186B0FFF7F6FF002493
:10D0B0000494059408230193029403941D4D01A93F
:10D0C0002846F6F7B7FE102301930294039401A9B2
:10D0D0002846F6F7AFFE01250195029503944FF01F
:10D0E0000308CDF81080144E01A93046F6F7A2FED1
:10D0F0002A4629463046F7F722F84FF48057019721
:10D1000002950394CDF8108001A93046F6F792FEFF
:10D110002A4639463046F7F712F822463946304655
:10D12000F7F70DF80520EBF7AEFE284606B0BDE890
:10D13000F08100BF0000024000040240014B186073
:10D14000704700BF48820220F8B504460D461646D7
:10D150000A4F002201213846F6F7F1FF084BDB6841
:10D160003246294620469847012211463846F6F7AE
:10D17000E6FF044B1B6803B19847F8BD000402406A
:10D18000240100204882022008B5024B1B68984702
:10D1900008BD00BF148B0220F0B400221546B5EB89
:10D1A000510F37D230F8023B94B2C3F30316314F1C
:10D1B00037F81660744004F00F042F4E56F82440E0
:10D1C00084EA121C1FFA8CF403F00F0237F81220C5
:10D1D000544004F00F0456F8242082EA1C1C1FFA65
:10D1E0008CF41A0B37F81220544004F00F0456F850
:10D1F000242082EA1C1294B2C3F3032337F81330BD
:10D20000634003F00F0356F8233083EA121201350E
:10D21000ADB2C4E7C2F30313164931F8133002F07C
:10D220000F0031F8100043EA0013C2F3033031F865
:10D23000100043EA0023C2F3032031F8100043EA50
:10D240000033C2F3035031F8100043EA0043C2F345
:10D25000034031F8100043EA0053100F31F810007A
:10D2600043EA0063C2F3036231F8120043EA00703C
:10D27000F0BC704708780208287802080346084680
:10D28000194601F0D1B900BF70B5036884B000241D
:10D290009E6900941023CDE9023415466B4612684E
:10D2A0008DF80440B0479DF8043003F00603062BC8
:10D2B00003BF009B2B600120204604B070BD00BF5F
:10D2C0000098904214BF01200620704710B5034B10
:10D2D0000360044600F05CFE204610BDA078020802
:10D2E00010B5054B0360044600F052FE20460821AD
:10D2F00000F04AF8204610BDA07802082DE9F04160
:10D30000DDE90815069F8F4290461E4604460CD064
:10D310003146204600F040FE20B101232F6085F801
:10D320000480AB710020BDE8F081079900F034FE65
:10D330000028EDD085F805800020BDE8F08100BF11
:10D3400038B515461C4600F027FE00B938BD082246
:10D3500006232560E260237138BD00BF2DE9F0414E
:10D3600016461D4607460C4600F016FE48B9032D2A
:10D3700007D823683246394620465B69BDE8F0414C
:10D380001847BDE8F08100BFEBF771BD1EB400F097
:10D3900095F81EBCEBF724FBF0B50278472A83B062
:10D3A0000C461D4619D00023294E019333683046A0
:10D3B0009B68984760B901272368314620461E695B
:10D3C00001AA0123B04760BB0746384603B0F0BD51
:10D3D000019B1B6801930227EEE743784E2BE2D1B5
:10D3E0008378552BDFD1C378432BDCD10379462BCF
:10D3F00021D00379432BD6D143792B2BD3D18379F9
:10D400002B2BD0D1C379012BCDD80FD050F8206C65
:10D410005830336801909B68304698470028CAD03E
:10D42000D6E7019B2B60384603B0F0BD50F8200CC6
:10D4300050F8786CEDE743794F2BDAD18379522B92
:10D44000D7D1C379002BD4D1024E0193AEE700BFF0
:10D45000E0780208D878020810B5044600F0FCF81D
:10D46000224612F82039472B04D0836823BB826000
:10D47000012010BD63784E2BF7D1A378552BF4D142
:10D48000E378432BF1D12379432BEED163792B2B16
:10D49000EBD1A3792B2BE8D1E379012BE5D854F814
:10D4A000043C0133012B44F8043CE1D1836844F887
:10D4B000083C8260012010BD00F00CFC08B500F0B3
:10D4C000CBF8836883B393F82020472A04D0002246
:10D4D000826003F1200008BD93F821204E2AF6D186
:10D4E00093F82220552AF2D193F82320432AEED133
:10D4F00093F82420432AEAD193F825202B2AE6D159
:10D5000093F826202B2AE2D193F82720012ADED88F
:10D51000DA69013ADA61002ADBD19A698260002275
:10D520009A6103F1200008BD00F0D4FB38B5044631
:10D5300000F092F82146056811F82039472B03D0F6
:10D5400085BB0160284638BD63784E2BF8D1A3789F
:10D55000552BF5D1E378432BF2D12379432BEFD12F
:10D5600063792B2BECD1A3792B2BE9D1E379012B18
:10D57000E6D854F80C3C002B11DB0133426844F828
:10D580000C3C013A42608D4218BF44F8105C656A59
:10D5900018BF01602046EAF773FE284638BDC3F184
:10D5A0000103EBE700F096FB08B500F051F80246E6
:10D5B000006870B390F82010472906D00021BDE81C
:10D5C000084020301160EAF75DBE90F821104E2926
:10D5D000F4D190F822105529F0D190F82310432966
:10D5E000ECD190F824104329E8D190F825102B298C
:10D5F000E4D190F826102B29E0D190F827100129CA
:10D60000DCD84169002905DB013908D04B1C0DD05D
:10D61000416108BD0131FBD103691360F8E701697D
:10D620001160BDE808402030EAF72CBE00F052FB44
:10D63000704700BF704700BF00487047C4780208B9
:10D6400010B504210446FFF79FFE204610BD00BF21
:10D65000004870474C820220004870474C820220EC
:10D66000502821D0F8B5044600F00F000C2859D8F6
:10D67000DFE800F007482A0722585858582E260796
:10D680002200104650F804CBBCF1000F09D004F082
:10D690007005102D08BF11468C44220648BFDCF8E7
:10D6A00000C0C3F800C0F8BDD01C20F0030050F843
:10D6B00004CBC3F800C07047104650F808CBE3E72E
:10D6C000104630F902CBDFE7104630F802CBDBE73B
:10D6D0004FF0000C6646104610F8017B07F07F05FE
:10D6E000B5404CEA050C3D0606F10706F4D41F2EA2
:10D6F000CAD87D06C8D54FF0FF3505FA06F64CEAC4
:10D70000060CC4E74FF0000C6646104610F8017B8B
:10D7100007F07F05B5403F064CEA050C06F1070609
:10D72000F4D4B1E700F078FFFF2822D008B500F06C
:10D730007003302B18D006D8202B0BD1BDE8084041
:10D74000084602F05CBE402B0AD1BDE808400846FE
:10D75000EBF71EBB02D810F0600F03D000F05CFFA7
:10D76000502BFBD1002008BDBDE80840084602F060
:10D7700043BE0020704700BFF8B50C46154606466C
:10D7800008B1EBF705FB286014F8017BFF2F29D1C6
:10D790006860204610F8013B2B75FF2B33D0102317
:10D7A00000242B75224610F8011B01F07F039340E3
:10D7B000090644EA030402F10702F4D40444EC60CD
:10D7C00010F8013B6B750024224610F8011B01F094
:10D7D0007F0393401C430B0602F10702F5D4044477
:10D7E0002C61F8BD31463846FFF79EFF22460146C0
:10D7F0002B1D3846FFF734FF0446204610F8013B46
:10D800002B75FF2BCBD10023EB60D9E72DE9F04F2F
:10D8100000F0030493B00023012C884617460893B8
:10D8200000F0A480022C0AD139464046EBF79AFA60
:10D83000002840F08F80082013B0BDE8F08F002C46
:10D8400040F02E820207EFD4012302930DF1300A3B
:10D850000023CDF800A019460C223846CDF83080C0
:10D86000EAF73AFD3846EBF799FA83460028DBD011
:10D87000524601463846FFF77FFF394605469DF878
:10D880004400FFF751FF0DF12C090023044619460F
:10D890000F22CDF8009038460E94EAF7F9FC0B9B66
:10D8A000109A23F00103954203F1FF3680F0EA81DC
:10D8B0009DF8454000212046FFF736FF2A460146E5
:10D8C00009AB2046FFF7CCFE9DF8455004460021E9
:10D8D0002846FFF729FF224601460AAB2846FFF7F4
:10D8E000BFFE9DF84550044600212846FFF71CFF67
:10D8F000224601464B462846FFF7B2FE0024054665
:10D90000224615F8011B01F07F0393401C430B06D0
:10D9100002F10702F5D40C9B099A1344B3421DD9B6
:10D92000029BDA0734D5002403940023089DCDF828
:10D93000009019460D223846EAF7AAFC0B9B039A81
:10D94000C8F82CB0C8E90954C8F83020C8F820300D
:10D95000062071E7092013B0BDE8F08F0A9A13443E
:10D96000B34270D8109BAB42A2D8D9E70DF1300A70
:10D9700010F00804CDF800A012D044F002041946BB
:10D980000C2238460294CDF83080EAF7A5FC69E70E
:10D99000029B1E0701D500F09DF9404600F0BCFC3B
:10D9A00023460D2221463846D8F82050EAF770FC6D
:10D9B0000C9B9D4202D00223029349E72346CDF8F7
:10D9C00000A021460C223846CDF83080EAF784FCCE
:10D9D000D8F830300393002BDFD0D8E90A4B0DF193
:10D9E0002C09002C45DB032500231A461946CDF8E7
:10D9F00000903846CDF82C80EAF76EFC00231946DB
:10DA00000122CDF8009038460B94EAF765FC00231C
:10DA100019460F22CDF800903846EAF739FC0B9BE7
:10DA2000039ACDF8009003F0010400231443384614
:10DA300019460F220B94EAF74FFC022D14D0072051
:10DA400013B0BDE8F08F0B9B002B3FF4EDAE0D9AA9
:10DA5000134403938CBB002B3FF4E6AE029BD90723
:10DA60003FF5E2AE0225BFE74046FFF7F5FC072091
:10DA7000E2E66FF040431B1B1E46524659463846AD
:10DA8000FFF77AFE9DF844003946FFF74DFE054644
:10DA90000F980E9550F8263000EB860033B1024601
:10DAA000002352F8041F01330029FAD10422C8E9E7
:10DAB0000A35C8E90C20032596E7109E039B013C1C
:10DAC0002644002B3FF4B0AE029B002E00F0DF8016
:10DAD00013F00803049300F0CB8047224E2388F80C
:10DAE000002088F801305522432388F8022088F866
:10DAF000033046224F2388F8042088F8053052224C
:10DB0000002388F8062088F807300023CDF818B0E5
:10DB100005979B46CDF81CA00024224616F8011B51
:10DB200001F07F039340080644EA030402F1070270
:10DB3000F4D41F2A05D84B0603D5012393405B423A
:10DB40001C4300252A46304610F8011B01F07F03D4
:10DB500093400F0645EA030502F10702F4D41F2A99
:10DB600005D8490603D5012393405B421D43002C91
:10DB700012D014DCB8F1000F02D0049B002B46D069
:10DB80006FF0404A0F9BAAEB040A53F82A303BB3CC
:10DB9000002D61D02E44BFE74FF0010BF8E79DF850
:10DBA0004400FF284CD000F00703042B78D8DFE8AE
:10DBB00003F003772B032800A2005242DDE90E1385
:10DBC0001A444B46FFF74CFD0B9949B1B8F1000FD1
:10DBD000DED008AB00224046FFF7DEFB0028D7D09E
:10DBE000029BDDF81CA0DB07DDE9057B3FF59DAE60
:10DBF000049B002B3FF4F5AE002CBFF6F4AE00F012
:10DC000077F8E2005242D9E762005242D6E76FF05D
:10DC1000404A0F9B089A0B92AAEB040A03EB8A076F
:10DC200053F82A1019B90DE057F8041F51B13944BF
:10DC30004B4600224046FFF7AFFB0028F4D0A7E791
:10DC40000022BBE7029BDA075646DDE9057BDDF8DB
:10DC50001CA03FF56AAE10E75B46059F002B3FF422
:10DC6000E3AD029BDB073FF5DFAD00240225BBE6F9
:10DC700098F80730012B0CBF58F8203C08F15803E6
:10DC8000089342E7029BD8073FF54DAE81E613F0BB
:10DC900001047FF4C9AD029B1D073FF5E3AEE4E745
:10DCA00000F0BAFCFFF742FC75E600BF00B583B098
:10DCB000804700F0B1FCFFF739FC00F0ADFC0C46EA
:10DCC0000190FFF771FC0134019801D100F034FBA1
:10DCD000FFF75CFB08B5034B1868BFF35B8FFFF7DA
:10DCE000E5FF00BFB001002008B58047FFF7F2FF55
:10DCF00008B5034B1868BFF35B8FFFF7F5FF00BF54
:10DD0000AC010020024B1868BFF35B8F704700BF67
:10DD1000B0010020024B1868BFF35B8F704700BF53
:10DD2000AC01002000B5012883B01DD8BFF35B8F84
:10DD3000A1F1280353E8002F013A43E8002000280E
:10DD4000F8D1BFF35B8F62B951F81C3C01F1580068
:10DD500013B101909847019803B05DF804EB00F00F
:10DD600099BA03B05DF804FB51F8140CFFF79EFF5D
:10DD7000F8B5002540E91E1240F8805C0446FFF724
:10DD8000C9FF44F8700CFFF7BDFF472343224E271D
:10DD9000552604F8583C2B230A4904F8515C04F832
:10DDA000577C04F8566C04F8552C04F8542C04F8ED
:10DDB000533C04F8523C44F86C0C44F8501CA4F159
:10DDC0008000F8BD25DD010830B583B0CDE9002124
:10DDD0000546FFF741FC4468009A01990346013467
:10DDE0005C602846FFF7C4FF0446012344F8283B43
:10DDF0002046EAF7E3FD2046FFF798FBFFF76AFFAE
:10DE000010B5FFF729FCD0E900420132426064B14D
:10DE100094F82020472A0AD00022026020342046AD
:10DE2000EAF7F0FD2046FFF781FBFFF753FF94F878
:10DE300021204E2AF0D194F82220552AECD194F8D2
:10DE40002320432AE8D194F82420432AE4D194F8EB
:10DE500025202B2AE0D194F826202B2ADCD194F817
:10DE60002720012AD8D8626952426261D6E700BFF2
:10DE7000EAF7F2BF10B5034B03600446FFF726FA3A
:10DE8000204610BDB479020810B5054B0360044666
:10DE9000FFF71CFA20460C21FFF776FA204610BD4A
:10DEA000B479020870B582B00D46069E96420446CB
:10DEB00009D0A06804680696246A2946A44602B0E0
:10DEC000BDE87040604719460192009300F064F885
:10DED000DDE900320028ECD0062002B070BD00BFA2
:10DEE0002DE9F04F0C4681B01946DDE90A7ADDE9EB
:10DEF0000C989B461546064600F04EF880B94F45F3
:10DF000027D0B0680668CDE90C98CDE90A7A214699
:10DF1000F4695B462A46A44601B0BDE8F04F60476D
:10DF2000002CC8F8007088F804500CDB3C44A14574
:10DF30000CBF4FF006094FF0010988F80690002049
:10DF400001B0BDE8F08F0234F9D1012388F8063022
:10DF5000F5E75146304600F01FF80028D1D088F888
:10DF60000550ECE72DE9F04106460F4614461D46E4
:10DF7000FFF7E6F948B9B06806682246B4692B464F
:10DF80003946A446BDE8F0416047BDE8F08100BFD6
:10DF9000704700BF00207047814211D008B540682B
:10DFA00003782A2B0AD049680B782A2B08BF013145
:10DFB000E9F79AF8B0FA80F0400908BD002008BDE2
:10DFC0000120704770B53B4B1A7882B0002A41D1CE
:10DFD00001241C7000F028FA002831D04468364D26
:10DFE00023782A2B08BF0134002211464FF0FF3658
:10DFF00001AB20460196E8F703FF2B680646DB6875
:10E000002E483022012100F071FD019B93B12B6855
:10E010002046D96800F088FB2B682948DB6802227B
:10E02000012100F063FD019B13B93046EAF723FF9D
:10E03000FFF7E6FE2B683046D96800F075FBEBE78A
:10E040001D4B20481B682146DB682D2200F04EFD49
:10E0500000F0E2FA184B1C481B681D22DB68012106
:10E0600000F044FD00F0D8FA01290C4619D1FFF761
:10E070005DFA03689B6898472B680646DB6813487F
:10E0800021460B2200F032FD2B683046D96800F0A3
:10E090004BFB2B680A20D96800F0D0FAFFF784FA0E
:10E0A000D6E7FFF743FAFFF77FFAD1E7FFF77CFAED
:10E0B000FFF76CF958820220B4010020107A0208A0
:10E0C000447A0208487A0208F0790208787A02084D
:10E0D00008B5042000F0C6F8024B034A0349036068
:10E0E000FFF772FEB87A020859E10108947A020833
:10E0F00010B582B00190082000F0B4F801990446F0
:10E1000000F0E4F9044A05492046FFF75DFE204689
:10E1100000F0C0F8FFF73AF949E40108408302082B
:10E1200010B582B00190082000F09CF801990446D7
:10E1300000F0E0F9044A05492046FFF745FE204675
:10E1400000F0A8F8FFF722F99DE401084C830208CB
:10E1500000487047847A020810B5034B03600446F8
:10E16000FFF766FA204610BDB87A020810B5054BD5
:10E1700003600446FFF75CFA20460421FFF704F928
:10E18000204610BDB87A0208F0B4214C6368A0F1B3
:10E1900008061BB350F8087CF519AB421ED82BD0EB
:10E1A0005A6804342AB90CE051681C1DF1B11346B9
:10E1B0000A469542F8D329D1D5E900215960236850
:10E1C00017441A6899188E420DD05B6840F8043CD9
:10E1D000236840F8087C5E60F0BC704740F8043C5F
:10E1E0006660F0BC704717441F60FAE75B681A6806
:10E1F00099188E42E9D1F6E7D3E90023174440F895
:10E20000087C40F8043C6660F0BC70472368D8E79F
:10E210005C820220124900F108024868082A38BFCF
:10E220000822D8B1073222F00702043102E0011DB2
:10E230004068A0B103689A42F9D89B1A072B0AD903
:10E2400030B48418456865608350086802600C60CB
:10E25000083030BC704743680B6008307047704727
:10E260005C82022010B500F180042046EAF707FE28
:10E27000034630B180220021184601F04BF880306F
:10E2800010BD2046FFF7C6FF03460028F2D1FFF776
:10E2900021FD00BF064A93688038984205D9D268AC
:10E2A0001344984201D2FFF76FBFEAF7E4BD00BF05
:10E2B0005C82022038B5084C4FF41E652846E560A4
:10E2C000EAF7DDFDA06020B10023C0E900536060E3
:10E2D00038BDE060606038BD5C8202200378472B67
:10E2E00001D00020704743784E2BFAD18378552B0C
:10E2F000F7D1C378432BF4D10379432BF1D1437980
:10E300002B2BEED183792B2BEBD1C07901288CBF3D
:10E3100000200120704700BF10B530B10446FFF760
:10E3200005F92046FFF7DAFF08B9FFF7D3FC54F8E8
:10E33000140CFFF7BBFC00BF2DE9F04F2DED028B55
:10E3400085B00246FFF7CAFF38B152E90674D2E938
:10E350000C85D2F828A0002605E0044607460546AD
:10E360008046824601261046FFF7E0F80EB1FFF71F
:10E37000BFFC3846FFF7B8FCFFF7D8F80EB1FFF73F
:10E38000A9FCFFF765F90768DFF898B097F8273020
:10E39000012B0CBF3B6807F17803029328F00303BD
:10E3A000019307F1200308EE103A4FF00009CA4527
:10E3B00021DDD5F80080B8F1000F00D0A84418EE98
:10E3C000100A02AB00224146FEF7E6FF08B1FFF754
:10E3D00017FDD8F8003003901B6940461F4603AA7A
:10E3E00001235946B847019B002818BF064609F18A
:10E3F00001091D44DBE746B10420FFF733FF074B5B
:10E40000074A08490360FFF7DFFC2046FFF74EFC90
:10E41000FFF7CAF8FFF7C8F8FEF7B8FF6C790208F3
:10E4200035D60108E878020808B5FFF715F9006845
:10E4300030B190F82730012B04BF006878380068AD
:10E4400008BD00BF4068704710B543680C4A0D49CD
:10E4500001600446A3F10C00904282B005D1204631
:10E46000FFF7E6F8204602B010BD53F8042C511E09
:10E47000002A43F8041CF2DC01A900F0A1F8EEE741
:10E480006C8202208483020810B50446FFF7DCFF8B
:10E490002046EAF7ECFC204610BD00BF10B5034B48
:10E4A00003600446FFF7D0FF204610BD98830208A2
:10E4B00010B5054B03600446FFF7C6FF2046EAF798
:10E4C000D6FC204610BD00BF9883020810B5084B4B
:10E4D00082B0044601AA40F8043B00F085F82046CB
:10E4E00002B010BD2046FFF7A3F8FEF74FFF00BFB4
:10E4F0008483020810B50446FFF7E8FF014B236050
:10E50000204610BD98830208184B984210B52AD8AF
:10E51000884204461CD94A00904238BF144604F190
:10E520001D02B2F5805F04F10D0018D98C4216D996
:10E53000C2F30B0204F58054A41A9C4228BF1C4667
:10E5400004F10D00EAF788FC0022C0E9014210BD89
:10E550000D30EAF781FC0022C0E9014210BD00281D
:10E56000F7DAFFF7B5FD0248FFF7DAFDFCFFFF3FE2
:10E57000A483020870B50C1A064600212046FFF756
:10E58000C3FF012C054600F10C030AD022461846B1
:10E590003146E8F7FDFC094A9542034606D1184684
:10E5A00070BD32780273054A9542F8D029190022CD
:10E5B0002C60AA600A73184670BD00BF6C820220EE
:10E5C000EAF755BC884205D008B528B1BDE8084037
:10E5D000FFF7D0BF024870470248FFF789FD00BF30
:10E5E00078820220BC83020830B5054683B00C4611
:10E5F00071B108460192E8F7E3FE019A211820461E
:10E600004FF00003FFF7DEFF2860284603B030BD5F
:10E610004FF0FF31F3E700BF08B5062001F046F9DF
:10E62000012001F03DFF00BF10B40C461346014627
:10E63000224602205DF8044B01F01ABB30B5174B9F
:10E640001D680C4683B001460DB1AB6B9BB1636E88
:10E65000DB0702D4A389980519D52846224600F085
:10E66000B5FE636EDA07054602D4A3899B0508D57B
:10E67000284603B030BD0190284601F055FC0199B1
:10E68000E5E7A06D00F074FA284603B030BDA06D38
:10E69000019100F06BFA0199DFE700BFB40100209F
:10E6A00030B587B00546084614460191E8F788FE64
:10E6B00001AA0123CDE90202059004930DB1AB6BD1
:10E6C00003B3636E13F0010FB4F90C309AB201D1A9
:10E6D000980521D5910406D4626E43F4005322F4C8
:10E6E0000052A3816266284603AA214600F03AF848
:10E6F000636EDA07054602D4A3899B0506D5284632
:10E7000007B030BD284601F00FFCDAE7A06D00F03D
:10E710002FFA284607B030BDA06D00F027FAB4F9F3
:10E720000C309AB2D6E700BF024B0A460146186881
:10E73000FFF7B6BFB401002038B50C46084D0346BC
:10E740001146204600221C462A6001F063FE431C4D
:10E7500000D038BD2B68002BFBD0236038BD00BF34
:10E76000548B02209368002B00F08A802DE9F04F33
:10E770009046B1F90C200C46110783B0814693B244
:10E7800025D522691AB313F00207D8F800502DD00E
:10E790000026DFF8ACB23746AA465F453B46324614
:10E7A00028BF5B464846002F4FD0E169656AA847FD
:10E7B00000285BDDD8F808301B1A06443F1AC8F859
:10E7C0000830002BE9D1002003B0BDE8F08F2146CE
:10E7D000484601F0E5F9002840F02F81B4F90C20FB
:10E7E000D8F8005093B213F00207D1D113F0010A08
:10E7F00048D156462EB39A05A76840F18C80B7429F
:10E80000BB4600F2B78013F4906F40F0CB802068D5
:10E8100051465A4600F012FDA1682368C91B5B44AB
:10E820003746A16023600026D8F80830DB1BBA44C5
:10E83000C8F80830002BC6D0B4F90C309BB2002EBB
:10E84000D9D1D5E900A60835D4E7DAE900670AF19D
:10E85000080AA2E729465A4600F0F0FC23685B4408
:10E8600023602146484601F003FB58B3B4F90C304D
:10E8700043F040034FF0FF30A38103B0BDE8F08FB9
:10E88000002070473E46AA4638463D4600976EB384
:10E89000002833D0009A2068D4E90413B24228BF7C
:10E8A0003246884204D9A16803EB010B5A45D1DCFA
:10E8B00093426ADCE169676A2A464846B847B0F184
:10E8C000000BD3DD009BB3EB0B03009356D001206C
:10E8D000D8F80830A3EB0B035D44A6EB0B06C8F891
:10E8E0000830002B3FF46FAF002ED1D10AF108039E
:10E8F00053E902569A460833002EF9D032460A21CF
:10E900002846E8F7F5FA002800F08E800130431B16
:10E9100000931A46BFE720682369984214D86169BA
:10E92000B14211D86FF00043B34228BF3346676A43
:10E9300093FBF1F3524601FB03F34846E169B84704
:10E94000071E93DDF61B6FE7B74228BF37463A46EE
:10E95000514600F073FCA3682268DB1B3A44A360B5
:10E960002260002BEED12146484601F081FA0028B2
:10E97000E8D07BE720683746B34649E7214648465A
:10E9800001F076FA0028A3D070E72946019200F042
:10E9900055FC019AA1682368891A1344A160236079
:10E9A00093468FE7D4E90417226807EB4707A2EBE9
:10E9B000010B07EBD7770BF101007F103044B84211
:10E9C0003A4684BF07463A465B051BD51146484682
:10E9D00000F04AF958B35A4621690090E8F7D8FA8E
:10E9E000A289009B22F4906242F08002A281A7EBF0
:10E9F0000B0203EB0B00676123612060A2603746C6
:10EA0000B34605E7484600F023FD03460028EED153
:10EA10002169484601F024FBB4F90C300C2223F0A4
:10EA20008003C9F8002023E7721C009233E70C230F
:10EA3000C9F80030B4F90C301AE74FF0FF30C3E6E4
:10EA400000FCFF7F2DE9F04186B002FB03F7904602
:10EA50001D4601AA0123CDE90117CDE903230C9C32
:10EA60000597064608B1836B43B3636E13F0010F3D
:10EA7000B4F90C309AB201D1990530D5920406D47C
:10EA8000626E43F4005322F40052A3816266304662
:10EA900003AA2146FFF766FE636E90B1DA0706D53A
:10EAA000059D7F1BB7FBF8F006B0BDE8F081A38998
:10EAB0009B05F5D4A06D00F05BF8F1E701F034FAA6
:10EAC000D3E7D80707D4A389990504D4A06D00F033
:10EAD0004FF82846E8E7284606B0BDE8F081A06D6B
:10EAE00000F044F8B4F90C309AB2C7E770B5064CA0
:10EAF00082B00E46154601460093206832462B46EA
:10EB0000FFF7A0FF02B070BDB401002070B50D4E3C
:10EB10000D4D761BB61006D0002455F8043B013489
:10EB20009847A642F9D1094E094D761B01F0BAFC6F
:10EB3000B61006D0002455F8043B01349847A6428D
:10EB4000F9D170BD348D0208348D02084C8D020855
:10EB5000348D0208024B1844407800F0970070474B
:10EB6000EC830208704700BF704700BF704700BFCA
:10EB7000704700BF70B50C46B1F90E10002996B071
:10EB800015461E4614DB6A46FFF7D6FD00280FDB4C
:10EB9000019A02F47042A2F50052B2FA82F25209CE
:10EBA0004FF480634FF4006032602B6016B070BD8C
:10EBB000A189002311F08000336004D04022184660
:10EBC0002A6016B070BD4FF480632B6016B070BD24
:10EBD00070B58B899D0782B00C4607D501F14303C0
:10EBE0000122C1E904320B6002B070BD01AB6A467C
:10EBF0000646FFF7BFFF00990546304600F034F89F
:10EC000080B1B4F90C20174BF3630199206042F0F6
:10EC10008003009AA381C4E9040299B92B43A3811C
:10EC200002B070BDB4F90C309A05DDD423F00303B3
:10EC300004F1430243F002030121C4E90421A3814A
:10EC40002260D1E7B4F90E10304601F031FB10B963
:10EC5000B4F90C30E2E7A28922F0030242F001028B
:10EC600013B2DBE71DFF01082DE9F04F01F10B05A1
:10EC7000162D83B0064624D8102900F2B78000F084
:10EC800099FB102502211823DFF8F0844344A3F1F7
:10EC900008025C68944200F0B580636823F00303C7
:10ECA0002344D4E902515A68E96042F00102304637
:10ECB0008D605A6000F084FB0834204603B0BDE844
:10ECC000F08F35F0070500F19180A94200F28E80A7
:10ECD00000F070FBB5F5FC7FC0F090816B0A00F08E
:10ECE0008C80042B00F26681AB0903F1390103F13A
:10ECF0003807CB00DFF884844344A3F108005C6844
:10ED0000A04206D10CE0002A80F22281E468A042F1
:10ED100006D0636823F003035A1B0F2AF3DD39463C
:10ED2000D8F81040DFF858C4644577D0626822F004
:10ED30000302531B0F2B00F36F81002BC8E904CC97
:10ED400080F26081B2F5007F80F01081D30801333A
:10ED5000500901228240D8F8040058F83370A760A7
:10ED600008EBC30E0243AEF10800E060C8F80420CF
:10ED700048F83340FC608B1001209840904254D8F2
:10ED8000104206D121F003014000104201F10401BC
:10ED9000FAD008EBC1094C468E46E768BC4207D161
:10EDA00014E1002B80F21B81FF68BC4200F00E8151
:10EDB0007A6822F00302531B0F2BF2DDD7E902E43D
:10EDC000791945F001057D6043F00105CEF80C404E
:10EDD0003046C4F808E0C8E90411C1E902CC4D602E
:10EDE000BB5000F0EDFA07F1080402E00C23336099
:10EDF0000024204603B0BDE8F08F4FF4007340219B
:10EE00003F2777E7DC68A34208BF02317FF445AFB4
:10EE1000D8F81040DFF868C3644587D1D8F80420DB
:10EE20008B10012098409042AAD9D8F80840676812
:10EE300027F00307BD4202D87B1B0F2B77DCDFF8DE
:10EE40004493CA4BD9F800201B6801322B4404EBD1
:10EE5000070A00F02E8103F580530F3323F47F6BF4
:10EE60002BF00F0B5946304600F0E2FC411C0246E5
:10EE700000F0EB80824500F2E680BD4B19685944F2
:10EE80001960084600F04B81D9F800100193013158
:10EE90001BBFA2EB0A0A5044C9F80020186012F008
:10EEA000070A00F01481CAF108010A44CAF580512A
:10EEB00093440831A1EB0B01C1F30B0949463046DD
:10EEC000009200F0B5FC421CDDE9002300F05C81FB
:10EED000801A00EB090B1968C8F808204BF00100F4
:10EEE000494444455060196000F026810F2F40F2DC
:10EEF000258160680C3F27F0070700F0010004EB54
:10EF0000070C38434FF0050E0F2F6060CCE901EE7F
:10EF100000F2428150681446964B1A688A4238BF04
:10EF20001960954B1A688A4238BF196090E06219DF
:10EF300043F0010345F0010565603046C8F808203C
:10EF4000536000F03DFA0834204603B0BDE8F08F6E
:10EF50002344E1685A68A56842F00102E96030463E
:10EF60008D605A6000F02CFA083442E7B2F5206F49
:10EF70004FEA522361D3142B00F2BA8003F15C00F4
:10EF8000C0005B3308EB000758F80000083F8742D9
:10EF900000F09280436823F00303934202D9806813
:10EFA0008742F7D1C768D8F80420C4E90207BC60DB
:10EFB000C460E0E6142B59D9542B00F2A1802B0B2E
:10EFC00003F16F0103F16E07CB0093E60EF1010E22
:10EFD0001EF0030F04F108047FF4DFAE51E03A4461
:10EFE0003C465368F96854F8085F43F001035360E6
:10EFF0003046E9608D6000F0E3F9FAE6E90805F1D2
:10F00000080341E622443046536843F0010353604D
:10F01000083400F0D5F9ECE6611943F0010745F03A
:10F02000010565603046C8E90411C1E902CC4F60B2
:10F03000A35000F0C5F90834DBE6930903F1390069
:10F04000C00038339EE7444564D0D8F80840606873
:10F0500020F0030B5D45ABEB050302D80F2B3FF708
:10F0600066AF304600F0ACF90024C2E603F15C0163
:10F0700003F15B07CB003DE659F808394B4540F0FA
:10F08000AA8011F0030F01F1FF31F5D1D8F8043057
:10F0900023EA0003C8F80430400098423FF6C5AEAA
:10F0A00018B9C2E640000EF1040E1842FAD07146BB
:10F0B0006FE603F1100BD5E69A104FF0010ED8F869
:10F0C00004300EFA02F21A43C8F804206DE702EB8E
:10F0D0000B014942C1F30B0949463046009200F04A
:10F0E000A7FB431CDDE900237FF4F2AED146F2E634
:10F0F000542B26D8130B03F16F00C0006E3341E789
:10F10000B3F5AA7F26D8EB0B03F1780103F177075B
:10F11000CB00EFE5164B186858441860B4E6CAF304
:10F120000B0CBCF1000F7FF4AFAED8F80840BB4425
:10F130004BF001006060EFE61446EDE601235360FA
:10F140008FE7B3F5AA7F33D8D30B03F17800C00063
:10F15000773317E740F25452934233D8AB0C03F1A4
:10F160007D0103F17C07CB00C4E500BFAC82022027
:10F170007C820220A4820220A8820220E0050020D6
:10F18000E8050020E8090020AAF1080AD344ABEB07
:10F19000020B4FF000099EE604F10801304600938F
:10F1A00000F05EFFD8F80840009B60681968B3E67D
:10F1B00040F2545083420AD8930C03F17D00C00002
:10F1C0007C33DFE64FF47E737F217E2792E54FF498
:10F1D0007E707E23D6E6D8F804305DE7032A70B44B
:10F1E00012D940EA0105AD0704460B461ED1194667
:10F1F000204653F8045B54F8046BAE4216D1043A2F
:10F20000032A20461946F2D8561EA2B10139441EDF
:10F2100001E0C3180CD014F8015F11F8012F9542DA
:10F22000A6EB0403F5D0A81A70BC7047561EEDE794
:10F23000184670BC70471046F6E700BF8842F0B42D
:10F240000DD98B1883420AD9841832B1224613F89B
:10F25000014D02F8014D9942F9D1F0BC70470F2AD7
:10F260000ED80346541E002AF7D001340C44013B4B
:10F2700011F8012B03F8012FA142F9D1F0BC70471E
:10F2800040EA01039B073FD1A2F1100323F00F04D2
:10F2900001F1200727441B0901F1100400F11005BA
:10F2A00054F8106C45F8106C54F80C6C45F80C6C64
:10F2B00054F8086C45F8086C54F8046C45F8046C74
:10F2C0001034BC4205F11005EAD1013312F00C0FE5
:10F2D00001EB031102F00F0400EB031317D0043C01
:10F2E00024F0030CA5089C441C1F0E4656F8047B12
:10F2F00044F8047F6445F9D16C1C03EB840301EBF3
:10F30000840102F00302ADE7541E0346ADE7224636
:10F31000A8E700BFF0B4860746D0541E002A3CD0B0
:10F32000CAB2034601E0013C37D303F8012B9D0725
:10F33000F9D1032C2AD9CDB245EA05250F2C45EA8F
:10F34000054534D9A4F1100222F00F0C03F1200777
:10F350001609674403F1100242E9045542E90255D7
:10F360001032BA42F8D1721C14F00C0F03EB0212E7
:10F3700004F00F0613D0331F23F0030304331344A8
:10F3800042F8045B9342FBD106F003042CB1CAB2ED
:10F390001C4403F8012B9C42FBD1F0BC704734465F
:10F3A0001346002CF3D1F8E714460346C1E71A468A
:10F3B0002646E0E70148FFF7D9BB00BF408B02209B
:10F3C0000148FFF7D5BB00BF408B022070B50E4649
:10F3D0001446054608B1836BEBB1636ED80702D4BF
:10F3E000A389990523D5A368013B002BA3601CDAF0
:10F3F000A269934212DBF0B20A280FD023685A1C8C
:10F40000226005461E70636EDA0702D4A3899B054D
:10F4100011D5284670BD00F087FDDEE7284631464D
:10F42000224600F04FFB0546EDE7F0B2E6E7A06D9F
:10F43000FFF79CFBD7E7A06DFFF79AFB284670BD4E
:10F44000024B0A460146186800F002B8B4010020D9
:10F450002DE9F84F1746002900F0BC8007F10B0595
:10F460000C468046FFF7A6FF162D5FD810252A46CA
:10F47000AF4260D854F8041C21F003069642A4F170
:10F48000080980F28680C94BD3F808C009EB060052
:10F49000844500F0BA80D0F804C02CF00103034486
:10F4A0005B68DB0700F18B802CF0030C06EB0C0390
:10F4B000934280F21681CB070FD454F8083CA9EB95
:10F4C000030ADAF8043023F003018C44B444944571
:10F4D00038DA7318934280F2108139464046FFF7BC
:10F4E000C3FB0746E0B154F8043C23F001034B444E
:10F4F000A0F10802934200F0FA80321F242A00F2A1
:10F500001D81132A00F2CE8003462246116819603D
:10F510005168596092689A602146404600F0A0FD0B
:10F520004046FFF74DFF3846BDE8F88F25F0070548
:10F53000002D2A469CDA0C23C8F8003000273846F4
:10F54000BDE8F88FD0E902235746D3609A6057F898
:10F55000081FDAF80C30CB60321F242A996000F2C1
:10F560000881132A40F203812368CAF808306368CF
:10F57000CAF80C301B2A00F21B8108340AF1100370
:10F5800022681A6062685A60A2689A606646D1462C
:10F590003C46731B0F2B22D8D9F8043003F001032B
:10F5A00033434E44C9F80430736843F00103736079
:10F5B00040462746FFF704FF3846BDE8F88FC907E5
:10F5C0008BD454F8083CA9EB030ADAF8041021F0B4
:10F5D00003017EE7BDE8F84F1146FFF745BBD9F8B8
:10F5E000042009EB050102F001024E4443F001033F
:10F5F0001543C9F804504B60736843F001030831A8
:10F600007360404600F02CFDD2E7DCF8040020F0E7
:10F61000030B06EB0B0C05F1100084454DDAC9070E
:10F620003FF55BAF54F8081CA9EB010ADAF80410A7
:10F6300021F003018B44B34458453FF74AAF574686
:10F64000DAF80C1057F8080F321F242AC1608860BE
:10F6500000F2BC80132A40F2B7802168CAF8081073
:10F660006168CAF80C101B2A00F2C08008340AF145
:10F6700010022168116061685160A16891600AEB15
:10F680000501ABEB050242F0010299604A60DAF82D
:10F69000043003F001031D434046CAF80450FFF74D
:10F6A0008FFE4CE723680360636843601B2A49D8D8
:10F6B00004F1080200F1080328E709EB0501ACEBAF
:10F6C000050242F0010299604A6054F8043C03F0DC
:10F6D00001031D43404644F8045CFFF771FE2746D2
:10F6E0002DE7D0E902121E46CA60916051E750F83A
:10F6F000043C23F003031E444BE75746DAF80C1092
:10F7000057F8080F321F242AC160886027D8132AAF
:10F7100023D92168CAF808106168CAF80C101B2A9E
:10F720002FD808340AF11002216811606168516015
:10F73000A16891601E46D1463C462AE72146FFF764
:10F740007DFDE9E6A3688360E368C360242A24D0D2
:10F7500004F1100200F11003D8E63A46E4E721462E
:10F7600038461E46D146FFF769FD3C4611E73B4649
:10F7700006E7214638466646D146FFF75FFD3C4620
:10F7800007E7A168CAF81010E168CAF81410242A23
:10F7900022D010340AF11802C6E7236903616369B5
:10F7A000436104F1180200F11803AFE6E005002000
:10F7B000A368CAF81030E368CAF81430242A21D0AC
:10F7C00010340AF11803DBE63A4652E72146384680
:10F7D000FFF734FD154B52E72269CAF81820626919
:10F7E000CAF81C2018340AF120029DE7A168CAF863
:10F7F0001010E168CAF81410242A0DD010340AF150
:10F80000180236E72369CAF818306369CAF81C3051
:10F8100018340AF12003B3E62269CAF81820626995
:10F82000CAF81C2018340AF1200222E7E005002063
:10F8300038B5074D0022044608462A6000F01AFE3B
:10F84000431C00D038BD2B68002BFBD0236038BD93
:10F85000548B02201F2938B5054621D8D0F8DC2268
:10F860000C466AB152F8213053B1012B16D0591C05
:10F8700010D00025204642F824509847284638BD2D
:10F88000284600F031F8224601462846BDE83840B7
:10F8900000F014B816230360012038BD002038BDE5
:10F8A000162303604FF0FF3038BD00BF024B014606
:10F8B0001868FFF7CFBF00BFB401002038B50C4671
:10F8C000084D03461146204600221C462A6000F0DF
:10F8D000B9FD431C00D038BD2B68002BFBD0236042
:10F8E00038BD00BF548B022000F09CBD10B50C4603
:10F8F000B1F90E1000F004FD002803DB236D034472
:10F90000236510BDA38923F48053A38110BD00BFDC
:10F910002DE9F041B1F90C509846EB050C4617461D
:10F9200006460BD425F48055B4F90E10A581434644
:10F930003A463046BDE8F04100F01CB9B1F90E106E
:10F940000223002200F0C6FCB4F90C50EAE700BF25
:10F9500010B50C46B1F90E1000F0BCFCA389421C96
:10F960000EBF23F4805343F480532065A38110BD60
:10F97000B1F90E1000F0D2B911F0FF01034644D0E6
:10F98000820732D170B4046841EA012646EA06468D
:10F9900086EA0405A5F10133A4F1013223EA050347
:10F9A00022EA0402134313F0803F0FD150F8044FB2
:10F9B00084EA0605A5F10132A4F1013322EA050229
:10F9C00023EA0403134313F0803FEFD0037823B9F5
:10F9D00036E010F8013F002B32D09942F9D130E0E7
:10F9E0008A4211D09A071846CCD0184613F8012B3A
:10F9F000002AF5D1104670479907184607D01846D7
:10FA000001330278002AF7D170478207F7D10268E4
:10FA1000A2F1013323EA020313F0803F08D150F82A
:10FA2000042FA2F1013323EA020313F0803FF6D042
:10FA30000378002BE8D010F8013F002BFBD1704772
:10FA4000184670BC704700BF9AB3F0B440EA010595
:10FA5000AD0704460346084628D020780E78864233
:10FA600029D1012A2AD0254650B115F8010F11F8E5
:10FA7000016FEB43B04213441DD1E318F4D1184693
:10FA8000F0BC704707681C4653F8045BA5F10136CB
:10FA9000BD42014626EA050600F10400DDD1043A24
:10FAA0001C4601460AD016F0803F07D1032AE9D848
:10FAB000D3E710467047801BF0BC70470020F0BCB5
:10FAC000704700BFF8B50D461446064610B1836B6B
:10FAD000002B43D0B4F90C20A369A360170790B2A0
:10FAE0001BD52369CBB1EDB281042F4622D5226804
:10FAF0006169D31A994229DD0133A168501C01398B
:10FB0000A1602060157062699A422AD0A389DB0740
:10FB100001D50A2D25D03846F8BD2146304600F0E3
:10FB20003FF820BBB4F90C20236990B2EDB28104F8
:10FB30002F46DCD4616E42F4005221F40051A281C0
:10FB4000226861666169D31A9942D5DC2146304644
:10FB500000F08EF958B922680123CEE700F0E4F9ED
:10FB6000B8E72146304600F083F90028D3D04FF0A3
:10FB7000FF37D0E770B50C46084D114600261A46EF
:10FB8000034620462E601C4600F082FC431C00D039
:10FB900070BD2B68002BFBD0236070BD548B0220FE
:10FBA00038B5324B1B6805460C4613B19A6B002AD8
:10FBB0003CD0B4F90C3018079AB20CD52169A9B120
:10FBC00012F0010022D0606900254042A061A560CA
:10FBD00011B3002038BDD10640D552072AD421697F
:10FBE00043F00803A3819AB20029E9D102F42070FE
:10FBF000B0F5007FE4D028462146FEF7E9FFB4F9CE
:10FC00000C3021699AB212F00100DCD1950758BF7F
:10FC10006069A0600029DCD1120658BF0846D9D51A
:10FC200043F04003A3814FF0FF3038BD184600F089
:10FC30007BF9BEE7216B51B104F14002914204D03F
:10FC4000284600F00DFAB4F90C3000222263216935
:10FC500021600022626023F02403C1E743F04003E7
:10FC600009222A604FF0FF30A38138BDB401002083
:10FC70002DE9F047DFF880A00646DAF80000984644
:10FC80000F469146FEF772FF1A4B1B68D3F84841A6
:10FC900024B365681F2D26DC5EB9AB1C0135DAF88C
:10FCA0000000656044F82370FEF762FF0020BDE8A5
:10FCB000F08704EB85030121C3F88890D4F88821EC
:10FCC000A9400A43022EC4F88821C3F80881E4D170
:10FCD000D4F88C311943C4F88C11DEE703F5A6740F
:10FCE000C3F84841D5E7DAF80000FEF741FF4FF0CE
:10FCF000FF30DCE7E8830208F0090020024B13B173
:10FD0000024800F005B870470000000095FF0108A8
:10FD1000002301461A461846FFF7AABF38B5074D1B
:10FD20000022044608462A6000F06CFB431C00D009
:10FD300038BD2B68002BFBD0236038BD548B0220CC
:10FD4000B1F90C202DE9F0410D461107804647D44A
:10FD50006B6842F40062002BAA815DDDAC6A002C66
:10FD600057D00023D8F80060C8F8003093B212F4DE
:10FD7000805255D10123E9694046A047431C66D013
:10FD8000AB89AC6A5F0705D56A682B6B801A0BB12B
:10FD9000EB6BC01AE969024600234046A047411CAC
:10FDA00040D1D8F80030002B3CD01D2B01D0162BB1
:10FDB00055D1AB892A692A6023F400630022AB8104
:10FDC0006A60296BC8F8006019B305F140039942D5
:10FDD00002D0404600F044F900202863BDE8F081DD
:10FDE0002F69B7B193B22E682F609A070CBF6B6969
:10FDF0000023F61BAB600AE06C6AE96933463A46B9
:10FE00004046A047041EA6EB0406274417DD002E3B
:10FE1000F2DC0020BDE8F081EB6B002B9EDCF8E704
:10FE2000286DAFE7B5F90C302A692A6023F4006326
:10FE30000022AB81DB046A60C3D52865C1E7AB89CA
:10FE400043F04003AB814FF0FF30BDE8F081D8F8BC
:10FE50000030002B94D01D2B06D0162B04D0AB897C
:10FE600043F04003AB81D5E7C8F80060D1E700BF9D
:10FE700038B50C46054608B1836BA3B1B4F90C0044
:10FE8000B8B1636EDB0701D4810515D5284621463C
:10FE9000FFF756FF636EDA07054602D4A3899B0578
:10FEA0000ED5284638BD00F03FF8B4F90C00002804
:10FEB000E7D10546284638BDA06DFEF757FEE5E7B9
:10FEC000A06DFEF755FE284638BD00BF10B50023D3
:10FED0000446C0E90033C0E904338181C2818360F4
:10FEE00043668361194608225C30FFF713FA07481E
:10FEF0000749084A084BE362C4E90740C4E909120C
:10FF000004F15800BDE81040FEF72CBEEDF80108E2
:10FF100011F9010851F9010871F90108014900F0CE
:10FF2000A3B900BF2D03020810B504461148FEF71F
:10FF30001DFEA26BC2B904F53B730F48C4F8E02262
:10FF40000321C4E9B913E06304216068FFF7BEFF31
:10FF5000A06801220921FFF7B9FFE06802221221FF
:10FF6000FFF7B4FF0123A363BDE810400148FEF78B
:10FF7000FFBD00BF3C8B02201DFF01080148FEF7BA
:10FF8000F5BD00BF508B02200148FEF7F1BD00BF58
:10FF9000508B022038B5084B084D5B1B9C1007D0D6
:10FFA000043B1D44013C55F804399847002CF9D115
:10FFB000BDE8384000F07CBA508D02084C8D020834
:10FFC000F8B5244F0C460646FFF7F4F9BB685D68A8
:10FFD000C4F57E610F3125F003054B1923F47F63CF
:10FFE00023F00F03A3F58054B4F5805F07DB0021F5
:10FFF0003046FFF71DFCBB682B44984204D03046C6
:020000040802F0
:10000000FFF7DEF90020F8BD61423046FFF710FC33
:1000100001300DD0104AB96813682D1B45F0010559
:1000200030461B1B4D601360FFF7CAF90120F8BD75
:1000300000213046FFF7FCFBBA68831A0F2BDEDD88
:10004000064C0549246843F00103001B5360086017
:10005000D5E700BFE00500207C820220E8090020EF
:1000600000295ED0F8B50C460646FFF7A3F954F810
:10007000043CDFF8F0C123F00101A4F108004218AC
:10008000DCF808705568974225F0030500F0888079
:10009000DF07556033D454F8087CC01B0CF108040A
:1000A0008368A342394469D05719D0F80CE07F68BF
:1000B000C3F80CE0CEF80830FB0740F1968041F021
:1000C000010343601160B1F5007F33D2CB08DCF847
:1000D000044001334A090121914021430CEBC30242
:1000E0005CF83340CCF80410083AC0E902424CF8FE
:1000F0003300E0603046BDE8F840FFF761B95319BE
:100100005B68DF070ED429440CF108049368A3420E
:1001100073D0D468DC6041F00102A36042604150BA
:10012000D1E7704741F00103B1F5007F44F8043C8A
:100130001160CBD3B1F5206F4FEA51234AD28B091E
:1001400003F13905ED0003F138025CF805300CEBE2
:100150000504083C9C4259D05A6822F003028A42A6
:1001600002D99B689C42F7D1DC68C0E90234A060E8
:10017000D8603046BDE8F840FFF722B953195B68F4
:10018000DB0766D4D2E90223294441F00104D3609D
:100190009A60446041503046BDE8F840FFF710B91E
:1001A000DB07294407D454F8083CC01A1944D0E9A5
:1001B0000223D3609A60294B1B6841F001028B42F5
:1001C0004260CCF8080095D8254B30461968FFF7F7
:1001D000F7FE8FE7142B0AD9542B21D80B0B03F110
:1001E0006F05ED0003F16E02AFE729448EE703F1DE
:1001F0005C05ED0003F15B02A7E741F00103CCE9E8
:100200000400C0E902444360415073E7DCF8041085
:100210009210012505FA02F20A43CCF80420A4E763
:10022000B3F5AA7F06D8CB0B03F17805ED0003F1F7
:1002300077028AE740F25452934206D88B0C03F1BE
:100240007D05ED0003F17C027FE74FF47E757E2291
:100250007BE741F00103436011604BE7EC090020AC
:10026000AC820220E00500202DE9F84307468846CD
:1002700000F538764FF00009D6E90154013D11D45C
:10028000A389012B05F1FF3508D9B4F90E300133EC
:1002900004D021463846C04749EA00096B1C04F1E6
:1002A0006804EDD13668002EE6D14846BDE8F883F3
:1002B00038B5074D0022044608462A6000F0BAF817
:1002C000431C00D038BD2B68002BFBD0236038BD09
:1002D000548B022070B50C46084D114600261A4674
:1002E000034620462E601C4600F0B4F8431C00D0A4
:1002F00070BD2B68002BFBD0236070BD548B022097
:1003000070B50C46084D114600261A460346204695
:100310002E601C4600F0A6F8431C00D070BD2B6870
:10032000002BFBD0236070BD548B022070B50029D8
:100330004BD00C46054610B1836B002B48D0636E42
:10034000D80734D5B4F90C30002B3ED021462846CE
:10035000FFF7F6FCE36A064633B1E16928469847A1
:100360000028B8BF4FF0FF36A3891A063BD4216B93
:1003700041B104F14003994202D02846FFF770FED4
:1003800000232363616C21B12846FFF769FE002337
:100390006364FFF7F3FD636E0022DB07A28127D5BC
:1003A000A06DFEF7E1FBFFF7EFFD304670BDA389BE
:1003B0009905CBD4A06DFEF7D9FBB4F90C30002B16
:1003C000C4D1666E16F0010608D00026304670BD16
:1003D000FFF7AAFD636ED807B4D4E8E7A06DFEF777
:1003E000C7FB304670BD21692846FFF739FEBEE7DE
:1003F000A06DFEF7BDFBD3E708B5FEF70DF908B514
:10040000FFF7FAFF024B58221A604FF0FF30704797
:10041000548B0220024B58221A604FF0FF30704775
:10042000548B0220024B58221A604FF0FF30704765
:10043000548B0220024B58221A600020704700BFE4
:10044000548B0220024B58221A604FF0FF30704745
:10045000548B0220024B58221A604FF0FF30704735
:10046000548B0220024B58221A604FF0FF30704725
:10047000548B0220044A05491368002B08BF0B4621
:100480001844106018467047B0820220588B022032
:10049000024B58221A604FF0FF307047548B0220F5
:1004A000FEE700BFF8B500BFF8BC08BC9E46704729
:0C04B000F8B500BFF8BC08BC9E467047C1
:1004BC00545558100037000054555810003800009F
:1004CC0074000000F87A020803000000F87A0208B1
:1004DC0003000000000000000000000061000000AC
:1004EC00407E02080E000000407E02080E00000054
:1004FC00507E020809000000620000005C7E0208C9
:10050C00110000005C7E020811000000707E0208E1
:10051C000C00000073000000807E02080B0000003D
:10052C008C7E020846000000707E02080C00000061
:10053C0069000000D47E02080C000000E47E020872
:10054C0031000000187F02080D0000006F00000051
:10055C00287F02080C000000387F020831000000E0
:10056C006C7F02080D000000640000007C7F020814
:10057C000D0000008C7F020832000000C07F0208D2
:10058C000E000000DC8102080B000000DC81020878
:10059C000B00000000000000E881020804000000CD
:1005AC00F08102080700000007000000F881020833
:1005BC00040000000082020804000000000000009B
:1005CC0008820208060000000882020806000000EB
:1005DC0008000000108202080B00000010820208C4
:1005EC000B000000080000001C820208050000003F
:1005FC001C8202080500000008000000248202088A
:10060C000A000000248202080A0000000800000012
:10061C00308202080D000000308202080D0000003C
:10062C000000000040820208030000004082020823
:10063C000300000001000000448202080C000000CE
:10064C0054820208080000000200000000000000B4
:10065C00000000000000000000000000000000008E
:10066C00608202080400000060820208040000009E
:10067C0003000000688202080D0000006882020876
:10068C000D00000004000000788202080800000041
:10069C007882020808000000000000008482020832
:1006AC00110000008482020811000000000000000C
:1006BC00000000000000000000000000000000002E
:1006CC00000000000000000000000000000000001E
:1006DC00000000000000000000000000000000000E
:1006EC0000000000000000000000000098820208DA
:1006FC0005000000988202080500000000000000C0
:10070C00A08202080E000000A08202080E00000069
:10071C0000000000000000000000000000000000CD
:10072C000000000000000000B0820208040000007D
:10073C00B08202080400000009000000B882020820
:10074C0007000000F881020804000000000000000F
:10075C00C082020809000000608202080400000048
:10076C0005000000CC82020812000000CC820208B6
:10077C001200000006000000240E02080300000016
:10078C00240E02080300000000000000E0820208B2
:10079C0009000000E08202080900000000000000CF
:1007AC00EC82020809000000EC820208090000003B
:1007BC0000000000F88202080A000000F88202081B
:1007CC000A0000000000000004830208040000007E
:1007DC000483020804000000080000000C830208D7
:1007EC00070000000C830208070000000000000056
:1007FC00148302080800000014830208080000009B
:10080C00000000002083020808000000208302087A
:10081C0008000000000000002C83020811000000FA
:10082C002C8302081100000000000000D07F020899
:10083C00D47F02080200000002000000D87F0208EA
:10084C00DC7F02080100000002000000E07F0208CB
:10085C00047E02080200000002000000E47C020892
:10086C00E47F02080100000001000000E87F02089C
:10087C00E47F02080100000002000000EC7F020887
:10088C00F07F02080800000001000000FC7F020855
:10089C00F07F020808000000010000000080020840
:1008AC00048002080A00000002000000F07C02082C
:1008BC0010800208020000000200000014800208F0
:1008CC001880020801000000020000001C800208D1
:1008DC0020800208010000000100000024800208B2
:1008EC002880020802000000020000002C80020890
:1008FC003080020809000000010000003C80020862
:10090C00408002080C000000020000005080020829
:10091C005480020801000000010000005880020809
:10092C005C800208070000000100000064800208DF
:10093C006880020802000000020000006C800208BF
:10094C00A48102080100000002000000708002086F
:10095C007480020801000000020000007880020888
:10096C007C80020802000000020000008080020867
:10097C008480020801000000020000008880020848
:10098C008C80020802000000020000009080020827
:10099C00240E0208030000000300000094800208EB
:1009AC00240E0208030000000300000098800208D7
:1009BC00240E020803000000020000009C800208C4
:1009CC00240E02080300000002000000A0800208B0
:1009DC00A48002080200000002000000F4120208C9
:1009EC001C7B02080200000001000000A880020825
:1009FC00147F02080100000002000000F47C0208D1
:100A0C003C7B02080200000002000000AC800208DF
:100A1C00B080020803000000020000000C820208F3
:100A2C00B48002080200000002000000B880020836
:100A3C00BC8002080B00000001000000C880020806
:100A4C00CC8002080200000002000000D0800208E6
:100A5C00D48002080100000002000000D8800208C7
:100A6C00DC8002080200000002000000E0800208A6
:100A7C00E48002080200000002000000E880020886
:100A8C00EC8002080100000002000000F080020867
:100A9C00548002080100000002000000F4800208EB
:100AAC00F88002080200000001000000FC8002082F
:100ABC000081020805000000030000000881020804
:100ACC000C8102080200000002000000DC82020817
:100ADC00EC800208010000000100000010810208F7
:100AEC0014810208010000000100000018810208B6
:100AFC001C81020803000000030000002081020892
:100B0C002481020802000000020000002881020873
:100B1C002C81020802000000020000004C7E02083A
:100B2C00308102080100000002000000348102083C
:100B3C003881020802000000020000003C8102081B
:100B4C0040810208010000000200000044810208FC
:100B5C00488102080300000002000000740E020825
:100B6C004C810208020000000100000050810208C4
:100B7C0040810208010000000100000054810208BD
:100B8C00588102080200000002000000F87C0208F4
:100B9C005C81020801000000030000006081020873
:100BAC006481020802000000020000006881020853
:100BBC006C81020803000000020000007081020832
:100BCC0074810208100000000200000088810208F5
:100BDC008C810208010000000200000090810208D4
:100BEC0094810208020000000200000098810208B3
:100BFC009C8102080900000001000000E87C02084A
:100C0C009C8102080900000001000000A881020874
:100C1C00AC8102080B000000020000000C800208EE
:100C2C00B88102080700000001000000C081020822
:100C3C00B88102080700000001000000C48102080E
:100C4C00C88102080500000000000000D0810208E5
:100C5C00D481020806000000010000000000000022
:100C6C000000000000000000000000006D61696ED3
:100C7C005461736B0000000053434D204D6F64753D
:100C8C006C652068656172746265617400000000B7
:100C9C0073636D00526561642050726F7465637488
:100CAC00696F6E2073657420746F206C6576656C4B
:100CBC002030000073797300526561642050726FAC
:100CCC0074656374696F6E2073657420746F206C27
:100CDC006576656C20320000526561642050726F3D
:100CEC0074656374696F6E2073657420746F206C07
:100CFC006576656C203100001B5B39316D596F7561
:100D0C0020617265206F6E201B5B39376D646562E4
:100D1C0075671B5B39316D2076657273696F6E2E4A
:100D2C000D0A546869732076657273696F6E206959
:100D3C0073206F6E6C7920696E74656E64656420C7
:100D4C00666F722074657374696E672062792074A3
:100D5C00686520646576656C6F70657220616E6481
:100D6C00206D617920636F6E7461696E20627567A6
:100D7C00732E0D0A506C6561736520636F6E746120
:100D8C00637420746865206E656172657374206687
:100D9C0069726D7761726520646576656C6F7065DC
:100DAC007220746F20796F7572206C656674206682
:100DBC006F7220612070726F706572206669726D3F
:100DCC00776172652076657273696F6E203A501B7D
:100DDC005B33376D0D0A00006465627567000000B7
:100DEC0030312E31302D332D64656275672D6739A6
:100DFC006564653530312B006D617374657200006C
:100E0C004142434320447269766572207461736B6E
:100E1C0020737461727475702E2E2E006162636380
:100E2C004D61696E000000004142434320447269E9
:100E3C00766572206661696C656420746F20696EDA
:100E4C00697469616C697A65000000002E2E2F733D
:100E5C0072632F616263632F6170706C5F61626398
:100E6C00635F6D61696E2E6370700000526573650F
:100E7C0074205369676E616C207265636569766571
:100E8C00642E2052657374617274696E672E2E2EF7
:100E9C00000000005374617465204368616E6765DF
:100EAC002066726F6D202573202D3E202573000067
:100EBC006162636344726976657200004150504C04
:100ECC005F4D4F44554C455F4E4F5F4552524F520C
:100EDC00000000004150504C5F4D4F44554C455F55
:100EEC004E4F545F44455445435445440000000064
:100EFC004150504C5F4D4F44554C455F4E4F545FE5
:100F0C00535550504F525445440000004150504CE2
:100F1C005F4D4F44554C455F4E4F545F414E5357B8
:100F2C004552494E470000004150504C5F4D4F44D4
:100F3C00554C455F52455345540000004150504CB0
:100F4C005F4D4F44554C455F53485554444F574E95
:100F5C00000000004150504C5F4D4F44554C455FD4
:100F6C00554E45585045435445445F4552524F5297
:100F7C00000000004E6574776F726B20496E666FCF
:100F8C003A25580A0000000061626363000000000B
:100F9C0048616E646C65722053746174652043689B
:100FAC00616E6765202573202D3E2025730A000095
:100FBC00457863657074696F6E20496E666F3A2070
:100FCC0020202025583A0A00457863657074696FB3
:100FDC006E20436F64653A2020202025583A0A0081
:100FEC0041424343207761746368646F672074697E
:100FFC006D656F75740A000041424343207761743C
:10100C006368646F67207265636F76657265640AE6
:10101C0000000000414E425F5354415455533A2056
:10102C002573200A000000004142505F414E425F90
:10103C0053544154455F5345545550004142505F01
:10104C00414E425F53544154455F4E575F494E49A0
:10105C00540000004142505F414E425F5354415492
:10106C00455F574149545F50524F4345535300001D
:10107C004142505F414E425F53544154455F494495
:10108C004C4500004142505F414E425F5354415425
:10109C00455F50524F434553535F41435449564566
:1010AC00000000004142505F414E425F5354415496
:1010BC00455F4552524F52004142505F414E425F94
:1010CC0053544154455F455843455054494F4E0085
:1010DC004150504C5F494E49540000004150504C17
:1010EC005F57414954434F4D000000004150504C54
:1010FC005F52554E000000004150504C5F53485514
:10110C0054444F574E0000004150504C5F414243F5
:10111C0043524553455400004150504C5F44455692
:10112C0052455345540000004150504C5F48414CCF
:10113C005400000034100208481002086010020825
:10114C007C10020890100208B0100208301002083F
:10115C00C41002084F910008D19300083191000887
:10116C009593000800000000000000002E2E2F7345
:10117C0072632F616263632F6170706C5F61626375
:10118C00635F6164696D61702E63707000000000B4
:10119C0053434D7C50617274204E756D62657200C4
:1011AC0053434D7C53657269616C204E6F2E000069
:1011BC0053434D7C4D66672E20496E666F000000D0
:1011CC0053434D7C4D66722E204E616D65000000C0
:1011DC0053434D7C4D6F64656C2052657600000066
:1011EC0053434D7C5072696D617279204657205281
:1011FC006576000053434D7C5365636F6E6461727A
:10120C0079204657205265760000000053434D7CF0
:10121C00537461747573204C4544000053434D7CEA
:10122C0054656D70657261747572650050317C50D7
:10123C00617274204E756D626572000050317C5382
:10124C00657269616C204E756D62657200000000FC
:10125C0050317C4D66672E20496E666F0000000091
:10126C0050317C4D66722E204E616D650000000081
:10127C0050317C4D6F64656C205265760000000027
:10128C0050317C5072696D61727920526576000024
:10129C0050317C5365636F6E646172792052657650
:1012AC000000000050317C566F75740050317C4941
:1012BC006F75740050317C56696E000050317C544F
:1012CC00656D7065726174757265000050317C4C8F
:1012DC0045442053746174757300000050317C4593
:1012EC0076656E7420466C616773000050317C54D7
:1012FC00696D65204F6E204E6F77000050317C4C2D
:10130C0069666574696D65204F6E000050317C56BE
:10131C00696E20547970650050317C436F756E7422
:10132C002C4443204F6E000050317C436F756E741B
:10133C002C5343500000000050317C436F756E7489
:10134C002C4F56500000000050317C436F756E746A
:10135C002C50626F6F73740050317C436F756E74D8
:10136C002C506F776572496E0000000050317C4341
:10137C006F756E742C4F54500000000050317C4D32
:10138C00617820566F75740050317C4D617820491E
:10139C006F75740050317C4D61782056696E000079
:1013AC0050317C4D61782054656D700050317C4D0E
:1013BC00696E2054656D700050317C4D61782056FB
:1013CC006F7574205453000050317C4D6178204966
:1013DC006F7574205453000050317C4D6178205649
:1013EC00696E20545300000050317C4D61782054BC
:1013FC00656D70205453000050317C4D696E205443
:10140C00656D70205453000050327C506172742012
:10141C004E756D626572000050327C536572696165
:10142C006C204E756D6265720000000050327C4D70
:10143C0066672E20496E666F0000000050327C4DAE
:10144C0066722E204E616D650000000050327C4D9E
:10145C006F64656C205265760000000050327C5041
:10146C0072696D61727920526576000050327C533E
:10147C0065636F6E646172792052657600000000BE
:10148C0050327C566F75740050327C496F75740005
:10149C0050327C56696E000050327C54656D70651C
:1014AC00726174757265000050327C4C4544205357
:1014BC00746174757300000050327C4576656E74EF
:1014CC0020466C616773000050327C54696D652056
:1014DC004F6E204E6F77000050327C4C69666574FD
:1014EC00696D65204F6E000050327C56696E205439
:1014FC007970650050327C436F756E742C444320B8
:10150C004F6E000050327C436F756E742C534350F9
:10151C000000000050327C436F756E742C4F565097
:10152C000000000050327C436F756E742C50626F5B
:10153C006F73740050327C436F756E742C506F77E0
:10154C006572496E0000000050327C436F756E74FA
:10155C002C4F54500000000050327C4D61782056C6
:10156C006F75740050327C4D617820496F75740032
:10157C0050327C4D61782056696E000050327C4DA3
:10158C0061782054656D700050327C4D696E20542A
:10159C00656D700050317C43757272656E742048B5
:1015AC006967680050317C54656D702048696768C4
:1015BC000000000050327C43757272656E742048D6
:1015CC006967680050327C54656D702048696768A3
:1015DC000000000050317C416C61726D20466C61E2
:1015EC006700000050327C416C61726D20466C616A
:1015FC006700000050317C456E61626C6520416C67
:10160C0061726D0050327C456E61626C6520416C7C
:10161C0061726D0050317C4576656E742044617446
:10162C006120310050317C4576656E7420446174C4
:10163C006120320050317C4576656E7420446174B3
:10164C006120330050317C4576656E7420446174A2
:10165C006120340050317C4576656E742044617491
:10166C006120350050317C4576656E742044617480
:10167C006120360050317C4576656E74204461746F
:10168C006120370050317C4576656E74204461745E
:10169C006120380050317C4576656E74204461744D
:1016AC006120390050317C4576656E74204461743C
:1016BC00612031300000000050317C4576656E743D
:1016CC0020446174612031310000000050317C45B0
:1016DC0076656E7420446174612031320000000024
:1016EC0050317C4576656E742044617461203133D1
:1016FC000000000050317C4576656E7420446174A6
:10170C00612031340000000050317C4576656E74E8
:10171C0020446174612031350000000050317C455B
:10172C0076656E74204461746120313600000000CF
:10173C0050317C4576656E7420446174612031377C
:10174C000000000050317C4576656E742044617455
:10175C00612031380000000050317C4576656E7494
:10176C0020446174612031390000000050317C4507
:10177C0076656E7420446174612032300000000084
:10178C0050317C4576656E74204461746120323131
:10179C000000000050317C4576656E742044617405
:1017AC00612032320000000050317C4576656E7449
:1017BC0020446174612032330000000050317C45BC
:1017CC0076656E7420446174612032340000000030
:1017DC0050317C4576656E742044617461203235DD
:1017EC000000000050317C4576656E7420446174B5
:1017FC00612032360000000050317C4576656E74F5
:10180C0020446174612032370000000050317C4567
:10181C0076656E74204461746120323800000000DB
:10182C0050317C4576656E74204461746120323988
:10183C000000000050317C4576656E742044617464
:10184C00612033300000000050317C4576656E74A9
:10185C0020446174612033310000000050317C451C
:10186C0076656E7420446174612033320000000090
:10187C0050317C4576656E7420446174612033333D
:10188C000000000050317C4576656E742044617414
:10189C00612033340000000050317C4576656E7455
:1018AC0020446174612033350000000050317C45C8
:1018BC0076656E742044617461203336000000003C
:1018CC0050317C4576656E742044617461203337E9
:1018DC000000000050317C4576656E7420446174C4
:1018EC00612033380000000050317C4576656E7401
:1018FC0020446174612033390000000050317C4574
:10190C0076656E74204461746120343000000000F0
:10191C0050317C4576656E7420446174612034319D
:10192C000000000050317C4576656E742044617473
:10193C00612034320000000050317C4576656E74B5
:10194C0020446174612034330000000050317C4528
:10195C0076656E742044617461203434000000009C
:10196C0050317C4576656E74204461746120343549
:10197C000000000050317C4576656E742044617423
:10198C00612034360000000050317C4576656E7461
:10199C0020446174612034370000000050317C45D4
:1019AC0076656E7420446174612034380000000048
:1019BC0050317C4576656E742044617461203439F5
:1019CC000000000050317C4576656E7420446174D3
:1019DC00612035300000000050317C4576656E7416
:1019EC0020446174612035310000000050317C4589
:1019FC0076656E74204461746120353200000000FD
:101A0C0050317C4576656E742044617461203533A9
:101A1C000000000050317C4576656E742044617482
:101A2C00612035340000000050317C4576656E74C1
:101A3C0020446174612035350000000050317C4534
:101A4C0076656E74204461746120353600000000A8
:101A5C0050317C4576656E74204461746120353755
:101A6C000000000050317C4576656E742044617432
:101A7C00612035380000000050317C4576656E746D
:101A8C0020446174612035390000000050317C45E0
:101A9C0076656E742044617461203630000000005D
:101AAC0050317C4576656E7420446174612036310A
:101ABC000000000050317C4576656E7420446174E2
:101ACC00612036320000000050317C4576656E7422
:101ADC0020446174612036330000000050317C4595
:101AEC0076656E7420446174612036340000000009
:101AFC0050327C4576656E742044617461203100EF
:101B0C0050327C4576656E742044617461203200DD
:101B1C0050327C4576656E742044617461203300CC
:101B2C0050327C4576656E742044617461203400BB
:101B3C0050327C4576656E742044617461203500AA
:101B4C0050327C4576656E74204461746120360099
:101B5C0050327C4576656E74204461746120370088
:101B6C0050327C4576656E74204461746120380077
:101B7C0050327C4576656E74204461746120390066
:101B8C0050327C4576656E7420446174612031302E
:101B9C000000000050327C4576656E742044617400
:101BAC00612031310000000050327C4576656E7446
:101BBC0020446174612031320000000050327C45B9
:101BCC0076656E742044617461203133000000002E
:101BDC0050327C4576656E742044617461203134DA
:101BEC000000000050327C4576656E7420446174B0
:101BFC00612031350000000050327C4576656E74F2
:101C0C0020446174612031360000000050327C4564
:101C1C0076656E74204461746120313700000000D9
:101C2C0050327C4576656E74204461746120313885
:101C3C000000000050327C4576656E74204461745F
:101C4C00612031390000000050327C4576656E749D
:101C5C0020446174612032300000000050327C4519
:101C6C0076656E742044617461203231000000008E
:101C7C0050327C4576656E7420446174612032323A
:101C8C000000000050327C4576656E74204461740F
:101C9C00612032330000000050327C4576656E7452
:101CAC0020446174612032340000000050327C45C5
:101CBC0076656E742044617461203235000000003A
:101CCC0050327C4576656E742044617461203236E6
:101CDC000000000050327C4576656E7420446174BF
:101CEC00612032370000000050327C4576656E74FE
:101CFC0020446174612032380000000050327C4571
:101D0C0076656E74204461746120323900000000E5
:101D1C0050327C4576656E7420446174612033309A
:101D2C000000000050327C4576656E74204461746E
:101D3C00612033310000000050327C4576656E74B2
:101D4C0020446174612033320000000050327C4525
:101D5C0076656E742044617461203333000000009A
:101D6C0050327C4576656E74204461746120333446
:101D7C000000000050327C4576656E74204461741E
:101D8C00612033350000000050327C4576656E745E
:101D9C0020446174612033360000000050327C45D1
:101DAC0076656E7420446174612033370000000046
:101DBC0050327C4576656E742044617461203338F2
:101DCC000000000050327C4576656E7420446174CE
:101DDC00612033390000000050327C4576656E740A
:101DEC0020446174612034300000000050327C4586
:101DFC0076656E74204461746120343100000000FB
:101E0C0050327C4576656E742044617461203432A6
:101E1C000000000050327C4576656E74204461747D
:101E2C00612034330000000050327C4576656E74BE
:101E3C0020446174612034340000000050327C4531
:101E4C0076656E74204461746120343500000000A6
:101E5C0050327C4576656E74204461746120343652
:101E6C000000000050327C4576656E74204461742D
:101E7C00612034370000000050327C4576656E746A
:101E8C0020446174612034380000000050327C45DD
:101E9C0076656E7420446174612034390000000052
:101EAC0050327C4576656E74204461746120353007
:101EBC000000000050327C4576656E7420446174DD
:101ECC00612035310000000050327C4576656E741F
:101EDC0020446174612035320000000050327C4592
:101EEC0076656E7420446174612035330000000007
:101EFC0050327C4576656E742044617461203534B3
:101F0C000000000050327C4576656E74204461748C
:101F1C00612035350000000050327C4576656E74CA
:101F2C0020446174612035360000000050327C453D
:101F3C0076656E74204461746120353700000000B2
:101F4C0050327C4576656E7420446174612035385E
:101F5C000000000050327C4576656E74204461743C
:101F6C00612035390000000050327C4576656E7476
:101F7C0020446174612036300000000050327C45F2
:101F8C0076656E7420446174612036310000000067
:101F9C0050327C4576656E74204461746120363213
:101FAC000000000050327C4576656E7420446174EC
:101FBC00612036330000000050327C4576656E742B
:101FCC0020446174612036340000000045455052B5
:101FDC004F4D204552524F52206E6F7420726561E6
:101FEC0064790A00454550524F4D20416464726536
:101FFC007373205772697465307825580A00000095
:10200C0050327C4576656E7420436F64655B363464
:10201C005D00000050327C4576656E74205374610F
:10202C0072745B36345D000050327C4576656E749C
:10203C002054696D657374616D705B36345D00009E
:10204C0050327C4576656E7420436F64655B363325
:10205C005D00000050327C4576656E7420537461CF
:10206C0072745B36335D000050327C4576656E745D
:10207C002054696D657374616D705B36335D00005F
:10208C0050327C4576656E7420436F64655B3632E6
:10209C005D00000050327C4576656E74205374618F
:1020AC0072745B36325D000050327C4576656E741E
:1020BC002054696D657374616D705B36325D000020
:1020CC0050327C4576656E7420436F64655B3631A7
:1020DC005D00000050327C4576656E74205374614F
:1020EC0072745B36315D000050327C4576656E74DF
:1020FC002054696D657374616D705B36315D0000E1
:10210C0050327C4576656E7420436F64655B363067
:10211C005D00000050327C4576656E74205374610E
:10212C0072745B36305D000050327C4576656E749F
:10213C002054696D657374616D705B36305D0000A1
:10214C0050327C4576656E7420436F64655B35391F
:10215C005D00000050327C4576656E7420537461CE
:10216C0072745B35395D000050327C4576656E7457
:10217C002054696D657374616D705B35395D000059
:10218C0050327C4576656E7420436F64655B3538E0
:10219C005D00000050327C4576656E74205374618E
:1021AC0072745B35385D000050327C4576656E7418
:1021BC002054696D657374616D705B35385D00001A
:1021CC0050327C4576656E7420436F64655B3537A1
:1021DC005D00000050327C4576656E74205374614E
:1021EC0072745B35375D000050327C4576656E74D9
:1021FC002054696D657374616D705B35375D0000DB
:10220C0050327C4576656E7420436F64655B353661
:10221C005D00000050327C4576656E74205374610D
:10222C0072745B35365D000050327C4576656E7499
:10223C002054696D657374616D705B35365D00009B
:10224C0050327C4576656E7420436F64655B353522
:10225C005D00000050327C4576656E7420537461CD
:10226C0072745B35355D000050327C4576656E745A
:10227C002054696D657374616D705B35355D00005C
:10228C0050327C4576656E7420436F64655B3534E3
:10229C005D00000050327C4576656E74205374618D
:1022AC0072745B35345D000050327C4576656E741B
:1022BC002054696D657374616D705B35345D00001D
:1022CC0050327C4576656E7420436F64655B3533A4
:1022DC005D00000050327C4576656E74205374614D
:1022EC0072745B35335D000050327C4576656E74DC
:1022FC002054696D657374616D705B35335D0000DE
:10230C0050327C4576656E7420436F64655B353264
:10231C005D00000050327C4576656E74205374610C
:10232C0072745B35325D000050327C4576656E749C
:10233C002054696D657374616D705B35325D00009E
:10234C0050327C4576656E7420436F64655B353125
:10235C005D00000050327C4576656E7420537461CC
:10236C0072745B35315D000050327C4576656E745D
:10237C002054696D657374616D705B35315D00005F
:10238C0050327C4576656E7420436F64655B3530E6
:10239C005D00000050327C4576656E74205374618C
:1023AC0072745B35305D000050327C4576656E741E
:1023BC002054696D657374616D705B35305D000020
:1023CC0050327C4576656E7420436F64655B34399E
:1023DC005D00000050327C4576656E74205374614C
:1023EC0072745B34395D000050327C4576656E74D6
:1023FC002054696D657374616D705B34395D0000D8
:10240C0050327C4576656E7420436F64655B34385E
:10241C005D00000050327C4576656E74205374610B
:10242C0072745B34385D000050327C4576656E7496
:10243C002054696D657374616D705B34385D000098
:10244C0050327C4576656E7420436F64655B34371F
:10245C005D00000050327C4576656E7420537461CB
:10246C0072745B34375D000050327C4576656E7457
:10247C002054696D657374616D705B34375D000059
:10248C0050327C4576656E7420436F64655B3436E0
:10249C005D00000050327C4576656E74205374618B
:1024AC0072745B34365D000050327C4576656E7418
:1024BC002054696D657374616D705B34365D00001A
:1024CC0050327C4576656E7420436F64655B3435A1
:1024DC005D00000050327C4576656E74205374614B
:1024EC0072745B34355D000050327C4576656E74D9
:1024FC002054696D657374616D705B34355D0000DB
:10250C0050327C4576656E7420436F64655B343461
:10251C005D00000050327C4576656E74205374610A
:10252C0072745B34345D000050327C4576656E7499
:10253C002054696D657374616D705B34345D00009B
:10254C0050327C4576656E7420436F64655B343322
:10255C005D00000050327C4576656E7420537461CA
:10256C0072745B34335D000050327C4576656E745A
:10257C002054696D657374616D705B34335D00005C
:10258C0050327C4576656E7420436F64655B3432E3
:10259C005D00000050327C4576656E74205374618A
:1025AC0072745B34325D000050327C4576656E741B
:1025BC002054696D657374616D705B34325D00001D
:1025CC0050327C4576656E7420436F64655B3431A4
:1025DC005D00000050327C4576656E74205374614A
:1025EC0072745B34315D000050327C4576656E74DC
:1025FC002054696D657374616D705B34315D0000DE
:10260C0050327C4576656E7420436F64655B343064
:10261C005D00000050327C4576656E742053746109
:10262C0072745B34305D000050327C4576656E749C
:10263C002054696D657374616D705B34305D00009E
:10264C0050327C4576656E7420436F64655B33391C
:10265C005D00000050327C4576656E7420537461C9
:10266C0072745B33395D000050327C4576656E7454
:10267C002054696D657374616D705B33395D000056
:10268C0050327C4576656E7420436F64655B3338DD
:10269C005D00000050327C4576656E742053746189
:1026AC0072745B33385D000050327C4576656E7415
:1026BC002054696D657374616D705B33385D000017
:1026CC0050327C4576656E7420436F64655B33379E
:1026DC005D00000050327C4576656E742053746149
:1026EC0072745B33375D000050327C4576656E74D6
:1026FC002054696D657374616D705B33375D0000D8
:10270C0050327C4576656E7420436F64655B33365E
:10271C005D00000050327C4576656E742053746108
:10272C0072745B33365D000050327C4576656E7496
:10273C002054696D657374616D705B33365D000098
:10274C0050327C4576656E7420436F64655B33351F
:10275C005D00000050327C4576656E7420537461C8
:10276C0072745B33355D000050327C4576656E7457
:10277C002054696D657374616D705B33355D000059
:10278C0050327C4576656E7420436F64655B3334E0
:10279C005D00000050327C4576656E742053746188
:1027AC0072745B33345D000050327C4576656E7418
:1027BC002054696D657374616D705B33345D00001A
:1027CC0050327C4576656E7420436F64655B3333A1
:1027DC005D00000050327C4576656E742053746148
:1027EC0072745B33335D000050327C4576656E74D9
:1027FC002054696D657374616D705B33335D0000DB
:10280C0050327C4576656E7420436F64655B333261
:10281C005D00000050327C4576656E742053746107
:10282C0072745B33325D000050327C4576656E7499
:10283C002054696D657374616D705B33325D00009B
:10284C0050327C4576656E7420436F64655B333122
:10285C005D00000050327C4576656E7420537461C7
:10286C0072745B33315D000050327C4576656E745A
:10287C002054696D657374616D705B33315D00005C
:10288C0050327C4576656E7420436F64655B3330E3
:10289C005D00000050327C4576656E742053746187
:1028AC0072745B33305D000050327C4576656E741B
:1028BC002054696D657374616D705B33305D00001D
:1028CC0050327C4576656E7420436F64655B32399B
:1028DC005D00000050327C4576656E742053746147
:1028EC0072745B32395D000050327C4576656E74D3
:1028FC002054696D657374616D705B32395D0000D5
:10290C0050327C4576656E7420436F64655B32385B
:10291C005D00000050327C4576656E742053746106
:10292C0072745B32385D000050327C4576656E7493
:10293C002054696D657374616D705B32385D000095
:10294C0050327C4576656E7420436F64655B32371C
:10295C005D00000050327C4576656E7420537461C6
:10296C0072745B32375D000050327C4576656E7454
:10297C002054696D657374616D705B32375D000056
:10298C0050327C4576656E7420436F64655B3236DD
:10299C005D00000050327C4576656E742053746186
:1029AC0072745B32365D000050327C4576656E7415
:1029BC002054696D657374616D705B32365D000017
:1029CC0050327C4576656E7420436F64655B32359E
:1029DC005D00000050327C4576656E742053746146
:1029EC0072745B32355D000050327C4576656E74D6
:1029FC002054696D657374616D705B32355D0000D8
:102A0C0050327C4576656E7420436F64655B32345E
:102A1C005D00000050327C4576656E742053746105
:102A2C0072745B32345D000050327C4576656E7496
:102A3C002054696D657374616D705B32345D000098
:102A4C0050327C4576656E7420436F64655B32331F
:102A5C005D00000050327C4576656E7420537461C5
:102A6C0072745B32335D000050327C4576656E7457
:102A7C002054696D657374616D705B32335D000059
:102A8C0050327C4576656E7420436F64655B3232E0
:102A9C005D00000050327C4576656E742053746185
:102AAC0072745B32325D000050327C4576656E7418
:102ABC002054696D657374616D705B32325D00001A
:102ACC0050327C4576656E7420436F64655B3231A1
:102ADC005D00000050327C4576656E742053746145
:102AEC0072745B32315D000050327C4576656E74D9
:102AFC002054696D657374616D705B32315D0000DB
:102B0C0050327C4576656E7420436F64655B323061
:102B1C005D00000050327C4576656E742053746104
:102B2C0072745B32305D000050327C4576656E7499
:102B3C002054696D657374616D705B32305D00009B
:102B4C0050327C4576656E7420436F64655B313919
:102B5C005D00000050327C4576656E7420537461C4
:102B6C0072745B31395D000050327C4576656E7451
:102B7C002054696D657374616D705B31395D000053
:102B8C0050327C4576656E7420436F64655B3138DA
:102B9C005D00000050327C4576656E742053746184
:102BAC0072745B31385D000050327C4576656E7412
:102BBC002054696D657374616D705B31385D000014
:102BCC0050327C4576656E7420436F64655B31379B
:102BDC005D00000050327C4576656E742053746144
:102BEC0072745B31375D000050327C4576656E74D3
:102BFC002054696D657374616D705B31375D0000D5
:102C0C0050327C4576656E7420436F64655B31365B
:102C1C005D00000050327C4576656E742053746103
:102C2C0072745B31365D000050327C4576656E7493
:102C3C002054696D657374616D705B31365D000095
:102C4C0050327C4576656E7420436F64655B31351C
:102C5C005D00000050327C4576656E7420537461C3
:102C6C0072745B31355D000050327C4576656E7454
:102C7C002054696D657374616D705B31355D000056
:102C8C0050327C4576656E7420436F64655B3134DD
:102C9C005D00000050327C4576656E742053746183
:102CAC0072745B31345D000050327C4576656E7415
:102CBC002054696D657374616D705B31345D000017
:102CCC0050327C4576656E7420436F64655B31339E
:102CDC005D00000050327C4576656E742053746143
:102CEC0072745B31335D000050327C4576656E74D6
:102CFC002054696D657374616D705B31335D0000D8
:102D0C0050327C4576656E7420436F64655B31325E
:102D1C005D00000050327C4576656E742053746102
:102D2C0072745B31325D000050327C4576656E7496
:102D3C002054696D657374616D705B31325D000098
:102D4C0050327C4576656E7420436F64655B31311F
:102D5C005D00000050327C4576656E7420537461C2
:102D6C0072745B31315D000050327C4576656E7457
:102D7C002054696D657374616D705B31315D000059
:102D8C0050327C4576656E7420436F64655B3130E0
:102D9C005D00000050327C4576656E742053746182
:102DAC0072745B31305D000050327C4576656E7418
:102DBC002054696D657374616D705B31305D00001A
:102DCC0050327C4576656E7420436F64655B395D6B
:102DDC000000000050327C4576656E74205374619F
:102DEC0072745B395D00000050327C4576656E7400
:102DFC002054696D657374616D705B395D00000002
:102E0C0050327C4576656E7420436F64655B385D2B
:102E1C000000000050327C4576656E74205374615E
:102E2C0072745B385D00000050327C4576656E74C0
:102E3C002054696D657374616D705B385D000000C2
:102E4C0050327C4576656E7420436F64655B375DEC
:102E5C000000000050327C4576656E74205374611E
:102E6C0072745B375D00000050327C4576656E7481
:102E7C002054696D657374616D705B375D00000083
:102E8C0050327C4576656E7420436F64655B365DAD
:102E9C000000000050327C4576656E7420537461DE
:102EAC0072745B365D00000050327C4576656E7442
:102EBC002054696D657374616D705B365D00000044
:102ECC0050327C4576656E7420436F64655B355D6E
:102EDC000000000050327C4576656E74205374619E
:102EEC0072745B355D00000050327C4576656E7403
:102EFC002054696D657374616D705B355D00000005
:102F0C0050327C4576656E7420436F64655B345D2E
:102F1C000000000050327C4576656E74205374615D
:102F2C0072745B345D00000050327C4576656E74C3
:102F3C002054696D657374616D705B345D000000C5
:102F4C0050327C4576656E7420436F64655B335DEF
:102F5C000000000050327C4576656E74205374611D
:102F6C0072745B335D00000050327C4576656E7484
:102F7C002054696D657374616D705B335D00000086
:102F8C0050327C4576656E7420436F64655B325DB0
:102F9C000000000050327C4576656E7420537461DD
:102FAC0072745B325D00000050327C4576656E7445
:102FBC002054696D657374616D705B325D00000047
:102FCC0050327C4576656E7420436F64655B315D71
:102FDC000000000050327C4576656E74205374619D
:102FEC0072745B315D00000050327C4576656E7406
:102FFC002074696D657374616D70000050317C458F
:10300C0076656E7420436F64655B36345D0000003A
:10301C0050317C4576656E742053746172745B36E6
:10302C00345D000050317C4576656E742054696DBA
:10303C00657374616D705B36345D000050317C4596
:10304C0076656E7420436F64655B36335D000000FB
:10305C0050317C4576656E742053746172745B36A6
:10306C00335D000050317C4576656E742054696D7B
:10307C00657374616D705B36335D000050317C4557
:10308C0076656E7420436F64655B36325D000000BC
:10309C0050317C4576656E742053746172745B3666
:1030AC00325D000050317C4576656E742054696D3C
:1030BC00657374616D705B36325D000050317C4518
:1030CC0076656E7420436F64655B36315D0000007D
:1030DC0050317C4576656E742053746172745B3626
:1030EC00315D000050317C4576656E742054696DFD
:1030FC00657374616D705B36315D000050317C45D9
:10310C0076656E7420436F64655B36305D0000003D
:10311C0050317C4576656E742053746172745B36E5
:10312C00305D000050317C4576656E742054696DBD
:10313C00657374616D705B36305D000050317C4599
:10314C0076656E7420436F64655B35395D000000F5
:10315C0050317C4576656E742053746172745B35A6
:10316C00395D000050317C4576656E742054696D74
:10317C00657374616D705B35395D000050317C4551
:10318C0076656E7420436F64655B35385D000000B6
:10319C0050317C4576656E742053746172745B3566
:1031AC00385D000050317C4576656E742054696D35
:1031BC00657374616D705B35385D000050317C4512
:1031CC0076656E7420436F64655B35375D00000077
:1031DC0050317C4576656E742053746172745B3526
:1031EC00375D000050317C4576656E742054696DF6
:1031FC00657374616D705B35375D000050317C45D3
:10320C0076656E7420436F64655B35365D00000037
:10321C0050317C4576656E742053746172745B35E5
:10322C00365D000050317C4576656E742054696DB6
:10323C00657374616D705B35365D000050317C4593
:10324C0076656E7420436F64655B35355D000000F8
:10325C0050317C4576656E742053746172745B35A5
:10326C00355D000050317C4576656E742054696D77
:10327C00657374616D705B35355D000050317C4554
:10328C0076656E7420436F64655B35345D000000B9
:10329C0050317C4576656E742053746172745B3565
:1032AC00345D000050317C4576656E742054696D38
:1032BC00657374616D705B35345D000050317C4515
:1032CC0076656E7420436F64655B35335D0000007A
:1032DC0050317C4576656E742053746172745B3525
:1032EC00335D000050317C4576656E742054696DF9
:1032FC00657374616D705B35335D000050317C45D6
:10330C0076656E7420436F64655B35325D0000003A
:10331C0050317C4576656E742053746172745B35E4
:10332C00325D000050317C4576656E742054696DB9
:10333C00657374616D705B35325D000050317C4596
:10334C0076656E7420436F64655B35315D000000FB
:10335C0050317C4576656E742053746172745B35A4
:10336C00315D000050317C4576656E742054696D7A
:10337C00657374616D705B35315D000050317C4557
:10338C0076656E7420436F64655B35305D000000BC
:10339C0050317C4576656E742053746172745B3564
:1033AC00305D000050317C4576656E742054696D3B
:1033BC00657374616D705B35305D000050317C4518
:1033CC0076656E7420436F64655B34395D00000074
:1033DC0050317C4576656E742053746172745B3425
:1033EC00395D000050317C4576656E742054696DF2
:1033FC00657374616D705B34395D000050317C45D0
:10340C0076656E7420436F64655B34385D00000034
:10341C0050317C4576656E742053746172745B34E4
:10342C00385D000050317C4576656E742054696DB2
:10343C00657374616D705B34385D000050317C4590
:10344C0076656E7420436F64655B34375D000000F5
:10345C0050317C4576656E742053746172745B34A4
:10346C00375D000050317C4576656E742054696D73
:10347C00657374616D705B34375D000050317C4551
:10348C0076656E7420436F64655B34365D000000B6
:10349C0050317C4576656E742053746172745B3464
:1034AC00365D000050317C4576656E742054696D34
:1034BC00657374616D705B34365D000050317C4512
:1034CC0076656E7420436F64655B34355D00000077
:1034DC0050317C4576656E742053746172745B3424
:1034EC00355D000050317C4576656E742054696DF5
:1034FC00657374616D705B34355D000050317C45D3
:10350C0076656E7420436F64655B34345D00000037
:10351C0050317C4576656E742053746172745B34E3
:10352C00345D000050317C4576656E742054696DB5
:10353C00657374616D705B34345D000050317C4593
:10354C0076656E7420436F64655B34335D000000F8
:10355C0050317C4576656E742053746172745B34A3
:10356C00335D000050317C4576656E742054696D76
:10357C00657374616D705B34335D000050317C4554
:10358C0076656E7420436F64655B34325D000000B9
:10359C0050317C4576656E742053746172745B3463
:1035AC00325D000050317C4576656E742054696D37
:1035BC00657374616D705B34325D000050317C4515
:1035CC0076656E7420436F64655B34315D0000007A
:1035DC0050317C4576656E742053746172745B3423
:1035EC00315D000050317C4576656E742054696DF8
:1035FC00657374616D705B34315D000050317C45D6
:10360C0076656E7420436F64655B34305D0000003A
:10361C0050317C4576656E742053746172745B34E2
:10362C00305D000050317C4576656E742054696DB8
:10363C00657374616D705B34305D000050317C4596
:10364C0076656E7420436F64655B33395D000000F2
:10365C0050317C4576656E742053746172745B33A3
:10366C00395D000050317C4576656E742054696D6F
:10367C00657374616D705B33395D000050317C454E
:10368C0076656E7420436F64655B33385D000000B3
:10369C0050317C4576656E742053746172745B3363
:1036AC00385D000050317C4576656E742054696D30
:1036BC00657374616D705B33385D000050317C450F
:1036CC0076656E7420436F64655B33375D00000074
:1036DC0050317C4576656E742053746172745B3323
:1036EC00375D000050317C4576656E742054696DF1
:1036FC00657374616D705B33375D000050317C45D0
:10370C0076656E7420436F64655B33365D00000034
:10371C0050317C4576656E742053746172745B33E2
:10372C00365D000050317C4576656E742054696DB1
:10373C00657374616D705B33365D000050317C4590
:10374C0076656E7420436F64655B33355D000000F5
:10375C0050317C4576656E742053746172745B33A2
:10376C00355D000050317C4576656E742054696D72
:10377C00657374616D705B33355D000050317C4551
:10378C0076656E7420436F64655B33345D000000B6
:10379C0050317C4576656E742053746172745B3362
:1037AC00345D000050317C4576656E742054696D33
:1037BC00657374616D705B33345D000050317C4512
:1037CC0076656E7420436F64655B33335D00000077
:1037DC0050317C4576656E742053746172745B3322
:1037EC00335D000050317C4576656E742054696DF4
:1037FC00657374616D705B33335D000050317C45D3
:10380C0076656E7420436F64655B33325D00000037
:10381C0050317C4576656E742053746172745B33E1
:10382C00325D000050317C4576656E742054696DB4
:10383C00657374616D705B33325D000050317C4593
:10384C0076656E7420436F64655B33315D000000F8
:10385C0050317C4576656E742053746172745B33A1
:10386C00315D000050317C4576656E742054696D75
:10387C00657374616D705B33315D000050317C4554
:10388C0076656E7420436F64655B33305D000000B9
:10389C0050317C4576656E742053746172745B3361
:1038AC00305D000050317C4576656E742054696D36
:1038BC00657374616D705B33305D000050317C4515
:1038CC0076656E7420436F64655B32395D00000071
:1038DC0050317C4576656E742053746172745B3222
:1038EC00395D000050317C4576656E742054696DED
:1038FC00657374616D705B32395D000050317C45CD
:10390C0076656E7420436F64655B32385D00000031
:10391C0050317C4576656E742053746172745B32E1
:10392C00385D000050317C4576656E742054696DAD
:10393C00657374616D705B32385D000050317C458D
:10394C0076656E7420436F64655B32375D000000F2
:10395C0050317C4576656E742053746172745B32A1
:10396C00375D000050317C4576656E742054696D6E
:10397C00657374616D705B32375D000050317C454E
:10398C0076656E7420436F64655B32365D000000B3
:10399C0050317C4576656E742053746172745B3261
:1039AC00365D000050317C4576656E742054696D2F
:1039BC00657374616D705B32365D000050317C450F
:1039CC0076656E7420436F64655B32355D00000074
:1039DC0050317C4576656E742053746172745B3221
:1039EC00355D000050317C4576656E742054696DF0
:1039FC00657374616D705B32355D000050317C45D0
:103A0C0076656E7420436F64655B32345D00000034
:103A1C0050317C4576656E742053746172745B32E0
:103A2C00345D000050317C4576656E742054696DB0
:103A3C00657374616D705B32345D000050317C4590
:103A4C0076656E7420436F64655B32335D000000F5
:103A5C0050317C4576656E742053746172745B32A0
:103A6C00335D000050317C4576656E742054696D71
:103A7C00657374616D705B32335D000050317C4551
:103A8C0076656E7420436F64655B32325D000000B6
:103A9C0050317C4576656E742053746172745B3260
:103AAC00325D000050317C4576656E742054696D32
:103ABC00657374616D705B32325D000050317C4512
:103ACC0076656E7420436F64655B32315D00000077
:103ADC0050317C4576656E742053746172745B3220
:103AEC00315D000050317C4576656E742054696DF3
:103AFC00657374616D705B32315D000050317C45D3
:103B0C0076656E7420436F64655B32305D00000037
:103B1C0050317C4576656E742053746172745B32DF
:103B2C00305D000050317C4576656E742054696DB3
:103B3C00657374616D705B32305D000050317C4593
:103B4C0076656E7420436F64655B31395D000000EF
:103B5C0050317C4576656E742053746172745B31A0
:103B6C00395D000050317C4576656E742054696D6A
:103B7C00657374616D705B31395D000050317C454B
:103B8C0076656E7420436F64655B31385D000000B0
:103B9C0050317C4576656E742053746172745B3160
:103BAC00385D000050317C4576656E742054696D2B
:103BBC00657374616D705B31385D000050317C450C
:103BCC0076656E7420436F64655B31375D00000071
:103BDC0050317C4576656E742053746172745B3120
:103BEC00375D000050317C4576656E742054696DEC
:103BFC00657374616D705B31375D000050317C45CD
:103C0C0076656E7420436F64655B31365D00000031
:103C1C0050317C4576656E742053746172745B31DF
:103C2C00365D000050317C4576656E742054696DAC
:103C3C00657374616D705B31365D000050317C458D
:103C4C0076656E7420436F64655B31355D000000F2
:103C5C0050317C4576656E742053746172745B319F
:103C6C00355D000050317C4576656E742054696D6D
:103C7C00657374616D705B31355D000050317C454E
:103C8C0076656E7420436F64655B31345D000000B3
:103C9C0050317C4576656E742053746172745B315F
:103CAC00345D000050317C4576656E742054696D2E
:103CBC00657374616D705B31345D000050317C450F
:103CCC0076656E7420436F64655B31335D00000074
:103CDC0050317C4576656E742053746172745B311F
:103CEC00335D000050317C4576656E742054696DEF
:103CFC00657374616D705B31335D000050317C45D0
:103D0C0076656E7420436F64655B31325D00000034
:103D1C0050317C4576656E742053746172745B31DE
:103D2C00325D000050317C4576656E742054696DAF
:103D3C00657374616D705B31325D000050317C4590
:103D4C0076656E7420436F64655B31315D000000F5
:103D5C0050317C4576656E742053746172745B319E
:103D6C00315D000050317C4576656E742054696D70
:103D7C00657374616D705B31315D000050317C4551
:103D8C0076656E7420436F64655B31305D000000B6
:103D9C0050317C4576656E742053746172745B315E
:103DAC00305D000050317C4576656E742054696D31
:103DBC00657374616D705B31305D000050317C4512
:103DCC0076656E7420436F64655B395D000000009E
:103DDC0050317C4576656E742053746172745B3916
:103DEC005D00000050317C4576656E742054696D21
:103DFC00657374616D705B395D00000050317C45FA
:103E0C0076656E7420436F64655B385D000000005E
:103E1C0050317C4576656E742053746172745B38D6
:103E2C005D00000050317C4576656E742054696DE0
:103E3C00657374616D705B385D00000050317C45BA
:103E4C0076656E7420436F64655B375D000000001F
:103E5C0050317C4576656E742053746172745B3797
:103E6C005D00000050317C4576656E742054696DA0
:103E7C00657374616D705B375D00000050317C457B
:103E8C0076656E7420436F64655B365D00000000E0
:103E9C0050317C4576656E742053746172745B3658
:103EAC005D00000050317C4576656E742054696D60
:103EBC00657374616D705B365D00000050317C453C
:103ECC0076656E7420436F64655B355D00000000A1
:103EDC0050317C4576656E742053746172745B3519
:103EEC005D00000050317C4576656E742054696D20
:103EFC00657374616D705B355D00000050317C45FD
:103F0C0076656E7420436F64655B345D0000000061
:103F1C0050317C4576656E742053746172745B34D9
:103F2C005D00000050317C4576656E742054696DDF
:103F3C00657374616D705B345D00000050317C45BD
:103F4C0076656E7420436F64655B335D0000000022
:103F5C0050317C4576656E742053746172745B339A
:103F6C005D00000050317C4576656E742054696D9F
:103F7C00657374616D705B335D00000050317C457E
:103F8C0076656E7420436F64655B325D00000000E3
:103F9C0050317C4576656E742053746172745B325B
:103FAC005D00000050317C4576656E742054696D5F
:103FBC00657374616D705B325D00000050317C453F
:103FCC0076656E7420436F64655B315D00000000A4
:103FDC0050317C4576656E742053746172745B311C
:103FEC005D00000050317C4576656E742074696DFF
:103FFC00657374616D7000000800010000000A0018
:10400C00010000006C00010000006D0001000000C8
:10401C006E00010000006F00010000007000010044
:10402C00000071000100000072000100000073002C
:10403C0001000000D00001000000D10001000000D0
:10404C00D20001000000D30001000000D4000100E8
:10405C000000D50001000000D60001000000D700D0
:10406C00010000009001010000009101010000001E
:10407C00FFFF020000000000C83F02080900010019
:10408C0009000000442E002000000000DC3F020864
:10409C000000010009000000842E00200000000038
:1040AC00F03F02080600010009000000C42E0020A9
:1040BC0000000000883F0208090001000900000010
:1040CC00452E0020000000009C3F0208000001006B
:1040DC0009000000852E002000000000B03F0208FF
:1040EC000600010009000000C82E0020000000009E
:1040FC00483F02080900010009000000462E00207C
:10410C00000000005C3F02080000010009000000F4
:10411C00862E002000000000703F020806000100FF
:10412C0009000000CC2E002000000000083F02080F
:10413C000900010009000000472E002000000000CB
:10414C001C3F02080000010009000000872E00201F
:10415C0000000000303F02080600010009000000CA
:10416C00D02E002000000000C83E0208090001000B
:10417C0009000000482E002000000000DC3E020870
:10418C000000010009000000882E00200000000043
:10419C00F03E02080600010009000000D42E0020A9
:1041AC0000000000883E0208090001000900000020
:1041BC00492E0020000000009C3E02080000010077
:1041CC0009000000892E002000000000B03E02080B
:1041DC000600010009000000D82E0020000000009D
:1041EC00483E020809000100090000004A2E002088
:1041FC00000000005C3E0208000001000900000005
:10420C008A2E002000000000703E0208060001000B
:10421C0009000000DC2E002000000000083E02080F
:10422C0009000100090000004B2E002000000000D6
:10423C001C3E020800000100090000008B2E00202B
:10424C0000000000303E02080600010009000000DA
:10425C00E02E002000000000C83D0208090001000B
:10426C00090000004C2E002000000000DC3D02087C
:10427C0000000100090000008C2E0020000000004E
:10428C00F03D02080600010009000000E42E0020A9
:10429C0000000000CC2F02080900010009000000FA
:1042AC00C42F002000000000E02F020800000100D5
:1042BC00090000000430002000000000F42F020868
:1042CC00060001000900000044300020000000003E
:1042DC008C2F02080900010009000000C52F0020E6
:1042EC0000000000A02F02080000010009000000DF
:1042FC000530002000000000B42F02080600010069
:10430C000900000048300020000000004C2F02087B
:10431C000900010009000000C62F00200000000069
:10432C00602F020800000100090000000630002088
:10433C0000000000742F02080600010009000000B4
:10434C004C300020000000000C2F02080900010076
:10435C0009000000C72F002000000000202F0208D9
:10436C0000000100090000000730002000000000E0
:10437C00342F020806000100090000005030002014
:10438C0000000000CC2E020809000100090000000A
:10439C00C82F002000000000E02E020800000100E1
:1043AC00090000000830002000000000F42E020874
:1043BC00060001000900000054300020000000003D
:1043CC008C2E02080900010009000000C92F0020F2
:1043DC0000000000A02E02080000010009000000EF
:1043EC000930002000000000B42E02080600010075
:1043FC000900000058300020000000004C2E02087C
:10440C000900010009000000CA2F00200000000074
:10441C00602E020800000100090000000A30002094
:10442C0000000000742E02080600010009000000C4
:10443C005C300020000000000C2E02080900010076
:10444C0009000000CB2F002000000000202E0208E5
:10445C0000000100090000000B30002000000000EB
:10446C00342E020806000100090000006030002014
:10447C0000000000CC2D020809000100090000001A
:10448C00CC2F002000000000E02D020800000100ED
:10449C00090000000C30002000000000F42D020880
:1044AC00060001000900000064300020000000003C
:1044BC00883D020809000100090000004D2E002073
:1044CC00000000009C3D02080000010009000000F3
:1044DC008D2E002000000000B03D020806000100F7
:1044EC0009000000E82E002000000000483D0208F2
:1044FC0009000100090000004E2E00200000000001
:10450C005C3D020800000100090000008E2E002016
:10451C0000000000703D02080600010009000000C8
:10452C00EC2E002000000000083D020809000100EC
:10453C00090000004F2E0020000000001C3D020866
:10454C0000000100090000008F2E00200000000078
:10455C00303D02080600010009000000F02E00208A
:10456C0000000000C83C020809000100090000001E
:10457C00502E002000000000DC3C0208000001006E
:10458C0009000000902E002000000000F03C020802
:10459C000600010009000000F42E002000000000BD
:1045AC00883C02080900010009000000512E00207F
:1045BC00000000009C3C0208000001000900000003
:1045CC00912E002000000000B03C02080600010003
:1045DC0009000000F82E002000000000483C0208F2
:1045EC000900010009000000522E0020000000000C
:1045FC005C3C02080000010009000000922E002023
:10460C0000000000703C02080600010009000000D8
:10461C00FC2E002000000000083C020809000100EC
:10462C0009000000532E0020000000001C3C020872
:10463C000000010009000000932E00200000000083
:10464C00303C02080600010009000000002F002089
:10465C0000000000C83B020809000100090000002E
:10466C00542E002000000000DC3B0208000001007A
:10467C0009000000942E002000000000F03B02080E
:10468C000600010009000000042F002000000000BB
:10469C00883B02080900010009000000552E00208B
:1046AC00000000009C3B0208000001000900000013
:1046BC00952E002000000000B03B0208060001000F
:1046CC0009000000082F002000000000483B0208F1
:1046DC000900010009000000562E00200000000017
:1046EC005C3B02080000010009000000962E00202F
:1046FC0000000000703B02080600010009000000E9
:10470C000C2F002000000000083B020809000100EB
:10471C0009000000572E0020000000001C3B02087E
:10472C000000010009000000972E0020000000008E
:10473C00303B02080600010009000000102F002089
:10474C0000000000C83A020809000100090000003E
:10475C00582E002000000000DC3A02080000010086
:10476C0009000000982E002000000000F03A02081A
:10477C000600010009000000142F002000000000BA
:10478C00883A02080900010009000000592E002097
:10479C00000000009C3A0208000001000900000023
:1047AC00992E002000000000B03A0208060001001B
:1047BC0009000000182F002000000000483A0208F1
:1047CC0009000100090000005A2E00200000000022
:1047DC005C3A020800000100090000009A2E00203B
:1047EC0000000000703A02080600010009000000F9
:1047FC001C2F002000000000083A020809000100EC
:10480C00090000005B2E0020000000001C3A02088A
:10481C0000000100090000009B2E00200000000099
:10482C00303A02080600010009000000202F002089
:10483C0000000000C839020809000100090000004E
:10484C005C2E002000000000DC3902080000010092
:10485C00090000009C2E002000000000F039020826
:10486C000600010009000000242F002000000000B9
:10487C008839020809000100090000005D2E0020A3
:10488C00000000009C390208000001000900000033
:10489C009D2E002000000000B03902080600010027
:1048AC0009000000282F00200000000048390208F1
:1048BC0009000100090000005E2E0020000000002D
:1048CC005C39020800000100090000009E2E002047
:1048DC000000000070390208060001000900000009
:1048EC002C2F0020000000000839020809000100EC
:1048FC00090000005F2E0020000000001C39020897
:10490C0000000100090000009F2E002000000000A4
:10491C00303902080600010009000000302F002089
:10492C0000000000C838020809000100090000005E
:10493C00602E002000000000DC380208000001009E
:10494C0009000000A02E002000000000F038020832
:10495C000600010009000000342F002000000000B8
:10496C00883802080900010009000000612E0020AF
:10497C00000000009C380208000001000900000043
:10498C00A12E002000000000B03802080600010033
:10499C0009000000382F00200000000048380208F1
:1049AC000900010009000000622E00200000000038
:1049BC005C3802080000010009000000A22E002053
:1049CC000000000070380208060001000900000019
:1049DC003C2F0020000000000838020809000100EC
:1049EC0009000000632E0020000000001C380208A3
:1049FC000000010009000000A32E002000000000B0
:104A0C00303802080600010009000000402F002089
:104A1C0000000000C837020809000100090000006E
:104A2C00642E002000000000DC37020800000100AA
:104A3C0009000000A42E002000000000F03702083E
:104A4C000600010009000000442F002000000000B7
:104A5C00883702080900010009000000652E0020BB
:104A6C00000000009C370208000001000900000053
:104A7C00A52E002000000000B0370208060001003F
:104A8C0009000000482F00200000000048370208F1
:104A9C000900010009000000662E00200000000043
:104AAC005C3702080000010009000000A62E00205F
:104ABC000000000070370208060001000900000029
:104ACC004C2F0020000000000837020809000100EC
:104ADC0009000000672E0020000000001C370208AF
:104AEC000000010009000000A72E002000000000BB
:104AFC00303702080600010009000000502F00208A
:104B0C0000000000C836020809000100090000007E
:104B1C00682E002000000000DC36020800000100B6
:104B2C0009000000A82E002000000000F03602084A
:104B3C000600010009000000542F002000000000B6
:104B4C00883602080900010009000000692E0020C7
:104B5C00000000009C360208000001000900000063
:104B6C00A92E002000000000B0360208060001004B
:104B7C0009000000582F00200000000048360208F1
:104B8C0009000100090000006A2E0020000000004E
:104B9C005C3602080000010009000000AA2E00206B
:104BAC000000000070360208060001000900000039
:104BBC005C2F0020000000000836020809000100EC
:104BCC00090000006B2E0020000000001C360208BB
:104BDC000000010009000000AB2E002000000000C6
:104BEC00303602080600010009000000602F00208A
:104BFC0000000000C835020809000100090000008F
:104C0C006C2E002000000000DC35020800000100C2
:104C1C0009000000AC2E002000000000F035020856
:104C2C000600010009000000642F002000000000B5
:104C3C008835020809000100090000006D2E0020D3
:104C4C00000000009C350208000001000900000073
:104C5C00AD2E002000000000B03502080600010057
:104C6C0009000000682F00200000000048350208F1
:104C7C0009000100090000006E2E00200000000059
:104C8C005C3502080000010009000000AE2E002077
:104C9C000000000070350208060001000900000049
:104CAC006C2F0020000000000835020809000100EC
:104CBC00090000006F2E0020000000001C350208C7
:104CCC000000010009000000AF2E002000000000D1
:104CDC00303502080600010009000000702F00208A
:104CEC0000000000C834020809000100090000009F
:104CFC00702E002000000000DC34020800000100CF
:104D0C0009000000B02E002000000000F034020862
:104D1C000600010009000000742F002000000000B4
:104D2C00883402080900010009000000712E0020DF
:104D3C00000000009C340208000001000900000083
:104D4C00B12E002000000000B03402080600010063
:104D5C0009000000782F00200000000048340208F1
:104D6C000900010009000000722E00200000000064
:104D7C005C3402080000010009000000B22E002083
:104D8C000000000070340208060001000900000059
:104D9C007C2F0020000000000834020809000100EC
:104DAC0009000000732E0020000000001C340208D3
:104DBC000000010009000000B32E002000000000DC
:104DCC00303402080600010009000000802F00208A
:104DDC0000000000C83302080900010009000000AF
:104DEC00742E002000000000DC33020800000100DB
:104DFC0009000000B42E002000000000F03302086F
:104E0C000600010009000000842F002000000000B3
:104E1C00883302080900010009000000752E0020EB
:104E2C00000000009C330208000001000900000093
:104E3C00B52E002000000000B0330208060001006F
:104E4C0009000000882F00200000000048330208F1
:104E5C000900010009000000762E0020000000006F
:104E6C005C3302080000010009000000B62E00208F
:104E7C000000000070330208060001000900000069
:104E8C008C2F0020000000000833020809000100EC
:104E9C0009000000772E0020000000001C330208DF
:104EAC000000010009000000B72E002000000000E7
:104EBC00303302080600010009000000902F00208A
:104ECC0000000000C83202080900010009000000BF
:104EDC00782E002000000000DC32020800000100E7
:104EEC0009000000B82E002000000000F03202087B
:104EFC000600010009000000942F002000000000B3
:104F0C00883202080900010009000000792E0020F7
:104F1C00000000009C3202080000010009000000A3
:104F2C00B92E002000000000B0320208060001007B
:104F3C0009000000982F00200000000048320208F1
:104F4C0009000100090000007A2E0020000000007A
:104F5C005C3202080000010009000000BA2E00209B
:104F6C000000000070320208060001000900000079
:104F7C009C2F0020000000000832020809000100EC
:104F8C00090000007B2E0020000000001C320208EB
:104F9C000000010009000000BB2E002000000000F2
:104FAC00303202080600010009000000A02F00208A
:104FBC0000000000C83102080900010009000000CF
:104FCC007C2E002000000000DC31020800000100F3
:104FDC0009000000BC2E002000000000F031020887
:104FEC000600010009000000A42F002000000000B2
:104FFC008831020809000100090000007D2E002004
:10500C00000000009C3102080000010009000000B3
:10501C00BD2E002000000000B03102080600010087
:10502C0009000000A82F00200000000048310208F1
:10503C0009000100090000007E2E00200000000085
:10504C005C3102080000010009000000BE2E0020A7
:10505C000000000070310208060001000900000089
:10506C00AC2F0020000000000831020809000100EC
:10507C00090000007F2E0020000000001C310208F7
:10508C000000010009000000BF2E002000000000FD
:10509C00303102080600010009000000B02F00208A
:1050AC0000000000C83002080900010009000000DF
:1050BC00802E002000000000DC30020800000100FF
:1050CC0009000000C02E002000000000F030020893
:1050DC000600010009000000B42F002000000000B1
:1050EC00883002080900010009000000812E002010
:1050FC00000000009C3002080000010009000000C4
:10510C00C12E002000000000B03002080600010093
:10511C0009000000B82F00200000000048300208F1
:10512C000900010009000000822E00200000000090
:10513C005C3002080000010009000000C22E0020B3
:10514C000000000070300208060001000900000099
:10515C00BC2F0020000000000830020809000100EC
:10516C0009000000832E0020000000001C30020803
:10517C000000010009000000C32E00200000000008
:10518C00303002080600010009000000C02F00208A
:10519C00000000008C2D020809000100090000002D
:1051AC00CD2F002000000000A02D020800000100FF
:1051BC00090000000D30002000000000B42D020892
:1051CC00060001000900000068300020000000000B
:1051DC004C2D02080900010009000000CE2F002010
:1051EC0000000000602D0208000001000900000012
:1051FC000E30002000000000742D02080600010093
:10520C00090000006C300020000000000C2D02088A
:10521C000900010009000000CF2F00200000000051
:10522C00202D020800000100090000000F300020B2
:10523C0000000000342D02080600010009000000E7
:10524C007030002000000000CC2C02080900010086
:10525C0009000000D02F002000000000E02C020804
:10526C0000000100090000001030002000000000C8
:10527C00F42C020806000100090000007430002024
:10528C00000000008C2C020809000100090000003D
:10529C00D12F002000000000A02C0208000001000B
:1052AC00090000001130002000000000B42C02089E
:1052BC00060001000900000078300020000000000A
:1052CC004C2C02080900010009000000D22F00201C
:1052DC0000000000602C0208000001000900000022
:1052EC001230002000000000742C0208060001009F
:1052FC00090000007C300020000000000C2C02088B
:10530C000900010009000000D32F0020000000005C
:10531C00202C0208000001000900000013300020BE
:10532C0000000000342C02080600010009000000F7
:10533C008030002000000000CC2B02080900010086
:10534C0009000000D42F002000000000E02B020810
:10535C0000000100090000001430002000000000D3
:10536C00F42B020806000100090000008430002024
:10537C00000000008C2B020809000100090000004D
:10538C00D52F002000000000A02B02080000010017
:10539C00090000001530002000000000B42B0208AA
:1053AC000600010009000000883000200000000009
:1053BC004C2B02080900010009000000D62F002028
:1053CC0000000000602B0208000001000900000032
:1053DC001630002000000000742B020806000100AB
:1053EC00090000008C300020000000000C2B02088B
:1053FC000900010009000000D72F00200000000068
:10540C00202B0208000001000900000017300020CA
:10541C0000000000342B0208060001000900000007
:10542C009030002000000000CC2A02080900010086
:10543C0009000000D82F002000000000E02A02081C
:10544C0000000100090000001830002000000000DE
:10545C00F42A020806000100090000009430002024
:10546C00000000008C2A020809000100090000005D
:10547C00D92F002000000000A02A02080000010023
:10548C00090000001930002000000000B42A0208B6
:10549C000600010009000000983000200000000008
:1054AC004C2A02080900010009000000DA2F002034
:1054BC0000000000602A0208000001000900000042
:1054CC001A30002000000000742A020806000100B7
:1054DC00090000009C300020000000000C2A02088B
:1054EC000900010009000000DB2F00200000000073
:1054FC00202A020800000100090000001B300020D7
:10550C0000000000342A0208060001000900000017
:10551C00A030002000000000CC2902080900010086
:10552C0009000000DC2F002000000000E029020828
:10553C0000000100090000001C30002000000000E9
:10554C00F42902080600010009000000A430002024
:10555C00000000008C29020809000100090000006D
:10556C00DD2F002000000000A0290208000001002F
:10557C00090000001D30002000000000B4290208C2
:10558C000600010009000000A83000200000000007
:10559C004C2902080900010009000000DE2F002040
:1055AC000000000060290208000001000900000052
:1055BC001E300020000000007429020806000100C3
:1055CC0009000000AC300020000000000C2902088B
:1055DC000900010009000000DF2F0020000000007E
:1055EC002029020800000100090000001F300020E3
:1055FC000000000034290208060001000900000028
:10560C00B030002000000000CC2802080900010086
:10561C0009000000E02F002000000000E028020834
:10562C0000000100090000002030002000000000F4
:10563C00F42802080600010009000000B430002024
:10564C00000000008C28020809000100090000007D
:10565C00E12F002000000000A0280208000001003B
:10566C00090000002130002000000000B4280208CE
:10567C000600010009000000B83000200000000006
:10568C004C2802080900010009000000E22F00204C
:10569C000000000060280208000001000900000062
:1056AC0022300020000000007428020806000100CF
:1056BC0009000000BC300020000000000C2802088B
:1056CC000900010009000000E32F00200000000089
:1056DC0020280208000001000900000023300020EF
:1056EC000000000034280208060001000900000038
:1056FC00C030002000000000CC2702080900010087
:10570C0009000000E42F002000000000E027020840
:10571C0000000100090000002430002000000000FF
:10572C00F42702080600010009000000C430002024
:10573C00000000008C27020809000100090000008D
:10574C00E52F002000000000A02702080000010047
:10575C00090000002530002000000000B4270208DA
:10576C000600010009000000C83000200000000005
:10577C004C2702080900010009000000E62F002058
:10578C000000000060270208000001000900000072
:10579C0026300020000000007427020806000100DB
:1057AC0009000000CC300020000000000C2702088B
:1057BC000900010009000000E72F00200000000094
:1057CC0020270208000001000900000027300020FB
:1057DC000000000034270208060001000900000048
:1057EC00D030002000000000CC2602080900010087
:1057FC0009000000E82F002000000000E02602084D
:10580C00000001000900000028300020000000000A
:10581C00F42602080600010009000000D430002024
:10582C00000000008C26020809000100090000009D
:10583C00E92F002000000000A02602080000010053
:10584C00090000002930002000000000B4260208E6
:10585C000600010009000000D83000200000000004
:10586C004C2602080900010009000000EA2F002064
:10587C000000000060260208000001000900000082
:10588C002A300020000000007426020806000100E7
:10589C0009000000DC300020000000000C2602088B
:1058AC000900010009000000EB2F0020000000009F
:1058BC002026020800000100090000002B30002007
:1058CC000000000034260208060001000900000058
:1058DC00E030002000000000CC2502080900010087
:1058EC0009000000EC2F002000000000E025020859
:1058FC0000000100090000002C3000200000000016
:10590C00F42502080600010009000000E430002024
:10591C00000000008C2502080900010009000000AD
:10592C00ED2F002000000000A0250208000001005F
:10593C00090000002D30002000000000B4250208F2
:10594C000600010009000000E83000200000000003
:10595C004C2502080900010009000000EE2F002070
:10596C000000000060250208000001000900000092
:10597C002E300020000000007425020806000100F3
:10598C0009000000EC300020000000000C2502088B
:10599C000900010009000000EF2F002000000000AA
:1059AC002025020800000100090000002F30002013
:1059BC000000000034250208060001000900000068
:1059CC00F030002000000000CC2402080900010087
:1059DC0009000000F02F002000000000E024020865
:1059EC000000010009000000303000200000000021
:1059FC00F42402080600010009000000F430002025
:105A0C00000000008C2402080900010009000000BD
:105A1C00F12F002000000000A0240208000001006B
:105A2C00090000003130002000000000B4240208FE
:105A3C000600010009000000F83000200000000002
:105A4C004C2402080900010009000000F22F00207C
:105A5C0000000000602402080000010009000000A2
:105A6C0032300020000000007424020806000100FF
:105A7C0009000000FC300020000000000C2402088B
:105A8C000900010009000000F32F002000000000B5
:105A9C00202402080000010009000000333000201F
:105AAC000000000034240208060001000900000078
:105ABC000031002000000000CC2302080900010086
:105ACC0009000000F42F002000000000E023020871
:105ADC00000001000900000034300020000000002C
:105AEC00F423020806000100090000000431002024
:105AFC00000000008C2302080900010009000000CE
:105B0C00F52F002000000000A02302080000010077
:105B1C00090000003530002000000000B42302080A
:105B2C000600010009000000083100200000000000
:105B3C004C2302080900010009000000F62F002088
:105B4C0000000000602302080000010009000000B2
:105B5C00363000200000000074230208060001000B
:105B6C00090000000C310020000000000C2302088A
:105B7C000900010009000000F72F002000000000C0
:105B8C00202302080000010009000000373000202B
:105B9C000000000034230208060001000900000088
:105BAC001031002000000000CC2202080900010086
:105BBC0009000000F82F002000000000E02202087D
:105BCC000000010009000000383000200000000037
:105BDC00F422020806000100090000001431002024
:105BEC00000000008C2202080900010009000000DE
:105BFC00F92F002000000000A02202080000010084
:105C0C00090000003930002000000000B422020816
:105C1C0006000100090000001831002000000000FF
:105C2C004C2202080900010009000000FA2F002094
:105C3C0000000000602202080000010009000000C2
:105C4C003A30002000000000742202080600010017
:105C5C00090000001C310020000000000C2202088A
:105C6C000900010009000000FB2F002000000000CB
:105C7C002022020800000100090000003B30002037
:105C8C000000000034220208060001000900000098
:105C9C002031002000000000CC2102080900010086
:105CAC0009000000FC2F002000000000E021020889
:105CBC0000000100090000003C3000200000000042
:105CCC00F421020806000100090000002431002024
:105CDC00000000008C2102080900010009000000EE
:105CEC00FD2F002000000000A02102080000010090
:105CFC00090000003D30002000000000B421020823
:105D0C0006000100090000002831002000000000FE
:105D1C004C2102080900010009000000FE2F0020A0
:105D2C0000000000602102080000010009000000D2
:105D3C003E30002000000000742102080600010023
:105D4C00090000002C310020000000000C2102088A
:105D5C000900010009000000FF2F002000000000D6
:105D6C002021020800000100090000003F30002043
:105D7C0000000000342102080600010009000000A8
:105D8C003031002000000000CC2002080900010086
:105D9C00090000000030002000000000E020020894
:105DAC00000001000900000040300020000000004D
:105DBC00F420020806000100090000003431002024
:105DCC00000000008C2002080900010009000000FE
:105DDC000130002000000000A0200208000001009B
:105DEC00090000004130002000000000B42002082F
:105DFC0006000100090000003831002000000000FE
:105E0C004C200208090001000900000002300020AB
:105E1C0000000000602002080000010009000000E2
:105E2C00423000200000000074200208060001002F
:105E3C00090000003C310020000000000C2002088A
:105E4C0009000100090000000330002000000000E0
:105E5C00202002080000010009000000433000204F
:105E6C0000000000342002080600010009000000B8
:105E7C00403100200000000046414C53450000001A
:105E8C0054525545000000005573657220496E69E7
:105E9C007420436F6D706C6574653A2025730A002D
:105EAC0044495341424C454400000000454E414298
:105EBC004C454400444843502053657474696E67E4
:105ECC003A2025730A00000041424343204D6F6481
:105EDC00756C6520547970653A20307825580A0025
:105EEC0041424343204E6574776F726B2054797036
:105EFC00653A20307825580A0000000049502041AE
:105F0C006464726573733A2025642E25642E2564AF
:105F1C002E25640A000000004D4143204164647248
:105F2C006573733A2025642E25642E25642E256412
:105F3C000A0000000DC50008BDC4000800000000E8
:105F4C00000000000DC7000805C700080000000095
:105F5C000000000065C7000809C700080000000029
:105F6C0000000000537461636B4F766572666C6F52
:105F7C0077206F6E207461736B2025730D0A0000FF
:105F8C002E2E2F7372632F6672656572746F732E6B
:105F9C0063000000494E565F4D454D0025752E257A
:105FAC00752E25752E257500286E756C6C290000D4
:105FBC00000102032E2E2F7372632F7065726970AD
:105FCC00686572616C732F73746D333266377878D1
:105FDC002F6164632E6300002E2E2F7372632F705B
:105FEC0065726970686572616C732F73746D33328E
:105FFC00663778782F6932632E630000706F727485
:10600C0020313A205265696E697469616C697A69EC
:10601C006E6720493243000069326300706F7274FE
:10602C00313A20756E6B6E6F776E206572726F727F
:10603C0000000000706F7274313A2065727220306B
:10604C007825582061742025640A0000706F7274E2
:10605C00313A2062757320627573792C20726574E5
:10606C00726965732075736564000000706F7274DB
:10607C0020323A205265696E697469616C697A697B
:10608C006E67204932430000706F7274323A20758B
:10609C006E6B6E6F776E206572726F72000000000F
:1060AC00706F7274323A20657272203078255820E5
:1060BC0061742025640A0000706F7274323A206299
:1060CC00757320627573792C2072657472696573AF
:1060DC002075736564000000706F727420333A2071
:1060EC005265696E697469616C697A696E67204979
:1060FC0032430000706F7274333A20756E6B6E6FA2
:10610C00776E206572726F7200000000706F72748F
:10611C00333A20657272203078255820617420251E
:10612C00640A0000706F7274333A206275732062D7
:10613C007573792C2072657472696573207573653B
:10614C006400000072656172446576696365506F26
:10615C0072740000696E7465726E616C506F72744B
:10616C000000000066726F6E74446576696365505A
:10617C006F7274002E2E2F7372632F70657269709C
:10618C00686572616C732F73746D3332663778780F
:10619C002F697764672E63002E2E2F7372632F7016
:1061AC0065726970686572616C732F73746D3332CC
:1061BC00663778782F7274632E6300002E2E2F733F
:1061CC0072632F7065726970686572616C732F737E
:1061DC00746D3332663778782F7370692E630000D4
:1061EC002E2E2F7372632F706572697068657261E1
:1061FC006C732F73746D3332663778782F737973B1
:10620C005F636C6F636B2E63000000002E2E2F7388
:10621C0072632F7065726970686572616C732F732D
:10622C00746D3332663778782F75736172742E63A0
:10623C0000000000757361727431000001000000F1
:10624C00808902204062020889F00008D9F0000819
:10625C002DF1000869F10008CDF100085265616468
:10626C00696E672053434D20496E697420506167F5
:10627C006500000073636D454500000056616C6954
:10628C00642053434D20454550524F4D2064657456
:10629C0065637465642E00004C6F6164696E6720E1
:1062AC00436F6E66696775726174696F6E2E2E2E00
:1062BC000000000052656164696E672053434D20F5
:1062CC004652552050616765000000002E2E2F733A
:1062DC0072632F6465766963654D6F64756C652FA9
:1062EC0064657669636553434D2E637070000000DE
:1062FC0052656164696E672053434D204E65747717
:10630C006F726B20436F6E66696775726174696F2B
:10631C006E20310052656164696E672053434D20D5
:10632C004E6574776F726B20436F6E66696775721A
:10633C006174696F6E20320052656164696E67200A
:10634C0053434D204F7065726174696F6E204461C8
:10635C00746100004E6F2076616C696420636F6E0F
:10636C0066696775726174696F6E20666F756E64AD
:10637C0020696E2053434D20454550524F4D2E0001
:10638C004C6F6164696E672044656661756C7473EB
:10639C002E2E2E00454550524F4D206C6F636B20B6
:1063AC0064657465637465642E20456E61626C6906
:1063BC006E672057726974652050726F74656374D0
:1063CC0000000000454550524F4D20756E6C6F63B8
:1063DC006B65642E2044697361626C696E6720572B
:1063EC00726974652050726F7465637400000000EC
:1063FC0053434D20454550524F4D206E6F742064D1
:10640C00657465637465642E202849732069742053
:10641C0064656164206F72206661756C7479207795
:10642C006972696E673F29002020202053434D205C
:10643C004D616E756661637475726572204E616D27
:10644C00653A20252E3473002020202053434D2004
:10645C0050726F64756374204E616D653A20252E01
:10646C00313573002020202053434D205365726931
:10647C00616C20233A202538580000002020202071
:10648C0053434D204D616E75666163747572696E10
:10649C006720496E666F3A2025385800202020204E
:1064AC0053434D204D6F64656C2052657620233A22
:1064BC0020252E32730000002020202053434D2035
:1064CC004E6574776F726B20436F6E666967757279
:1064DC006174696F6E3A20506F7274203100000045
:1064EC002020202020204950204164647265737361
:1064FC003A20256C786970002020202020204E65E1
:10650C00746D61736B3A20256C7869700000000023
:10651C00202020202020476174657761793A20255E
:10652C006C78697000000000202020202020444E50
:10653C0053205365727665723A20256C7869700029
:10654C002020202020204D41433A2025583A255820
:10655C003A25583A25583A25583A25580000000053
:10656C002020202053434D204E6574776F726B2092
:10657C00436F6E66696775726174696F6E3A20500D
:10658C006F72742032000000534F4C410000000029
:10659C000000000000000053434D2D452D4549508F
:1065AC00000000000000D204000000000000000009
:1065BC000000000000D204000000000000000000F9
:1065CC000000000030303030C0A80105FFFFFF0094
:1065DC00C0A8010100000000000000000000000045
:1065EC005455581000370000C0A80205FFFFFF00EB
:1065FC00C0A8020100000000000000000000000024
:10660C0054555810003800002E2E2F7372632F64CF
:10661C0065766963654D6F64756C652F6465766925
:10662C006365436F6D6D6F6E2E63707000000000BC
:10663C0049324325642030782558207061676552B3
:10664C0065616420617420307825582073697A65FF
:10665C0020256420627974657300000064657643BC
:10666C006F6D6D6F6E0000004932432564203078E9
:10667C0025582070616765577269746520617420B4
:10668C00307825582073697A6520256420627974E6
:10669C00657300002E2E2F7372632F646576696309
:1066AC00654D6F64756C652F6465766963654576B9
:1066BC00656E74732E637070000000004375727207
:1066CC00656E7420496E6465783A25303258680AD4
:1066DC00000000006465764576656E7473000000FA
:1066EC007363616E5772697465496E646578207363
:1066FC006563746F723A20307825582D30782558A0
:10670C0020746F6F6B20256420726561644F707408
:10671C0020666F756E6420696E2025640A00000087
:10672C00577269746532454550524F4D205375630D
:10673C00636573730920416464726573733A253021
:10674C003258680920496E6465783A2530325868A9
:10675C0009204576656E74436F64653A253032586E
:10676C0068092054696D657374616D703A25303217
:10677C005825303258253032582530325868092087
:10678C000A00000063616E6E6F7420637265617441
:10679C0065207374643A3A6465717565206C617236
:1067AC00676572207468616E206D61785F73697AB9
:1067BC00652829002E2E2F7372632F64657669630A
:1067CC00654D6F64756C652F6465766963654D6F97
:1067DC0064756C652E637070000000004576656E04
:1067EC00747320466C616730203078257800000087
:1067FC006465764D6F64756C650000004576656E5A
:10680C007473204F6C64466C616730203078257847
:10681C00000000004576656E747320466C6167312C
:10682C0020307825780000004576656E7473204F13
:10683C006C64466C6167312030782578000000006C
:10684C0053435020616374697669790043726561C2
:10685C0074696E6720446961672043757272656E56
:10686C007420446576204F757470757420534350B2
:10687C000000000044656C6574696E6720446961B2
:10688C00672043757272656E7420446576204F756F
:10689C00747075742053435000000000437265619E
:1068AC0074696E6720446961672043757272656E06
:1068BC007420446576204F757470757420504200B6
:1068CC0044656C6574696E67204469616720437523
:1068DC007272656E7420446576204F757470757491
:1068EC00205042004372656174696E67204469618F
:1068FC0067204D61696E7320566F6C74616765001B
:10690C0044656C6574696E672044696167204D61EC
:10691C00696E7320566F6C746167650043726561B4
:10692C0074696E672044696167204F757470757463
:10693C0020566F6C746167650000000044656C65DF
:10694C0074696E672044696167204F757470757443
:10695C0020566F6C746167650000000043726561BE
:10696C0074696E67204469616720446576205465BC
:10697C006D706572617475726500000044656C65BC
:10698C0074696E672044696167204465762054659C
:10699C006D70657261747572650000004E6F2044F5
:1069AC006961676E6F73746963204576656E7400F8
:1069BC004E6577204576656E742121212120706FFC
:1069CC007274205B25645D004372656174696E6747
:1069DC0020446961676E6F73746963730000000013
:1069EC00496E76616C696420446961676E6F73747B
:1069FC006963204576656E74000000004C6F7374FB
:106A0C0020446576696365206F6E20506F72742028
:106A1C00257328256429205479706520256400008D
:106A2C002020534E3A20252E31337300446576696D
:106A3C006365205265636F7665726564206F6E20A6
:106A4C00506F727420257328256429205479706541
:106A5C002025640053444E204465766963652066A6
:106A6C0061696C656420746F207570646174652055
:106A7C00534E3A20252E3133730000004E6577209B
:106A8C00446576696365206F6E2049324320506FF0
:106A9C0072742025732825642920416464726573FF
:106AAC00732025642054797065202564204D6F6413
:106ABC00656C20256400000064657669636520665A
:106ACC0061696C656420746F20696E697469616CAE
:106ADC00697A652C2072656D6F76696E6720746FAC
:106AEC00206C6973742E2E2E000000004E657720EA
:106AFC0053444E2044657669636520616464656423
:106B0C0020746F206C697374000000003130426196
:106B1C00736544657669636500000000A07802081F
:106B2C00186B020831374465766963655F493243F7
:106B3C005F454550524F4D00B4790208306B020846
:106B4C00286B020800000000286B020801030108F2
:106B5C007703010803030108070301080B0301086D
:106B6C0000000000446B02080F03010869030108D0
:106B7C0003030108070301080B030108D000CC0034
:106B8C00CE00CA00C200C400C00000000000080013
:106B9C006465766963654D6F64756C650000000013
:106BAC007B227479223A25752C22736E223A222587
:106BBC002E313373222C22766F223A256C752C22BF
:106BCC00696F223A256C752C227669223A256C75F0
:106BDC002C226969223A256C752C227470223A2574
:106BEC006C757D007B22636E223A25642C227479AD
:106BFC00223A25642C226D6F223A22252E313573D0
:106C0C00222C227470223A2563256C752E252E3287
:106C1C006C752C227072223A7B22766F223A256395
:106C2C00256C752E252E326C752C22696F223A2517
:106C3C0063256C752E252E326C752C227669223AC2
:106C4C002563256C752E252E326C752C22696922D4
:106C5C003A2563256C752E252E326C757D2C226F92
:106C6C0070223A7B22706C223A20256C752C22748F
:106C7C006C223A256C752C226463223A25757D2C86
:106C8C00226C64223A25642C226672223A7B22738F
:106C9C006E223A22252E313373222C226D66223A33
:106CAC0022252E313073222C226D72223A22252E6F
:106CBC003273227D2C226576223A7B226C73223A27
:106CCC005B7B227473223A25642C226563223A255D
:106CDC00647D2C7B227473223A25642C22656322FA
:106CEC003A25647D2C7B227473223A25642C226510
:106CFC0063223A25647D5D2C22636F223A7B2273DA
:106D0C006370223A25642C22757670223A25642C05
:106D1C00226F7670223A25642C227062223A256406
:106D2C002C227075223A25642C226F7470223A251D
:106D3C00642C226943696E223A25647D7D7D0000B6
:106D4C0053444E204D616E75666163747572657245
:106D5C00204E616D653A20252E34730064657653A0
:106D6C00444E000053444E2050726F64756374207F
:106D7C004E616D653A20252E3135730053444E20FB
:106D8C0053657269616C20233A20252E31337300D0
:106D9C0053444E204D616E75666163747572696EF5
:106DAC006720496E666F3A20252E31307300000043
:106DBC0053444E204D6F64656C2052657620233A07
:106DCC0020252E327300000053444E205072696D02
:106DDC006172792046572052657620233A20252E61
:106DEC003173202E20252E317300000053444E2089
:106DFC005365636F6E6461727920465720526576D5
:106E0C0020233A20252E3173202E20252E3173007D
:106E1C0053444E2043616C6962726174696F6E20D9
:106E2C00446174613A00000020202020564F5554D4
:106E3C003A20613D25303858202020623D253038DD
:106E4C0058202020633D25303858202020643D25D3
:106E5C00303858202020653D25303858000000007F
:106E6C002020202056494E3A2020613D25303858AC
:106E7C00202020623D25303858202020633D2530CD
:106E8C003858202020643D25303858202020653D7E
:106E9C00253038580000000020202020494F555440
:106EAC003A20613D25303858202020623D2530386D
:106EBC0058202020633D25303858202020643D2563
:106ECC00303858202020653D25303858000000000F
:106EDC002020202049494E3A2020613D2530385849
:106EEC00202020623D25303858202020633D25305D
:106EFC003858202020643D25303858202020653D0E
:106F0C0025303858000000002020202054454D50DA
:106F1C003A20613D25303858202020623D253038FC
:106F2C0058202020633D25303858202020643D25F2
:106F3C00303858202020653D25303858000000009E
:106F4C0053444E20446576696365205570646174C2
:106F5C006520534E3A20252E313373002020537474
:106F6C006174733A00000000202020204C6173747F
:106F7C00207375636365737366756C2075706461DB
:106F8C00746520776173202564206D732061676FB1
:106F9C00000000002020202053444E20436F6E6ED2
:106FAC00656374696F6E206661696C656420256425
:106FBC002074696D657300002020202053444E20FE
:106FCC00454550524F4D20436F6E6E656374696F2B
:106FDC006E206661696C65642025642074696D653A
:106FEC00730000002020506172616D6574657273CE
:106FFC003A00000020202020546F74616C5475728C
:10700C006E4F6E54696D653A257509205475726E14
:10701C004F6E54696D653A257500000020202020C4
:10702C0056494E3A202563256C752E252E326C75EB
:10703C0009564F55543A202563256C752E252E3252
:10704C006C750949494E3A202563256C752E252E01
:10705C00326C7509494F55543A202563256C752EB1
:10706C00252E326C750954454D503A202563256CFC
:10707C00752E252E326C7500202020204576656EED
:10708C007420466C6167733A2025303458682009A7
:10709C005343503A2530315820095556503A253033
:1070AC00315820094F56503A25303158200950425A
:1070BC003A2530315820094F54503A253031582058
:1070CC000943494E3A253031580000002020202039
:1070DC004576656E7420436F756E743A2053435039
:1070EC003A20253575205556503A20253575204FB8
:1070FC0056503A202535752050423A2025357520BA
:10710C005055433A20253575204F54503A2025359B
:10711C0075204943494E3A20253575002020202002
:10712C004D61783A2056494E3A202563256C752ED0
:10713C00252E326C7509564F55543A202563256C13
:10714C00752E252E326C750949494E3A202563253A
:10715C006C752E252E326C7509494F55543A2025E5
:10716C0063256C752E252E326C750954454D503A9D
:10717C00202563256C752E252E326C7500000000C1
:10718C00202020204D696E3A2054454D503A202540
:10719C0063256C752E252E326C7500004576656E58
:1071AC00742053746172742028257329206F6E200B
:1071BC00252E3133730A00004576656E7420456EBA
:1071CC00642028257329206F6E20252E3133730AF5
:1071DC0000000000534350004F5650005042000036
:1071EC004F5450002020202021202020202223FF3B
:1071FC000000000022000C002300180020001000EA
:10720C0021001A00B47902081C720208286B0208CB
:10721C0031304465766963655F53444E000000006D
:10722C000000000010720208B51F0108CD1F0108F4
:10723C00AD1E0108990D01085D0D01087468657299
:10724C006D6973746F7200006C65644D6F64756C5E
:10725C00650000004E5352004E5347004D535200F0
:10726C004D5347000000FFFFFF00FFFF0000000030
:10727C000000000000000000000000000000000002
:10728C00000000000100FFFFFF00FFFF00000000F6
:10729C0000000000000000000000000000000000E2
:1072AC00000000000100F4010000F401FF00FFFFEA
:1072BC0000000000000000000000000000000000C2
:1072CC00000000000100FA000000FA00FF00FFFFC0
:1072DC0000000000000000000000000000000000A2
:1072EC00000000000100640000006400FF00FFFFCC
:1072FC000000000000000000000000000000000082
:10730C000000000062746E3A2025646D7320707565
:10731C006C736520726563656976656400000000B6
:10732C007379736D6F6E000062746E434220257327
:10733C00206D696E3A202564096D61783A202564C8
:10734C0009000000766563746F723A3A5F4D5F72A4
:10735C0065616C6C6F635F696E73657274000000BD
:10736C0062746E43423A206361746368206E756C7C
:10737C006C2063616C6C6261636B000062746E43C1
:10738C00423A207265676973746572206D696E3A52
:10739C00202564096D61783A202564092573000065
:1073AC00736F667452657365740000000D0A0D0AE4
:1073BC000D0A0D0A52756E6E696E672072657669DC
:1073CC0073696F6E2066726F6D2025730D0A42759E
:1073DC00696C6420696E666F3A2025730D0A2F2F35
:1073EC002F2F2F2F2F2F2F2F2F2F2F2F2F2F2F2FA1
:1073FC002F2F2F2F2F2F2F2F2F2F2F2F2F2F2F2F91
:10740C002F2F2F2F2F2F2F2F2F2F2F2F2F2F2F0DA2
:10741C000A2F2F2020202020202020202020202058
:10742C0053434D2D452D454950205374617274754D
:10743C0070202020202020202020202020202020F0
:10744C002F2F0D0A2F2F2F2F2F2F2F2F2F2F2F2F87
:10745C002F2F2F2F2F2F2F2F2F2F2F2F2F2F2F2F30
:10746C002F2F2F2F2F2F2F2F2F2F2F2F2F2F2F2F20
:10747C002F2F2F2F2F0D0A0052756E6E696E6720FD
:10748C004672656552544F53204B65726E656C2085
:10749C005631302E322E30001B5B256C756D2563FA
:1074AC00205B256C752E2530346C755D202825737A
:1074BC00292000001B5B33376D0D0A000000000013
:1074CC005B0000005D0000005C000000000000009C
:1074DC00000000004E455749445600000D0A417308
:1074EC0073657274696F6E204661696C6564206F98
:1074FC006E202573206C696E653A2025640D0A0098
:10750C004D6573736167653A20222573220D0A005D
:10751C004170706C69636174696F6E2061626F7227
:10752C007465640D0A0000002E2E2F7372632F6C8D
:10753C006F672F7478436F6E736F6C652E6370700A
:10754C0000000000636F6E736F6C65545800000090
:10755C0000000000000000000102030406070809F7
:10756C0000000000010203040006101600061016AD
:10757C0049444C45000000004170706C69636174B3
:10758C00696F6E2064617461000000004170706C62
:10759C0069636174696F6E00456E676C697368002E
:1075AC00446575747363680045737061F16F6C00AA
:1075BC004974616C69616E6F000000004672616E07
:1075CC00E761697300000000A4750208AC7502083D
:1075DC00B4750208BC750208C87502084574686564
:1075EC00726E65740000000045746865724E6574B7
:1075FC002F49500053434D2D452D45495000000057
:10760C0046696C653A202E2E2F6C69622F6162637D
:10761C00632F616263635F6472762F7372632F6191
:10762C006263635F64656275675F6572722E632067
:10763C00284C696E653A3234342900004641544175
:10764C004C3A20456E74657220656E646C6573737C
:10765C00206C6F6F700A2573000000004E65772058
:10766C0070726F6365737320646174612073697ADF
:10767C006573205264506420256420577250642036
:10768C0025640A0020456E74657220536875746415
:10769C006F776E2073746174650A0000485720522E
:1076AC00657365740A0000004D617070656420504C
:1076BC00442073697A652C20526450642025642020
:1076CC00577250643A2025640A000000525350202F
:1076DC004D53475F4D41505F494F5F2A2A2A2A0A72
:1076EC0000000000525350204D53475F53455455F2
:1076FC00505F434F4D504C4554450A005253502057
:10770C004D53475F4745545F46575F564552534963
:10771C004F4E3A2025642E25642E25640A00000065
:10772C00525350204D53475F4745545F504152418F
:10773C004D5F535550504F52543A2025640A000067
:10774C00525350204D53475F444154415F464F5272
:10775C004D41543A2025640A000000005253502039
:10776C004D53475F4745545F4E4554574F524B5FFF
:10777C0049443A20307825780A00000052535020B2
:10778C004D53475F4745545F4D4F44554C455F49FA
:10779C00443A20307825780A00000000C5C501085D
:1077AC00C5C60108A7C5010865C6010825C701089B
:1077BC0055C00108000000000000000089C5010848
:1077CC009DC401086BC5010841C401084DC50108E1
:1077DC0025C601082FC50108E5C5010811C501081A
:1077EC00D9C30108B9C3010800000000EDC00108AD
:1077FC00F1BF0108000000000000000000000800BC
:10780C0004000C0002000A0006000E000100090032
:10781C0005000D0003000B0007000F001CF2BD4D0E
:10782C0078E20A50D4D2D376B0C2646B8CB3613B8D
:10783C00E8A3D62644930F002083B81D3C7105A005
:10784C005861B2BDF4516B9B9041DC86AC30D9D6FB
:10785C00C8206ECB6410B7ED000000F0B4790208BC
:10786C0074780208D87902084E31305F5F637878FB
:10787C00616269763131375F5F636C6173735F741A
:10788C007970655F696E666F45000000000000004E
:10789C0068780208CDD20108E1D2010895DF010811
:1078AC0095DF01085DD3010889D2010841D3010895
:1078BC00FDD20108C1D201087374643A3A62616462
:1078CC005F657863657074696F6E0000A07802085C
:1078DC00FC780208A07802081C790208B479020826
:1078EC0040790208F4780208A0780208547902085A
:1078FC004E31305F5F637878616269763131355F24
:10790C005F666F726365645F756E77696E64450060
:10791C004E31305F5F637878616269763131395FFF
:10792C005F666F726569676E5F65786365707469B1
:10793C006F6E4500537431336261645F65786365C3
:10794C007074696F6E0000005374396578636570EC
:10795C0074696F6E0000000000000000E8780208F7
:10796C0035D6010841D6010839D60108B479020888
:10797C0084790208687802084E31305F5F6378784A
:10798C00616269763132305F5F73695F636C61731A
:10799C00735F747970655F696E666F4500000000F7
:1079AC00000000007879020875DE010889DE010804
:1079BC0095DF010895DF01085DD3010889D2010824
:1079CC0065DF0108E1DE0108A5DE0108A0780208E8
:1079DC00E0790208537439747970655F696E666F6B
:1079EC00000000007465726D696E617465206361DE
:1079FC006C6C6564207265637572736976656C79FD
:107A0C000A0000007465726D696E617465206361B3
:107A1C006C6C6564206166746572207468726F7733
:107A2C00696E6720616E20696E7374616E63652088
:107A3C006F66202700000000270A00007465726D35
:107A4C00696E6174652063616C6C65642077697420
:107A5C00686F757420616E2061637469766520654A
:107A6C007863657074696F6E0A0000002020776877
:107A7C00617428293A2020007374643A3A62616474
:107A8C005F616C6C6F630000B4790208A07A020825
:107A9C00F47802085374396261645F616C6C6F63D3
:107AAC000000000000000000947A020859E101086F
:107ABC006DE1010851E101085F474C4F42414C5FB9
:107ACC000000000028616E6F6E796D6F7573206E0B
:107ADC00616D657370616365290000007374726970
:107AEC006E67206C69746572616C0000737464005D
:107AFC006175746F000000006465636C7479706567
:107B0C00286175746F2900005B6162693A0000009E
:107B1C003A3A00007B64656661756C74206172672B
:107B2C00230000007D3A3A004A41727261790000EC
:107B3C005B5D00006175746F3A00000074656D70D8
:107B4C006C61746520706172616D65746572206F13
:107B5C00626A65637420666F7220000076746162DD
:107B6C006C6520666F72200056545420666F72202C
:107B7C0000000000636F6E737472756374696F6ECE
:107B8C0020767461626C6520666F722000000000C4
:107B9C002D696E2D0000000074797065696E666F3A
:107BAC0020666F722000000074797065696E666FD4
:107BBC00206E616D6520666F7220000074797065AF
:107BCC00696E666F20666E20666F72200000000082
:107BDC006E6F6E2D7669727475616C207468756E3B
:107BEC006B20746F20000000636F76617269616EA8
:107BFC00742072657475726E207468756E6B207467
:107C0C006F2000006A61766120436C61737320669B
:107C1C006F722000677561726420766172696162AF
:107C2C006C6520666F722000544C5320696E697429
:107C3C002066756E6374696F6E20666F722000002B
:107C4C00544C5320777261707065722066756E6348
:107C5C0074696F6E20666F72200000007265666535
:107C6C0072656E63652074656D706F7261727920D8
:107C7C002300000068696464656E20616C6961733F
:107C8C0020666F72200000006E6F6E2D7472616E34
:107C9C0073616374696F6E20636C6F6E6520666FC1
:107CAC00722000005F536174200000005F46726117
:107CBC00637400005F416363756D00002C2000004D
:107CCC006F70657261746F72000000006F70657286
:107CDC0061746F722000000061640000735A000030
:107CEC003E280000636C000069780000717500008C
:107CFC00203A20006E65772000000000756C0000B3
:107D0C006C6C0000756C6C0066616C736500000037
:107D1C0074727565000000006A617661207265738B
:107D2C006F757263652000006465636C74797065AF
:107D3C002028000074686973000000007B70617279
:107D4C006D230000676C6F62616C20636F6E7374DF
:107D5C00727563746F7273206B6579656420746FD0
:107D6C0020000000676C6F62616C20646573747234
:107D7C007563746F7273206B6579656420746F2002
:107D8C00000000007B6C616D6264612800000000E3
:107D9C00292300007B756E6E616D656420747970AB
:107DAC0065230000205B636C6F6E65200000000093
:107DBC0020726573747269637400000020766F6CB6
:107DCC006174696C6500000020636F6E7374000051
:107DDC00207472616E73616374696F6E5F73616638
:107DEC0065000000206E6F6578636570740000009C
:107DFC00207468726F77000026260000636F6D7028
:107E0C006C65782000000000696D6167696E6172B5
:107E1C00792000003A3A2A00205F5F766563746F20
:107E2C0072280000282E2E2E000000002E2E2E2947
:107E3C00000000007374643A3A616C6C6F63617497
:107E4C006F720000616C6C6F6361746F7200000084
:107E5C007374643A3A62617369635F737472696EC6
:107E6C006700000062617369635F737472696E67A7
:107E7C00000000007374643A3A737472696E6700A0
:107E8C007374643A3A62617369635F737472696E96
:107E9C00673C636861722C207374643A3A6368615E
:107EAC00725F7472616974733C636861723E2C20FA
:107EBC007374643A3A616C6C6F6361746F723C6397
:107ECC006861723E203E00007374643A3A697374C0
:107EDC007265616D000000007374643A3A626173FC
:107EEC0069635F6973747265616D3C636861722C60
:107EFC00207374643A3A636861725F747261697476
:107F0C00733C636861723E203E00000062617369DD
:107F1C00635F6973747265616D0000007374643A19
:107F2C003A6F73747265616D000000007374643A8B
:107F3C003A62617369635F6F73747265616D3C6300
:107F4C006861722C207374643A3A636861725F746E
:107F5C0072616974733C636861723E203E0000007C
:107F6C0062617369635F6F73747265616D000000A9
:107F7C007374643A3A696F73747265616D000000D2
:107F8C007374643A3A62617369635F696F73747294
:107F9C0065616D3C636861722C207374643A3A635A
:107FAC006861725F7472616974733C636861723E7C
:107FBC00203E000062617369635F696F7374726560
:107FCC00616D0000614E0000263D00006153000011
:107FDC003D0000006161000026000000616E0000A1
:107FEC0061740000616C69676E6F662000000000B0
:107FFC00617A000063630000636F6E73745F63618A
:10800C007374000028290000636D00002C00000030
:10801C00636F00007E000000645600002F3D0000DE
:10802C006461000064656C6574655B5D2000000034
:10803C006463000064796E616D69635F636173747E
:10804C0000000000646500002A000000646C000061
:10805C0064656C6574652000647300002E2A000052
:10806C0064740000647600002F000000654F00006F
:10807C005E3D0000656F00005E0000006571000051
:10808C003D3D0000664C000066520000666C00002E
:10809C0066720000676500003E3D000067740000DA
:1080AC006C5300003C3C3D003C3D00006C69000002
:1080BC006F70657261746F72222220006C73000005
:1080CC003C3C00006C7400003C0000006D4900005A
:1080DC002D3D00006D4C00002A3D00006D69000034
:1080EC002D0000006D6C00006D6D00002D2D00004A
:1080FC006E6100006E65775B5D0000006E650000D0
:10810C00213D00006E740000210000006E7700001D
:10811C006E6577006F5200007C3D00006F6F0000B1
:10812C007C7C00007C000000704C00002B3D0000AB
:10813C00706C00002B000000706D00002D3E2A00BA
:10814C002B2B000070730000707400002D3E00009B
:10815C003F000000724D0000253D000072530000EE
:10816C003E3E3D00726300007265696E746572700C
:10817C007265745F6361737400000000726D0000BF
:10818C0025000000727300003E3E0000735000009A
:10819C0073697A656F662E2E2E00000073630000E3
:1081AC007374617469635F636173740073697A6576
:1081BC006F662000737A0000747200007468726F2E
:1081CC0077000000747700007468726F77200000ED
:1081DC007369676E6564206368617200626F6F6CAF
:1081EC0000000000626F6F6C65616E006368617205
:1081FC00000000006279746500000000646F756215
:10820C006C6500006C6F6E6720646F75626C650046
:10821C00666C6F61740000005F5F666C6F61743137
:10822C0032380000756E7369676E6564206368612F
:10823C0072000000696E7400756E7369676E656418
:10824C0020696E7400000000756E7369676E65645A
:10825C00000000006C6F6E6700000000756E7369A3
:10826C00676E6564206C6F6E670000005F5F696EFF
:10827C007431323800000000756E7369676E656486
:10828C00205F5F696E7431323800000073686F7262
:10829C0074000000756E7369676E65642073686F97
:1082AC0072740000766F6964000000007763686187
:1082BC00725F74006C6F6E67206C6F6E67000000ED
:1082CC00756E7369676E6564206C6F6E67206C6F7A
:1082DC006E670000646563696D616C333200000089
:1082EC00646563696D616C363400000064656369B4
:1082FC006D616C313238000068616C660000000002
:10830C0063686172385F74006368617231365F74E0
:10831C00000000006368617233325F74000000007B
:10832C006465636C74797065286E756C6C707472AE
:10833C0029000000B479020858830208F478020876
:10834C00B4790208688302084083020853743131FF
:10835C006C6F6769635F6572726F72005374313250
:10836C006C656E6774685F6572726F7200000000F6
:10837C00000000004083020849E4010889E4010878
:10838C0045E40108000000004C8302089DE401084C
:10839C00B1E4010845E4010862617369635F7374B9
:1083AC0072696E673A3A5F535F6372656174650018
:1083BC0062617369635F737472696E673A3A5F5393
:1083CC005F636F6E737472756374206E756C6C2062
:1083DC006E6F742076616C6964000000B801002037
:1083EC000020202020202020202028282828282079
:1083FC002020202020202020202020202020202071
:10840C0020881010101010101010101010101010D8
:10841C0010040404040404040404041010101010C8
:10842C001010414141414141010101010101010192
:10843C0001010101010101010101010110101010E4
:10844C001010424242424242020202020202020264
:10845C0002020202020202020202020210101010B8
:10846C0020000000000000000000000000000000E0
:10847C0000000000000000000000000000000000F0
:10848C0000000000000000000000000000000000E0
:10849C0000000000000000000000000000000000D0
:1084AC0000000000000000000000000000000000C0
:1084BC0000000000000000000000000000000000B0
:1084CC0000000000000000000000000000000000A0
:1084DC000000000000000000000000000000000090
:0484EC00000000008C
:1084F00008B10181B0B000840000000008B1018122
:10850000B0B000840000000008B10181B0B0008468
:108510000000000008B10181B0B00084000000003C
:1085200008B10181B0B000840000000008B10181F1
:10853000B0B000840000000088B20181B0B0AF0C80
:108540000000000008B10181B0B00084000000000C
:1085500008B10181B0B000840000000008B10181C1
:10856000B0B000840000000008B10181B0B0008408
:108570000000000008B10181B0B0008400000000DC
:1085800008B10181B0B000840000000008B1018191
:10859000B0B000840000000008B10181B0B00084D8
:1085A0000000000008B10181B0B0008400000000AC
:1085B00008B10181B0B00084000000005152FF7F7B
:1085C000AB08B100FF1015010C18041E012C04307B
:1085D0000034040000010000000000003152FF7F61
:1085E000B0AD0200FF1021011828040000440484EB
:1085F00001014E0400009401049801009C01040054
:1086000000010000000000000552FF7FB0AE0D0029
:10861000FFFF0110140E0000B80104A80400DA01E5
:10862000DC02000008B10181B0B00084000000004D
:1086300008B10181B0B000840000000008B10181E0
:10864000B0B000840000000008B10181B0B0008427
:1086500000000000AF080181B0B00CB100000000C4
:10866000AD51FF7FA908B100FFFF010008B10181F2
:10867000B0B00084000000009551FF7FB0AF120041
:10868000FF1019011020B0070000F207049809013B
:10869000AA086E0000010000000000007151FF7F79
:1086A00000840200FF1019010C04060A010E0412D6
:1086B000052008000001007F00007D000000000090
:1086C0000000000008B10181B0B00084000000008B
:1086D00008B10181B0B00084000000003151FF7F7B
:1086E000B0AA0100FF10290118323000006C04A468
:1086F0000103762E0000C00118E80100E2010E001F
:10870000000200017D00000000000000E8F1FFFF12
:1087100008B10181B0B0008400000000F150FF7F7B
:10872000B0A80100FFFF010810041E001A0E00008F
:10873000DD50FF7FB0A80100FFFF010810041E00FC
:108740001A0E0000C950FF7F80C90401B0B0B0AF5D
:10875000FF1019010F360A4001900142D80100E0D4
:10876000010400000100000000000000A150FF7F94
:10877000B0A80100FFFF01080E0418001E0400004D
:1087800008B10181B0B000840000000008B101818F
:10879000B0B000840000000008B10181B0B00084D6
:0487A00000000000D5
:1087A400A4F4FD7F01000000F8F7FD7FB0A902806A
:1087B4008CF8FD7FB0B0A880DCF8FD7F01000000DC
:1087C400E8F8FD7FB0B0AA801CF9FD7FAE71B280DD
:1087D400E0F9FD7F01000000DCF9FD7FAB3F38804C
:1087E40034FAFD7F0100000040FAFD7FB0B0AA809A
:1087F4007CFAFD7F0100000024FBFD7FAB0EB280FC
:1088040094FBFD7FB0AF088034FEFD7F01000000C3
:1088140038FEFD7FAD3F0280A800FE7F010000000E
:108824008402FE7F008404809802FE7F0100000021
:108834009402FE7FB0AD04802805FE7FB0A80380BB
:108844004C05FE7F44FFFF7F5005FE7F48FFFF7FFE
:108854005C05FE7F010000005805FE7F0084028055
:10886400A805FE7F88FCFF7FC005FE7F8CFCFF7F90
:10887400CE05FE7FA908B180F205FE7F010000004D
:108884000206FE7F80FCFF7F0406FE7F01000000DD
:108894001C06FE7F7CFCFF7F5C06FE7F00840A8052
:1088A400AC06FE7F78FCFF7FDC06FE7F0100000043
:1088B4002807FE7FB0AA01803008FE7F0084048070
:1088C4006C08FE7F010000009C0CFE7FA908B180AB
:1088D400DC0CFE7F54FCFF7FE80CFE7F58FCFF7F1E
:1088E400D035FE7F01000000CC35FE7FB0A80180AA
:1088F4006436FE7FB0B0AA80A836FE7FB0A801809F
:108904002037FE7F3CFCFF7F3C37FE7F01000000E8
:108914004437FE7FAD08B180683BFE7FB0B0A880CD
:10892400983BFE7FA908B180E03BFE7FB0A902809E
:108934001C3CFE7FB0B0AA80443DFE7FB0A90480F9
:10894400C03DFE7F01000000C03DFE7FB0A9048051
:10895400583EFE7FB0B0A880D03EFE7FF0FBFF7F84
:10896400D83EFE7FF4FBFF7FDE3EFE7FF8FBFF7FF9
:10897400E63EFE7FFCFBFF7FEC3EFE7F00FCFF7FBC
:10898400F43EFE7F04FCFF7FFA3EFE7F08FCFF7F7F
:10899400023FFE7F0CFCFF7F083FFE7FB0B0A88043
:1089A4003C3FFE7F01000000986BFE7FB0AB02806D
:1089B400EC6BFE7FB0AE1F80DC71FE7FB0B0A88090
:1089C4005872FE7FB0A90280B872FE7FA908B180F8
:1089D4000873FE7FAB08B1805473FE7FB0AC038094
:1089E400B873FE7FB0AB04800C74FE7FB0A9108016
:1089F4003474FE7FB0A801807C74FE7FB0AA01802D
:108A04002C75FE7FB0AC0180EC75FE7FB0B0A88001
:108A14000C76FE7FB0A904805C76FE7F0100000026
:108A24007476FE7FB0AB08802C77FE7FB0AE0180F9
:108A34000C78FE7FB0B0AA808078FE7FB0A8018059
:108A4400BC78FE7F01000000F878FE7F60FBFF7FAA
:108A54001479FE7F010000002879FE7FB0B0A88061
:108A64008C79FE7FB0B0AA80607BFE7FAB08B180BA
:108A7400807BFE7F01000000807BFE7FB0AA018026
:108A8400747CFE7F01000000D47CFE7FB0B0AA801D
:108A9400447DFE7FB0AC0180147EFE7F01000000A7
:108AA400227EFE7F14FBFF7F547EFE7F2CFBFF7F24
:108AB400EC7EFE7F50FBFF7F4881FE7FB0B0A88034
:108AC4006481FE7F010000006C81FE7F00840480CD
:108AD400A881FE7FAB08B180D881FE7F44FBFF7F75
:108AE400E481FE7F01000000EC81FE7FB0B0A8802D
:108AF4006882FE7F01000000D884FE7FB0A9188040
:108B04007887FE7FB0AF0E80EC8BFE7F0100000003
:108B14003C8CFE7FB0A807809C8CFE7FB0AC0980A3
:108B2400108EFE7FB0A80580448EFE7F01000000F9
:108B3400748FFE7F00840280BC8FFE7FB0A9028008
:108B44008C91FE7FB0AB10806093FE7FB0A904804F
:108B54004494FE7F010000000095FE7FD0FAFF7F61
:108B64001C95FE7FB0B0AA808095FE7FCCFAFF7F73
:108B74008895FE7F00840480BC95FE7FB0AB0480A2
:108B8400F896FE7F008402806897FE7F0100000053
:108B94008497FE7FB0A90680CC98FE7F0100000078
:108BA4000899FE7F008402804499FE7FB0AF028062
:108BB4000C9AFE7FB0A80580749AFE7F008408801A
:108BC400DC9AFE7F01000000009BFE7FB0AA0380B8
:108BD4009C9BFE7F70FAFF7FA49BFE7F74FAFF7F4D
:108BE400789CFE7FB0AC0180209DFE7F01000000D8
:108BF400349DFE7FB0A90480009EFE7F0084048023
:108C04003C9EFE7FB0A80180849EFE7F0100000090
:108C14007446FF7FB0AA0380A446FF7F01000000D2
:108C24007447FF7FB0AB02802C48FF7F0100000037
:108C3400F848FF7F28FAFF7F6C49FF7F010000009E
:108C44001C4AFF7FAB08B180DC4AFF7F1CFAFF7F20
:108C5400244BFF7FAB08B180B04BFF7F18FAFF7F36
:108C64004850FF7F34FAFF7F6850FF7F0100000007
:108C74007450FF7F4CFAFF7F7450FF7F50FAFF7FE0
:108C84008050FF7F010000009850FF7F0084028025
:108C9400DC50FF7F010000002C51FF7FB0A902804F
:108CA4005C51FF7FB0B0A880C451FF7F0100000079
:108CB400B052FF7FB0B0AC80D452FF7F01000000FF
:108CC4000053FF7F14FAFF7F0454FF7F40FAFF7FB5
:108CD4001C54FF7F44FAFF7F4454FF7F50FAFF7F08
:108CE4006C54FF7F010000004C56FF7F54FAFF7F55
:108CF4003457FF7F01000000D057FF7F6CFAFF7FDD
:108D0400F057FF7FB0B0A8806858FF7FB0B0AA804A
:108D1400AC58FF7F01000000A858FF7F60FAFF7F76
:108D2400C458FF7FB0A90280EC58FF7F0100000007
:108D3400FDFC010825020008290C0108A1260108F0
:088D4400912A0108B5E20108C3
:048D4C000102000818
:108D500000000000040D0208EC0D0208040E0208D9
:108D6000C80E0208E00E0208FC0E0208180F0208E6
:108D7000340F0208480F0208600F0208320000009A
:108D8000DC100208E8100208F810020804110208BA
:108D900014110208241102083411020800FF000017
:108DA0000001000070FE20030000000000FF000032
:108DB0000000FFFF0000000000000000FFFFFFFFB9
:108DC00000000000042B0020042B0020B02A00200B
:108DD000BE2A0020010000000000000050610208CF
:108DE000008302200000000000000000E5DC000815
:108DF000EDE2000855DD000891E10008A1E000085F
:108E0000B1DF0008D5DE0008F9DD00080100000030
:108E1000706102084C830220000000000000000086
:108E200089D1000881E20008F9D1000851D6000874
:108E300061D5000869D4000869D300088DD2000804
:108E40000200000060610208988302200000000018
:108E50000000000035D70008B5E20008A9D70008D7
:108E600001DC000811DB000821DA000821D9000824
:108E700045D800083DE7000841E80008C9E70008B8
:108E80004DE70008FFFFFFFF607202080008024084
:108E900000010000907202080000000000000000C5
:108EA000647202080008024000100000707202089C
:108EB000000000000000000068720208000002408C
:108EC000000800009072020800000000000000008E
:108ED0006C7202080000024000100000707202086C
:108EE00000000000000000000024F400AAAAAAAAC2
:108EF0000100000010000000FF000000D5DC0108A8
:108F0000C5DF0108B801002000000000A404002013
:108F10000C05002074050020000000000000000087
:108F20000000000000000000000000000000000041
:108F30000000000000000000000000000000000031
:108F40000000000000000000000000000000000021
:108F50000000000000000000000000000000000011
:108F60000000000000000000000000000000000001
:108F700000000000000000000000000000000000F1
:108F800000000000000000000000000000000000E1
:108F900000000000000000000000000000000000D1
:108FA00000000000000000000000000000000000C1
:108FB00001000000000000000E33CDAB34126DE65E
:108FC000ECDE05000B0000000000000000000000C7
:108FD0000000000000000000000000000000000091
:108FE0000000000000000000000000000000000081
:108FF0000000000000000000000000000000000071
:109000000000000000000000000000000000000060
:109010000000000000000000000000000000000050
:109020000000000000000000000000000000000040
:109030000000000000000000000000000000000030
:109040000000000000000000000000000000000020
:109050000000000000000000000000000000000010
:109060000000000000000000000000000000000000
:1090700000000000000000000000000000000000F0
:1090800000000000000000000000000000000000E0
:1090900000000000000000000000000000000000D0
:1090A00000000000000000000000000000000000C0
:1090B00000000000000000000000000000000000B0
:1090C00000000000000000000000000000000000A0
:1090D0000000000000000000000000000000000090
:1090E0000000000000000000000000000000000080
:1090F0000000000000000000000000000000000070
:10910000000000000000000000000000000000005F
:10911000000000000000000000000000000000004F
:10912000000000000000000000000000000000003F
:10913000000000000000000000000000000000002F
:10914000000000000000000000000000000000001F
:10915000000000000000000000000000000000000F
:1091600000000000000000000000000000000000FF
:1091700000000000000000000000000000000000EF
:1091800000000000000000000000000000000000DF
:1091900000000000000000000000000000000000CF
:1091A00000000000000000000000000000000000BF
:1091B00000000000000000000000000000000000AF
:1091C000000000000000000000000000000000009F
:1091D000000000000000000000000000000000008F
:1091E000000000000000000000000000000000007F
:1091F000000000000000000000000000000000006F
:10920000000000000000000000000000000000005E
:10921000000000000000000000000000000000004E
:10922000000000000000000000000000000000003E
:10923000000000000000000000000000000000002E
:10924000000000000000000000000000000000001E
:10925000000000000000000000000000000000000E
:1092600000000000000000000000000000000000FE
:1092700000000000000000000000000000000000EE
:1092800000000000000000000000000000000000DE
:1092900000000000000000000000000000000000CE
:1092A00000000000000000000000000000000000BE
:1092B00000000000000000000000000000000000AE
:1092C000000000000000000000000000000000009E
:1092D000000000000000000000000000000000008E
:1092E000000000000000000000000000000000007E
:1092F000000000000000000000000000000000006E
:10930000000000000000000000000000000000005D
:10931000000000000000000000000000000000004D
:10932000000000000000000000000000000000003D
:109330000000000000000000E0050020E005002023
:10934000E8050020E8050020F0050020F0050020D9
:10935000F8050020F8050020000600200006002087
:109360000806002008060020100600201006002035
:1093700018060020180600202006002020060020E5
:109380002806002028060020300600203006002095
:109390003806002038060020400600204006002045
:1093A00048060020480600205006002050060020F5
:1093B00058060020580600206006002060060020A5
:1093C0006806002068060020700600207006002055
:1093D0007806002078060020800600208006002005
:1093E00088060020880600209006002090060020B5
:1093F0009806002098060020A0060020A006002065
:10940000A8060020A8060020B0060020B006002014
:10941000B8060020B8060020C0060020C0060020C4
:10942000C8060020C8060020D0060020D006002074
:10943000D8060020D8060020E0060020E006002024
:10944000E8060020E8060020F0060020F0060020D4
:10945000F8060020F8060020000700200007002082
:109460000807002008070020100700201007002030
:1094700018070020180700202007002020070020E0
:109480002807002028070020300700203007002090
:109490003807002038070020400700204007002040
:1094A00048070020480700205007002050070020F0
:1094B00058070020580700206007002060070020A0
:1094C0006807002068070020700700207007002050
:1094D0007807002078070020800700208007002000
:1094E00088070020880700209007002090070020B0
:1094F0009807002098070020A0070020A007002060
:10950000A8070020A8070020B0070020B00700200F
:10951000B8070020B8070020C0070020C0070020BF
:10952000C8070020C8070020D0070020D00700206F
:10953000D8070020D8070020E0070020E00700201F
:10954000E8070020E8070020F0070020F0070020CF
:10955000F8070020F807002000080020000800207D
:10956000080800200808002010080020100800202B
:1095700018080020180800202008002020080020DB
:10958000280800202808002030080020300800208B
:10959000380800203808002040080020400800203B
:1095A00048080020480800205008002050080020EB
:1095B000580800205808002060080020600800209B
:1095C000680800206808002070080020700800204B
:1095D00078080020780800208008002080080020FB
:1095E00088080020880800209008002090080020AB
:1095F0009808002098080020A0080020A00800205B
:10960000A8080020A8080020B0080020B00800200A
:10961000B8080020B8080020C0080020C0080020BA
:10962000C8080020C8080020D0080020D00800206A
:10963000D8080020D8080020E0080020E00800201A
:10964000E8080020E8080020F0080020F0080020CA
:10965000F8080020F8080020000900200009002078
:109660000809002008090020100900201009002026
:1096700018090020180900202009002020090020D6
:109680002809002028090020300900203009002086
:109690003809002038090020400900204009002036
:1096A00048090020480900205009002050090020E6
:1096B0005809002058090020600900206009002096
:1096C0006809002068090020700900207009002046
:1096D00078090020780900208009002080090020F6
:1096E00088090020880900209009002090090020A6
:1096F0009809002098090020A0090020A009002056
:10970000A8090020A8090020B0090020B009002005
:10971000B8090020B8090020C0090020C0090020B5
:10972000C8090020C8090020D0090020D009002065
:10973000D8090020D8090020FFFFFFFF0000020029
:04974000308B022048
:0400000508008F89D7
:00000001FF
